URL,Home Team,Away Team,date,Card Type,Side,Player,Elapsed Time,Added Time
https://www.xscores.com/soccer/match/manchester-united-vs-leeds/14-08-2021/319121,Manchester United,Leeds,2021-08-14T12:30:00,Yellow card,away,Liam Cooper,59,0
https://www.xscores.com/soccer/match/manchester-united-vs-leeds/14-08-2021/319121,Manchester United,Leeds,2021-08-14T12:30:00,Yellow card,away,Raphinha,62,0
https://www.xscores.com/soccer/match/manchester-united-vs-leeds/14-08-2021/319121,Manchester United,Leeds,2021-08-14T12:30:00,Yellow card,home,Luke Shaw,83,0
https://www.xscores.com/soccer/match/burnley-vs-brighton/14-08-2021/319117,Burnley,Brighton,2021-08-14T15:00:00,Yellow card,home,Johann Berg Gudmundsson,9,0
https://www.xscores.com/soccer/match/burnley-vs-brighton/14-08-2021/319117,Burnley,Brighton,2021-08-14T15:00:00,Yellow card,home,James Tarkowski,13,0
https://www.xscores.com/soccer/match/burnley-vs-brighton/14-08-2021/319117,Burnley,Brighton,2021-08-14T15:00:00,Yellow card,away,Neal Maupay,26,0
https://www.xscores.com/soccer/match/everton-vs-southampton/14-08-2021/319119,Everton,Southampton,2021-08-14T15:00:00,Yellow card,home,Richarlison,30,0
https://www.xscores.com/soccer/match/everton-vs-southampton/14-08-2021/319119,Everton,Southampton,2021-08-14T15:00:00,Yellow card,home,Abdoulaye Doucoure,77,0
https://www.xscores.com/soccer/match/leicester-vs-wolverhampton/14-08-2021/319120,Leicester,Wolverhampton,2021-08-14T15:00:00,Yellow card,away,Fernando Marcal,59,0
https://www.xscores.com/soccer/match/leicester-vs-wolverhampton/14-08-2021/319120,Leicester,Wolverhampton,2021-08-14T15:00:00,Yellow card,away,Ki-Jana Hoever,76,0
https://www.xscores.com/soccer/match/leicester-vs-wolverhampton/14-08-2021/319120,Leicester,Wolverhampton,2021-08-14T15:00:00,Yellow card,home,Jamie Vardy,90,1
https://www.xscores.com/soccer/match/watford-vs-aston-villa/14-08-2021/319125,Watford,Aston Villa,2021-08-14T15:00:00,Yellow card,home,Juraj Kucka,23,0
https://www.xscores.com/soccer/match/watford-vs-aston-villa/14-08-2021/319125,Watford,Aston Villa,2021-08-14T15:00:00,Yellow card,away,Tyrone Mings,54,0
https://www.xscores.com/soccer/match/watford-vs-aston-villa/14-08-2021/319125,Watford,Aston Villa,2021-08-14T15:00:00,Yellow card,home,Ken Sema,55,0
https://www.xscores.com/soccer/match/watford-vs-aston-villa/14-08-2021/319125,Watford,Aston Villa,2021-08-14T15:00:00,Yellow card,home,Oghenekaro Etebo,86,0
https://www.xscores.com/soccer/match/norwich-vs-liverpool/14-08-2021/319123,Norwich,Liverpool,2021-08-14T17:30:00,Yellow card,away,James Milner,25,0
https://www.xscores.com/soccer/match/norwich-vs-liverpool/14-08-2021/319123,Norwich,Liverpool,2021-08-14T17:30:00,Yellow card,home,Todd Cantwell,53,0
https://www.xscores.com/soccer/match/newcastle-vs-west-ham/15-08-2021/319122,Newcastle,West Ham,2021-08-15T14:00:00,Yellow card,home,Jonjo Shelvey,51,0
https://www.xscores.com/soccer/match/tottenham-vs-manchester-city/15-08-2021/319124,Tottenham,Manchester City,2021-08-15T16:30:00,Yellow card,home,Lucas Moura,66,0
https://www.xscores.com/soccer/match/tottenham-vs-manchester-city/15-08-2021/319124,Tottenham,Manchester City,2021-08-15T16:30:00,Yellow card,away,Jack Grealish,90,1
https://www.xscores.com/soccer/match/tottenham-vs-manchester-city/15-08-2021/319124,Tottenham,Manchester City,2021-08-15T16:30:00,Yellow card,home,Davinson Sanchez,90,1
https://www.xscores.com/soccer/match/aston-villa-vs-newcastle/21-08-2021/319127,Aston Villa,Newcastle,2021-08-21T15:00:00,Yellow card,away,Callum Wilson,41,0
https://www.xscores.com/soccer/match/aston-villa-vs-newcastle/21-08-2021/319127,Aston Villa,Newcastle,2021-08-21T15:00:00,Yellow card,away,Isaac Hayden,45,0
https://www.xscores.com/soccer/match/aston-villa-vs-newcastle/21-08-2021/319127,Aston Villa,Newcastle,2021-08-21T15:00:00,Yellow card,home,Douglas Luiz,45,1
https://www.xscores.com/soccer/match/aston-villa-vs-newcastle/21-08-2021/319127,Aston Villa,Newcastle,2021-08-21T15:00:00,Yellow card,away,Jacob Murphy,57,0
https://www.xscores.com/soccer/match/aston-villa-vs-newcastle/21-08-2021/319127,Aston Villa,Newcastle,2021-08-21T15:00:00,Yellow card,home,Emiliano Martinez,75,0
https://www.xscores.com/soccer/match/aston-villa-vs-newcastle/21-08-2021/319127,Aston Villa,Newcastle,2021-08-21T15:00:00,Yellow card,away,Fabian Schaer,84,0
https://www.xscores.com/soccer/match/aston-villa-vs-newcastle/21-08-2021/319127,Aston Villa,Newcastle,2021-08-21T15:00:00,Yellow card,home,Emiliano Buendia,85,0
https://www.xscores.com/soccer/match/crystal-palace-vs-brentford/21-08-2021/319129,Crystal Palace,Brentford,2021-08-21T15:00:00,Yellow card,home,Joachim Andersen,29,0
https://www.xscores.com/soccer/match/crystal-palace-vs-brentford/21-08-2021/319129,Crystal Palace,Brentford,2021-08-21T15:00:00,Yellow card,away,Christian Noergaard,52,0
https://www.xscores.com/soccer/match/crystal-palace-vs-brentford/21-08-2021/319129,Crystal Palace,Brentford,2021-08-21T15:00:00,Yellow card,home,Christian Benteke,59,0
https://www.xscores.com/soccer/match/crystal-palace-vs-brentford/21-08-2021/319129,Crystal Palace,Brentford,2021-08-21T15:00:00,Yellow card,home,Joel Ward,76,0
https://www.xscores.com/soccer/match/leeds-vs-everton/21-08-2021/319130,Leeds,Everton,2021-08-21T15:00:00,Yellow card,home,Liam Cooper,28,0
https://www.xscores.com/soccer/match/leeds-vs-everton/21-08-2021/319130,Leeds,Everton,2021-08-21T15:00:00,Yellow card,home,Patrick Bamford,37,0
https://www.xscores.com/soccer/match/leeds-vs-everton/21-08-2021/319130,Leeds,Everton,2021-08-21T15:00:00,Yellow card,away,Yerry Mina,37,0
https://www.xscores.com/soccer/match/leeds-vs-everton/21-08-2021/319130,Leeds,Everton,2021-08-21T15:00:00,Yellow card,away,Lucas Digne,68,0
https://www.xscores.com/soccer/match/leeds-vs-everton/21-08-2021/319130,Leeds,Everton,2021-08-21T15:00:00,Yellow card,away,Seamus Coleman,77,0
https://www.xscores.com/soccer/match/leeds-vs-everton/21-08-2021/319130,Leeds,Everton,2021-08-21T15:00:00,Yellow card,away,Abdoulaye Doucoure,82,0
https://www.xscores.com/soccer/match/manchester-city-vs-norwich/21-08-2021/319132,Manchester City,Norwich,2021-08-21T15:00:00,Yellow card,home,Ilkay Gundogan,39,0
https://www.xscores.com/soccer/match/brighton-vs-watford/21-08-2021/319128,Brighton,Watford,2021-08-21T17:30:00,Yellow card,home,Adam Webster,62,0
https://www.xscores.com/soccer/match/brighton-vs-watford/21-08-2021/319128,Brighton,Watford,2021-08-21T17:30:00,Yellow card,home,Shane Duffy,65,0
https://www.xscores.com/soccer/match/brighton-vs-watford/21-08-2021/319128,Brighton,Watford,2021-08-21T17:30:00,Yellow card,home,Enock Mwepu,86,0
https://www.xscores.com/soccer/match/brighton-vs-watford/21-08-2021/319128,Brighton,Watford,2021-08-21T17:30:00,Yellow card,home,Solly March,90,1
https://www.xscores.com/soccer/match/southampton-vs-manchester-united/22-08-2021/319133,Southampton,Manchester United,2021-08-22T14:00:00,Yellow card,away,Bruno Fernandes,31,0
https://www.xscores.com/soccer/match/southampton-vs-manchester-united/22-08-2021/319133,Southampton,Manchester United,2021-08-22T14:00:00,Yellow card,home,Moussa Djenepo,51,0
https://www.xscores.com/soccer/match/southampton-vs-manchester-united/22-08-2021/319133,Southampton,Manchester United,2021-08-22T14:00:00,Yellow card,away,Harry Maguire,76,0
https://www.xscores.com/soccer/match/southampton-vs-manchester-united/22-08-2021/319133,Southampton,Manchester United,2021-08-22T14:00:00,Yellow card,away,Paul Pogba,90,2
https://www.xscores.com/soccer/match/southampton-vs-manchester-united/22-08-2021/319133,Southampton,Manchester United,2021-08-22T14:00:00,Yellow card,home,Jack Stephens,90,3
https://www.xscores.com/soccer/match/wolverhampton-vs-tottenham/22-08-2021/319135,Wolverhampton,Tottenham,2021-08-22T14:00:00,Yellow card,away,Japhet Tanganga,38,0
https://www.xscores.com/soccer/match/wolverhampton-vs-tottenham/22-08-2021/319135,Wolverhampton,Tottenham,2021-08-22T14:00:00,Yellow card,away,Oliver Skipp,44,0
https://www.xscores.com/soccer/match/wolverhampton-vs-tottenham/22-08-2021/319135,Wolverhampton,Tottenham,2021-08-22T14:00:00,Yellow card,home,Raul Jimenez,57,0
https://www.xscores.com/soccer/match/wolverhampton-vs-tottenham/22-08-2021/319135,Wolverhampton,Tottenham,2021-08-22T14:00:00,Yellow card,away,Pierre-Emile Hoejbjerg,85,0
https://www.xscores.com/soccer/match/wolverhampton-vs-tottenham/22-08-2021/319135,Wolverhampton,Tottenham,2021-08-22T14:00:00,Yellow card,away,Harry Kane,90,1
https://www.xscores.com/soccer/match/arsenal-vs-chelsea/22-08-2021/319126,Arsenal,Chelsea,2021-08-22T16:30:00,Yellow card,home,Pablo Mari,34,0
https://www.xscores.com/soccer/match/arsenal-vs-chelsea/22-08-2021/319126,Arsenal,Chelsea,2021-08-22T16:30:00,Yellow card,home,Rob Holding,45,0
https://www.xscores.com/soccer/match/arsenal-vs-chelsea/22-08-2021/319126,Arsenal,Chelsea,2021-08-22T16:30:00,Yellow card,home,Albert Sambi Lokonga,67,0
https://www.xscores.com/soccer/match/west-ham-vs-leicester/23-08-2021/319134,West Ham,Leicester,2021-08-23T20:00:00,Red card,away,Ayoze Perez,40,0
https://www.xscores.com/soccer/match/west-ham-vs-leicester/23-08-2021/319134,West Ham,Leicester,2021-08-23T20:00:00,Yellow card,away,Ricardo Pereira,71,0
https://www.xscores.com/soccer/match/manchester-city-vs-arsenal/28-08-2021/319140,Manchester City,Arsenal,2021-08-28T12:30:00,Yellow card,away,Cedric Soares,24,0
https://www.xscores.com/soccer/match/manchester-city-vs-arsenal/28-08-2021/319140,Manchester City,Arsenal,2021-08-28T12:30:00,Yellow card,away,Sead Kolasinac,28,0
https://www.xscores.com/soccer/match/manchester-city-vs-arsenal/28-08-2021/319140,Manchester City,Arsenal,2021-08-28T12:30:00,Red card,away,Granit Xhaka,35,0
https://www.xscores.com/soccer/match/manchester-city-vs-arsenal/28-08-2021/319140,Manchester City,Arsenal,2021-08-28T12:30:00,Yellow card,home,Rodri,67,0
https://www.xscores.com/soccer/match/aston-villa-vs-brentford/28-08-2021/319136,Aston Villa,Brentford,2021-08-28T15:00:00,Yellow card,home,Anwar El-Ghazi,50,0
https://www.xscores.com/soccer/match/aston-villa-vs-brentford/28-08-2021/319136,Aston Villa,Brentford,2021-08-28T15:00:00,Yellow card,away,Ivan Toney,52,0
https://www.xscores.com/soccer/match/aston-villa-vs-brentford/28-08-2021/319136,Aston Villa,Brentford,2021-08-28T15:00:00,Yellow card,away,Christian Noergaard,60,0
https://www.xscores.com/soccer/match/aston-villa-vs-brentford/28-08-2021/319136,Aston Villa,Brentford,2021-08-28T15:00:00,Yellow card,home,Matty Cash,61,0
https://www.xscores.com/soccer/match/aston-villa-vs-brentford/28-08-2021/319136,Aston Villa,Brentford,2021-08-28T15:00:00,Yellow card,home,Danny Ings,72,0
https://www.xscores.com/soccer/match/aston-villa-vs-brentford/28-08-2021/319136,Aston Villa,Brentford,2021-08-28T15:00:00,Yellow card,away,Vitaly Janelt,75,0
https://www.xscores.com/soccer/match/brighton-vs-everton/28-08-2021/319137,Brighton,Everton,2021-08-28T15:00:00,Yellow card,home,Yves Bissouma,61,0
https://www.xscores.com/soccer/match/brighton-vs-everton/28-08-2021/319137,Brighton,Everton,2021-08-28T15:00:00,Yellow card,away,Richarlison,62,0
https://www.xscores.com/soccer/match/brighton-vs-everton/28-08-2021/319137,Brighton,Everton,2021-08-28T15:00:00,Yellow card,away,Jordan Pickford,83,0
https://www.xscores.com/soccer/match/newcastle-vs-southampton/28-08-2021/319141,Newcastle,Southampton,2021-08-28T15:00:00,Yellow card,away,Kyle Walker-Peters,30,0
https://www.xscores.com/soccer/match/newcastle-vs-southampton/28-08-2021/319141,Newcastle,Southampton,2021-08-28T15:00:00,Yellow card,home,Fabian Schaer,40,0
https://www.xscores.com/soccer/match/newcastle-vs-southampton/28-08-2021/319141,Newcastle,Southampton,2021-08-28T15:00:00,Yellow card,away,Moussa Djenepo,56,0
https://www.xscores.com/soccer/match/newcastle-vs-southampton/28-08-2021/319141,Newcastle,Southampton,2021-08-28T15:00:00,Yellow card,away,James Ward-Prowse,79,0
https://www.xscores.com/soccer/match/newcastle-vs-southampton/28-08-2021/319141,Newcastle,Southampton,2021-08-28T15:00:00,Yellow card,home,Allan Saint-Maximin,90,1
https://www.xscores.com/soccer/match/newcastle-vs-southampton/28-08-2021/319141,Newcastle,Southampton,2021-08-28T15:00:00,Yellow card,home,Jamaal Lascelles,90,5
https://www.xscores.com/soccer/match/norwich-vs-leicester/28-08-2021/319142,Norwich,Leicester,2021-08-28T15:00:00,Yellow card,home,Pierre Lees-Melou,25,0
https://www.xscores.com/soccer/match/norwich-vs-leicester/28-08-2021/319142,Norwich,Leicester,2021-08-28T15:00:00,Yellow card,away,Marc Albrighton,69,0
https://www.xscores.com/soccer/match/norwich-vs-leicester/28-08-2021/319142,Norwich,Leicester,2021-08-28T15:00:00,Yellow card,home,Todd Cantwell,82,0
https://www.xscores.com/soccer/match/west-ham-vs-crystal-palace/28-08-2021/319144,West Ham,Crystal Palace,2021-08-28T15:00:00,Yellow card,home,Declan Rice,90,1
https://www.xscores.com/soccer/match/liverpool-vs-chelsea/28-08-2021/319139,Liverpool,Chelsea,2021-08-28T17:30:00,Red card,away,Reece James,45,3
https://www.xscores.com/soccer/match/liverpool-vs-chelsea/28-08-2021/319139,Liverpool,Chelsea,2021-08-28T17:30:00,Yellow card,away,Antonio Ruediger,45,3
https://www.xscores.com/soccer/match/liverpool-vs-chelsea/28-08-2021/319139,Liverpool,Chelsea,2021-08-28T17:30:00,Yellow card,away,Edouard Mendy,45,5
https://www.xscores.com/soccer/match/burnley-vs-leeds/29-08-2021/319138,Burnley,Leeds,2021-08-29T14:00:00,Yellow card,home,Josh Brownhill,19,0
https://www.xscores.com/soccer/match/burnley-vs-leeds/29-08-2021/319138,Burnley,Leeds,2021-08-29T14:00:00,Yellow card,home,Ashley Barnes,28,0
https://www.xscores.com/soccer/match/burnley-vs-leeds/29-08-2021/319138,Burnley,Leeds,2021-08-29T14:00:00,Yellow card,away,Kalvin Phillips,38,0
https://www.xscores.com/soccer/match/burnley-vs-leeds/29-08-2021/319138,Burnley,Leeds,2021-08-29T14:00:00,Yellow card,home,Ben Mee,45,1
https://www.xscores.com/soccer/match/burnley-vs-leeds/29-08-2021/319138,Burnley,Leeds,2021-08-29T14:00:00,Yellow card,away,Rodrigo,53,0
https://www.xscores.com/soccer/match/burnley-vs-leeds/29-08-2021/319138,Burnley,Leeds,2021-08-29T14:00:00,Yellow card,away,Pascal Struijk,81,0
https://www.xscores.com/soccer/match/burnley-vs-leeds/29-08-2021/319138,Burnley,Leeds,2021-08-29T14:00:00,Yellow card,home,Aaron Lennon,90,0
https://www.xscores.com/soccer/match/tottenham-vs-watford/29-08-2021/319143,Tottenham,Watford,2021-08-29T14:00:00,Yellow card,away,Oghenekaro Etebo,29,0
https://www.xscores.com/soccer/match/tottenham-vs-watford/29-08-2021/319143,Tottenham,Watford,2021-08-29T14:00:00,Yellow card,home,Harry Kane,45,0
https://www.xscores.com/soccer/match/tottenham-vs-watford/29-08-2021/319143,Tottenham,Watford,2021-08-29T14:00:00,Yellow card,away,Moussa Sissoko,54,0
https://www.xscores.com/soccer/match/tottenham-vs-watford/29-08-2021/319143,Tottenham,Watford,2021-08-29T14:00:00,Yellow card,home,Dele Alli,61,0
https://www.xscores.com/soccer/match/tottenham-vs-watford/29-08-2021/319143,Tottenham,Watford,2021-08-29T14:00:00,Yellow card,home,Oliver Skipp,85,0
https://www.xscores.com/soccer/match/tottenham-vs-watford/29-08-2021/319143,Tottenham,Watford,2021-08-29T14:00:00,Yellow card,away,Emmanuel Dennis,90,4
https://www.xscores.com/soccer/match/wolverhampton-vs-manchester-united/29-08-2021/319145,Wolverhampton,Manchester United,2021-08-29T16:30:00,Yellow card,away,Bruno Fernandes,44,0
https://www.xscores.com/soccer/match/wolverhampton-vs-manchester-united/29-08-2021/319145,Wolverhampton,Manchester United,2021-08-29T16:30:00,Yellow card,home,Ruben Neves,81,0
https://www.xscores.com/soccer/match/wolverhampton-vs-manchester-united/29-08-2021/319145,Wolverhampton,Manchester United,2021-08-29T16:30:00,Yellow card,away,Fred,84,0
https://www.xscores.com/soccer/match/wolverhampton-vs-manchester-united/29-08-2021/319145,Wolverhampton,Manchester United,2021-08-29T16:30:00,Yellow card,home,Romain Saiss,84,0
https://www.xscores.com/soccer/match/wolverhampton-vs-manchester-united/29-08-2021/319145,Wolverhampton,Manchester United,2021-08-29T16:30:00,Yellow card,home,Morgan Gibbs-White,90,2
https://www.xscores.com/soccer/match/wolverhampton-vs-manchester-united/29-08-2021/319145,Wolverhampton,Manchester United,2021-08-29T16:30:00,Yellow card,away,Paul Pogba,90,3
https://www.xscores.com/soccer/match/wolverhampton-vs-manchester-united/29-08-2021/319145,Wolverhampton,Manchester United,2021-08-29T16:30:00,Yellow card,away,Diogo Dalot,90,3
https://www.xscores.com/soccer/match/crystal-palace-vs-tottenham/11-09-2021/319149,Crystal Palace,Tottenham,2021-09-11T12:30:00,Yellow card,away,Japhet Tanganga,53,0
https://www.xscores.com/soccer/match/crystal-palace-vs-tottenham/11-09-2021/319149,Crystal Palace,Tottenham,2021-09-11T12:30:00,Yellow card,home,Wilfried Zaha,53,0
https://www.xscores.com/soccer/match/crystal-palace-vs-tottenham/11-09-2021/319149,Crystal Palace,Tottenham,2021-09-11T12:30:00,Yellow card 2,away,Japhet Tanganga,58,0
https://www.xscores.com/soccer/match/crystal-palace-vs-tottenham/11-09-2021/319149,Crystal Palace,Tottenham,2021-09-11T12:30:00,Yellow card,away,Lucas Moura,81,0
https://www.xscores.com/soccer/match/crystal-palace-vs-tottenham/11-09-2021/319149,Crystal Palace,Tottenham,2021-09-11T12:30:00,Yellow card,home,Conor Gallagher,89,0
https://www.xscores.com/soccer/match/arsenal-vs-norwich/11-09-2021/319146,Arsenal,Norwich,2021-09-11T15:00:00,Yellow card,away,Max Aarons,42,0
https://www.xscores.com/soccer/match/arsenal-vs-norwich/11-09-2021/319146,Arsenal,Norwich,2021-09-11T15:00:00,Yellow card,away,Grant Hanley,48,0
https://www.xscores.com/soccer/match/arsenal-vs-norwich/11-09-2021/319146,Arsenal,Norwich,2021-09-11T15:00:00,Yellow card,home,Ben White,88,0
https://www.xscores.com/soccer/match/brentford-vs-brighton/11-09-2021/319147,Brentford,Brighton,2021-09-11T15:00:00,Yellow card,home,Sergi Canos,6,0
https://www.xscores.com/soccer/match/brentford-vs-brighton/11-09-2021/319147,Brentford,Brighton,2021-09-11T15:00:00,Yellow card,home,Bryan Mbeumo,17,0
https://www.xscores.com/soccer/match/brentford-vs-brighton/11-09-2021/319147,Brentford,Brighton,2021-09-11T15:00:00,Yellow card,away,Joel Veltman,55,0
https://www.xscores.com/soccer/match/brentford-vs-brighton/11-09-2021/319147,Brentford,Brighton,2021-09-11T15:00:00,Yellow card,away,Shane Duffy,57,0
https://www.xscores.com/soccer/match/brentford-vs-brighton/11-09-2021/319147,Brentford,Brighton,2021-09-11T15:00:00,Yellow card,home,Kristoffer Vassbakk Ajer,74,0
https://www.xscores.com/soccer/match/leicester-vs-manchester-city/11-09-2021/319152,Leicester,Manchester City,2021-09-11T15:00:00,Yellow card,away,Rodri,26,0
https://www.xscores.com/soccer/match/leicester-vs-manchester-city/11-09-2021/319152,Leicester,Manchester City,2021-09-11T15:00:00,Yellow card,away,Aymeric Laporte,38,0
https://www.xscores.com/soccer/match/leicester-vs-manchester-city/11-09-2021/319152,Leicester,Manchester City,2021-09-11T15:00:00,Yellow card,home,Caglar Soyuncu,75,0
https://www.xscores.com/soccer/match/manchester-united-vs-newcastle/11-09-2021/319153,Manchester United,Newcastle,2021-09-11T15:00:00,Yellow card,home,Paul Pogba,60,0
https://www.xscores.com/soccer/match/southampton-vs-west-ham/11-09-2021/319154,Southampton,West Ham,2021-09-11T15:00:00,Yellow card,home,Oriol Romeu,13,0
https://www.xscores.com/soccer/match/southampton-vs-west-ham/11-09-2021/319154,Southampton,West Ham,2021-09-11T15:00:00,Yellow card,home,Jack Stephens,71,0
https://www.xscores.com/soccer/match/southampton-vs-west-ham/11-09-2021/319154,Southampton,West Ham,2021-09-11T15:00:00,Yellow card,away,Michail Antonio,71,0
https://www.xscores.com/soccer/match/southampton-vs-west-ham/11-09-2021/319154,Southampton,West Ham,2021-09-11T15:00:00,Yellow card,away,Declan Rice,73,0
https://www.xscores.com/soccer/match/southampton-vs-west-ham/11-09-2021/319154,Southampton,West Ham,2021-09-11T15:00:00,Yellow card,home,Mohammed Salisu,90,2
https://www.xscores.com/soccer/match/southampton-vs-west-ham/11-09-2021/319154,Southampton,West Ham,2021-09-11T15:00:00,Yellow card 2,away,Michail Antonio,90,5
https://www.xscores.com/soccer/match/watford-vs-wolverhampton/11-09-2021/319155,Watford,Wolverhampton,2021-09-11T15:00:00,Yellow card,home,Oghenekaro Etebo,13,0
https://www.xscores.com/soccer/match/watford-vs-wolverhampton/11-09-2021/319155,Watford,Wolverhampton,2021-09-11T15:00:00,Yellow card,home,Danny Rose,67,0
https://www.xscores.com/soccer/match/watford-vs-wolverhampton/11-09-2021/319155,Watford,Wolverhampton,2021-09-11T15:00:00,Yellow card,away,Fernando Marcal,68,0
https://www.xscores.com/soccer/match/watford-vs-wolverhampton/11-09-2021/319155,Watford,Wolverhampton,2021-09-11T15:00:00,Yellow card,home,Emmanuel Dennis,68,0
https://www.xscores.com/soccer/match/watford-vs-wolverhampton/11-09-2021/319155,Watford,Wolverhampton,2021-09-11T15:00:00,Yellow card,away,Raul Jimenez,90,2
https://www.xscores.com/soccer/match/watford-vs-wolverhampton/11-09-2021/319155,Watford,Wolverhampton,2021-09-11T15:00:00,Yellow card,away,Max Kilman,90,5
https://www.xscores.com/soccer/match/chelsea-vs-aston-villa/11-09-2021/319148,Chelsea,Aston Villa,2021-09-11T17:30:00,Yellow card,away,Jacob Ramsey,8,0
https://www.xscores.com/soccer/match/chelsea-vs-aston-villa/11-09-2021/319148,Chelsea,Aston Villa,2021-09-11T17:30:00,Yellow card,away,Tyrone Mings,28,0
https://www.xscores.com/soccer/match/chelsea-vs-aston-villa/11-09-2021/319148,Chelsea,Aston Villa,2021-09-11T17:30:00,Yellow card,home,Marcos Alonso,61,0
https://www.xscores.com/soccer/match/chelsea-vs-aston-villa/11-09-2021/319148,Chelsea,Aston Villa,2021-09-11T17:30:00,Yellow card,away,Matt Targett,90,0
https://www.xscores.com/soccer/match/chelsea-vs-aston-villa/11-09-2021/319148,Chelsea,Aston Villa,2021-09-11T17:30:00,Yellow card,away,John McGinn,90,0
https://www.xscores.com/soccer/match/leeds-vs-liverpool/12-09-2021/319151,Leeds,Liverpool,2021-09-12T16:30:00,Yellow card,home,Liam Cooper,12,0
https://www.xscores.com/soccer/match/leeds-vs-liverpool/12-09-2021/319151,Leeds,Liverpool,2021-09-12T16:30:00,Yellow card,away,Fabinho,16,0
https://www.xscores.com/soccer/match/leeds-vs-liverpool/12-09-2021/319151,Leeds,Liverpool,2021-09-12T16:30:00,Yellow card,home,Diego Llorente,30,0
https://www.xscores.com/soccer/match/leeds-vs-liverpool/12-09-2021/319151,Leeds,Liverpool,2021-09-12T16:30:00,Red card,home,Pascal Struijk,60,0
https://www.xscores.com/soccer/match/everton-vs-burnley/13-09-2021/319150,Everton,Burnley,2021-09-13T20:00:00,Yellow card,away,Josh Brownhill,47,0
https://www.xscores.com/soccer/match/everton-vs-burnley/13-09-2021/319150,Everton,Burnley,2021-09-13T20:00:00,Yellow card,home,Andros Townsend,53,0
https://www.xscores.com/soccer/match/newcastle-vs-leeds/17-09-2021/319161,Newcastle,Leeds,2021-09-17T20:00:00,Yellow card,home,Matt Ritchie,8,0
https://www.xscores.com/soccer/match/newcastle-vs-leeds/17-09-2021/319161,Newcastle,Leeds,2021-09-17T20:00:00,Yellow card,home,Miguel Almiron,39,0
https://www.xscores.com/soccer/match/newcastle-vs-leeds/17-09-2021/319161,Newcastle,Leeds,2021-09-17T20:00:00,Yellow card,away,Rodrigo,57,0
https://www.xscores.com/soccer/match/newcastle-vs-leeds/17-09-2021/319161,Newcastle,Leeds,2021-09-17T20:00:00,Yellow card,away,Junior Firpo,80,0
https://www.xscores.com/soccer/match/wolverhampton-vs-brentford/18-09-2021/319165,Wolverhampton,Brentford,2021-09-18T12:30:00,Yellow card,home,Jose Sa,27,0
https://www.xscores.com/soccer/match/wolverhampton-vs-brentford/18-09-2021/319165,Wolverhampton,Brentford,2021-09-18T12:30:00,Yellow card,home,Romain Saiss,38,0
https://www.xscores.com/soccer/match/wolverhampton-vs-brentford/18-09-2021/319165,Wolverhampton,Brentford,2021-09-18T12:30:00,Yellow card,away,Rico Henry,46,0
https://www.xscores.com/soccer/match/wolverhampton-vs-brentford/18-09-2021/319165,Wolverhampton,Brentford,2021-09-18T12:30:00,Yellow card,home,Ruben Neves,58,0
https://www.xscores.com/soccer/match/wolverhampton-vs-brentford/18-09-2021/319165,Wolverhampton,Brentford,2021-09-18T12:30:00,Yellow card,away,Shandon Baptiste,59,0
https://www.xscores.com/soccer/match/wolverhampton-vs-brentford/18-09-2021/319165,Wolverhampton,Brentford,2021-09-18T12:30:00,Yellow card 2,away,Shandon Baptiste,64,0
https://www.xscores.com/soccer/match/wolverhampton-vs-brentford/18-09-2021/319165,Wolverhampton,Brentford,2021-09-18T12:30:00,Yellow card,away,Pontus Jansson,74,0
https://www.xscores.com/soccer/match/wolverhampton-vs-brentford/18-09-2021/319165,Wolverhampton,Brentford,2021-09-18T12:30:00,Yellow card,away,Thomas Frank,80,0
https://www.xscores.com/soccer/match/wolverhampton-vs-brentford/18-09-2021/319165,Wolverhampton,Brentford,2021-09-18T12:30:00,Yellow card,home,Conor Coady,90,6
https://www.xscores.com/soccer/match/burnley-vs-arsenal/18-09-2021/319158,Burnley,Arsenal,2021-09-18T15:00:00,Yellow card,home,Ashley Barnes,19,0
https://www.xscores.com/soccer/match/burnley-vs-arsenal/18-09-2021/319158,Burnley,Arsenal,2021-09-18T15:00:00,Yellow card,home,Ashley Westwood,29,0
https://www.xscores.com/soccer/match/burnley-vs-arsenal/18-09-2021/319158,Burnley,Arsenal,2021-09-18T15:00:00,Yellow card,away,Nuno Tavares,90,2
https://www.xscores.com/soccer/match/liverpool-vs-crystal-palace/18-09-2021/319159,Liverpool,Crystal Palace,2021-09-18T15:00:00,Yellow card,home,Jordan Henderson,40,0
https://www.xscores.com/soccer/match/liverpool-vs-crystal-palace/18-09-2021/319159,Liverpool,Crystal Palace,2021-09-18T15:00:00,Yellow card,home,Konstantinos Tsimikas,75,0
https://www.xscores.com/soccer/match/liverpool-vs-crystal-palace/18-09-2021/319159,Liverpool,Crystal Palace,2021-09-18T15:00:00,Yellow card,home,Mohamed Salah,79,0
https://www.xscores.com/soccer/match/liverpool-vs-crystal-palace/18-09-2021/319159,Liverpool,Crystal Palace,2021-09-18T15:00:00,Yellow card,away,Joel Ward,83,0
https://www.xscores.com/soccer/match/manchester-city-vs-southampton/18-09-2021/319160,Manchester City,Southampton,2021-09-18T15:00:00,Yellow card,away,Kyle Walker-Peters,52,0
https://www.xscores.com/soccer/match/manchester-city-vs-southampton/18-09-2021/319160,Manchester City,Southampton,2021-09-18T15:00:00,Yellow card,away,Valentino Livramento,84,0
https://www.xscores.com/soccer/match/norwich-vs-watford/18-09-2021/319162,Norwich,Watford,2021-09-18T15:00:00,Yellow card,away,Craig Cathcart,37,0
https://www.xscores.com/soccer/match/norwich-vs-watford/18-09-2021/319162,Norwich,Watford,2021-09-18T15:00:00,Yellow card,home,Brandon Williams,90,5
https://www.xscores.com/soccer/match/aston-villa-vs-everton/18-09-2021/319156,Aston Villa,Everton,2021-09-18T17:30:00,Yellow card,away,Ben Godfrey,72,0
https://www.xscores.com/soccer/match/aston-villa-vs-everton/18-09-2021/319156,Aston Villa,Everton,2021-09-18T17:30:00,Yellow card,home,Leon Bailey,76,0
https://www.xscores.com/soccer/match/brighton-vs-leicester/19-09-2021/319157,Brighton,Leicester,2021-09-19T14:00:00,Yellow card,home,Joel Veltman,20,0
https://www.xscores.com/soccer/match/brighton-vs-leicester/19-09-2021/319157,Brighton,Leicester,2021-09-19T14:00:00,Yellow card,away,Wilfred Ndidi,44,0
https://www.xscores.com/soccer/match/brighton-vs-leicester/19-09-2021/319157,Brighton,Leicester,2021-09-19T14:00:00,Yellow card,home,Robert Sanchez,90,4
https://www.xscores.com/soccer/match/tottenham-vs-chelsea/19-09-2021/319163,Tottenham,Chelsea,2021-09-19T16:30:00,Yellow card,away,Timo Werner,80,0
https://www.xscores.com/soccer/match/chelsea-vs-manchester-city/25-09-2021/319168,Chelsea,Manchester City,2021-09-25T12:30:00,Yellow card,away,Aymeric Laporte,65,0
https://www.xscores.com/soccer/match/chelsea-vs-manchester-city/25-09-2021/319168,Chelsea,Manchester City,2021-09-25T12:30:00,Yellow card,home,Marcos Alonso,77,0
https://www.xscores.com/soccer/match/chelsea-vs-manchester-city/25-09-2021/319168,Chelsea,Manchester City,2021-09-25T12:30:00,Yellow card,home,Andreas Christensen,78,0
https://www.xscores.com/soccer/match/chelsea-vs-manchester-city/25-09-2021/319168,Chelsea,Manchester City,2021-09-25T12:30:00,Yellow card,home,Antonio Ruediger,84,0
https://www.xscores.com/soccer/match/chelsea-vs-manchester-city/25-09-2021/319168,Chelsea,Manchester City,2021-09-25T12:30:00,Yellow card,away,Ruben Dias,90,6
https://www.xscores.com/soccer/match/manchester-united-vs-aston-villa/25-09-2021/319173,Manchester United,Aston Villa,2021-09-25T12:30:00,Yellow card,home,Luke Shaw,29,0
https://www.xscores.com/soccer/match/manchester-united-vs-aston-villa/25-09-2021/319173,Manchester United,Aston Villa,2021-09-25T12:30:00,Yellow card,away,John McGinn,66,0
https://www.xscores.com/soccer/match/manchester-united-vs-aston-villa/25-09-2021/319173,Manchester United,Aston Villa,2021-09-25T12:30:00,Yellow card,home,Fred,77,0
https://www.xscores.com/soccer/match/manchester-united-vs-aston-villa/25-09-2021/319173,Manchester United,Aston Villa,2021-09-25T12:30:00,Yellow card,away,Matty Cash,90,0
https://www.xscores.com/soccer/match/everton-vs-norwich/25-09-2021/319170,Everton,Norwich,2021-09-25T15:00:00,Yellow card,away,Ozan Kabak,54,0
https://www.xscores.com/soccer/match/everton-vs-norwich/25-09-2021/319170,Everton,Norwich,2021-09-25T15:00:00,Yellow card,home,Lucas Digne,56,0
https://www.xscores.com/soccer/match/everton-vs-norwich/25-09-2021/319170,Everton,Norwich,2021-09-25T15:00:00,Yellow card,away,Pierre Lees-Melou,80,0
https://www.xscores.com/soccer/match/everton-vs-norwich/25-09-2021/319170,Everton,Norwich,2021-09-25T15:00:00,Yellow card,away,Brandon Williams,84,0
https://www.xscores.com/soccer/match/everton-vs-norwich/25-09-2021/319170,Everton,Norwich,2021-09-25T15:00:00,Yellow card,home,Anthony Gordon,90,2
https://www.xscores.com/soccer/match/leeds-vs-west-ham/25-09-2021/319171,Leeds,West Ham,2021-09-25T15:00:00,Yellow card,home,Raphinha,20,0
https://www.xscores.com/soccer/match/leeds-vs-west-ham/25-09-2021/319171,Leeds,West Ham,2021-09-25T15:00:00,Yellow card,away,Pablo Fornals,28,0
https://www.xscores.com/soccer/match/leeds-vs-west-ham/25-09-2021/319171,Leeds,West Ham,2021-09-25T15:00:00,Yellow card,away,Michail Antonio,55,0
https://www.xscores.com/soccer/match/leeds-vs-west-ham/25-09-2021/319171,Leeds,West Ham,2021-09-25T15:00:00,Yellow card,home,Illan Meslier,70,0
https://www.xscores.com/soccer/match/leeds-vs-west-ham/25-09-2021/319171,Leeds,West Ham,2021-09-25T15:00:00,Yellow card,home,Tyler Roberts,81,0
https://www.xscores.com/soccer/match/leicester-vs-burnley/25-09-2021/319172,Leicester,Burnley,2021-09-25T15:00:00,Yellow card,home,Jannik Vestergaard,5,0
https://www.xscores.com/soccer/match/leicester-vs-burnley/25-09-2021/319172,Leicester,Burnley,2021-09-25T15:00:00,Yellow card,away,Maxwel Cornet,45,2
https://www.xscores.com/soccer/match/leicester-vs-burnley/25-09-2021/319172,Leicester,Burnley,2021-09-25T15:00:00,Yellow card,away,Ashley Westwood,60,0
https://www.xscores.com/soccer/match/leicester-vs-burnley/25-09-2021/319172,Leicester,Burnley,2021-09-25T15:00:00,Yellow card,away,Johann Berg Gudmundsson,68,0
https://www.xscores.com/soccer/match/leicester-vs-burnley/25-09-2021/319172,Leicester,Burnley,2021-09-25T15:00:00,Yellow card,home,Harvey Barnes,77,0
https://www.xscores.com/soccer/match/leicester-vs-burnley/25-09-2021/319172,Leicester,Burnley,2021-09-25T15:00:00,Yellow card,away,James Tarkowski,90,0
https://www.xscores.com/soccer/match/watford-vs-newcastle/25-09-2021/319175,Watford,Newcastle,2021-09-25T15:00:00,Yellow card,home,Emmanuel Dennis,17,0
https://www.xscores.com/soccer/match/watford-vs-newcastle/25-09-2021/319175,Watford,Newcastle,2021-09-25T15:00:00,Yellow card,away,Javier Manquillo,18,0
https://www.xscores.com/soccer/match/watford-vs-newcastle/25-09-2021/319175,Watford,Newcastle,2021-09-25T15:00:00,Yellow card,away,Matt Ritchie,30,0
https://www.xscores.com/soccer/match/watford-vs-newcastle/25-09-2021/319175,Watford,Newcastle,2021-09-25T15:00:00,Yellow card,home,William Troost-Ekong,40,0
https://www.xscores.com/soccer/match/watford-vs-newcastle/25-09-2021/319175,Watford,Newcastle,2021-09-25T15:00:00,Yellow card,home,Danny Rose,56,0
https://www.xscores.com/soccer/match/watford-vs-newcastle/25-09-2021/319175,Watford,Newcastle,2021-09-25T15:00:00,Yellow card,home,Craig Cathcart,69,0
https://www.xscores.com/soccer/match/watford-vs-newcastle/25-09-2021/319175,Watford,Newcastle,2021-09-25T15:00:00,Yellow card,away,Karl Darlow,90,1
https://www.xscores.com/soccer/match/brentford-vs-liverpool/25-09-2021/319167,Brentford,Liverpool,2021-09-25T17:30:00,Yellow card,home,Frank Onyeka,44,0
https://www.xscores.com/soccer/match/brentford-vs-liverpool/25-09-2021/319167,Brentford,Liverpool,2021-09-25T17:30:00,Yellow card,away,Andrew Robertson,70,0
https://www.xscores.com/soccer/match/arsenal-vs-tottenham/26-09-2021/319166,Arsenal,Tottenham,2021-09-26T16:30:00,Yellow card,away,Oliver Skipp,67,0
https://www.xscores.com/soccer/match/arsenal-vs-tottenham/26-09-2021/319166,Arsenal,Tottenham,2021-09-26T16:30:00,Yellow card,home,Martin Oedegaard,88,0
https://www.xscores.com/soccer/match/arsenal-vs-tottenham/26-09-2021/319166,Arsenal,Tottenham,2021-09-26T16:30:00,Yellow card,home,Albert Sambi Lokonga,90,1
https://www.xscores.com/soccer/match/crystal-palace-vs-brighton/27-09-2021/319169,Crystal Palace,Brighton,2021-09-27T20:00:00,Yellow card,away,Adam Lallana,28,0
https://www.xscores.com/soccer/match/crystal-palace-vs-brighton/27-09-2021/319169,Crystal Palace,Brighton,2021-09-27T20:00:00,Yellow card,away,Marc Cucurella,77,0
https://www.xscores.com/soccer/match/crystal-palace-vs-brighton/27-09-2021/319169,Crystal Palace,Brighton,2021-09-27T20:00:00,Yellow card,away,Leandro Trossard,81,0
https://www.xscores.com/soccer/match/crystal-palace-vs-brighton/27-09-2021/319169,Crystal Palace,Brighton,2021-09-27T20:00:00,Yellow card,home,Conor Gallagher,84,0
https://www.xscores.com/soccer/match/crystal-palace-vs-brighton/27-09-2021/319169,Crystal Palace,Brighton,2021-09-27T20:00:00,Yellow card,away,Jakub Moder,90,6
https://www.xscores.com/soccer/match/crystal-palace-vs-brighton/27-09-2021/319169,Crystal Palace,Brighton,2021-09-27T20:00:00,Yellow card,away,Robert Sanchez,90,7
https://www.xscores.com/soccer/match/crystal-palace-vs-brighton/27-09-2021/319169,Crystal Palace,Brighton,2021-09-27T20:00:00,Yellow card,home,James McArthur,90,7
https://www.xscores.com/soccer/match/manchester-united-vs-everton/02-10-2021/319182,Manchester United,Everton,2021-10-02T12:30:00,Yellow card,home,Mason Greenwood,34,0
https://www.xscores.com/soccer/match/manchester-united-vs-everton/02-10-2021/319182,Manchester United,Everton,2021-10-02T12:30:00,Yellow card,away,Abdoulaye Doucoure,76,0
https://www.xscores.com/soccer/match/burnley-vs-norwich/02-10-2021/319177,Burnley,Norwich,2021-10-02T15:00:00,Yellow card,home,James Tarkowski,11,0
https://www.xscores.com/soccer/match/burnley-vs-norwich/02-10-2021/319177,Burnley,Norwich,2021-10-02T15:00:00,Yellow card,home,Chris Wood,24,0
https://www.xscores.com/soccer/match/burnley-vs-norwich/02-10-2021/319177,Burnley,Norwich,2021-10-02T15:00:00,Yellow card,home,Matthew Lowton,25,0
https://www.xscores.com/soccer/match/burnley-vs-norwich/02-10-2021/319177,Burnley,Norwich,2021-10-02T15:00:00,Yellow card,away,Mathias Normann,27,0
https://www.xscores.com/soccer/match/burnley-vs-norwich/02-10-2021/319177,Burnley,Norwich,2021-10-02T15:00:00,Yellow card,home,Josh Brownhill,33,0
https://www.xscores.com/soccer/match/burnley-vs-norwich/02-10-2021/319177,Burnley,Norwich,2021-10-02T15:00:00,Yellow card,home,Jay Rodriguez,49,0
https://www.xscores.com/soccer/match/burnley-vs-norwich/02-10-2021/319177,Burnley,Norwich,2021-10-02T15:00:00,Yellow card,away,Max Aarons,74,0
https://www.xscores.com/soccer/match/chelsea-vs-southampton/02-10-2021/319178,Chelsea,Southampton,2021-10-02T15:00:00,Yellow card,away,Oriol Romeu,34,0
https://www.xscores.com/soccer/match/chelsea-vs-southampton/02-10-2021/319178,Chelsea,Southampton,2021-10-02T15:00:00,Yellow card,home,Thomas Tuchel,44,0
https://www.xscores.com/soccer/match/chelsea-vs-southampton/02-10-2021/319178,Chelsea,Southampton,2021-10-02T15:00:00,Yellow card,home,Thiago Silva,55,0
https://www.xscores.com/soccer/match/chelsea-vs-southampton/02-10-2021/319178,Chelsea,Southampton,2021-10-02T15:00:00,Red card,away,James Ward-Prowse,77,0
https://www.xscores.com/soccer/match/chelsea-vs-southampton/02-10-2021/319178,Chelsea,Southampton,2021-10-02T15:00:00,Yellow card,away,Mohammed Salisu,90,1
https://www.xscores.com/soccer/match/chelsea-vs-southampton/02-10-2021/319178,Chelsea,Southampton,2021-10-02T15:00:00,Yellow card,away,Moussa Djenepo,90,5
https://www.xscores.com/soccer/match/leeds-vs-watford/02-10-2021/319180,Leeds,Watford,2021-10-02T15:00:00,Yellow card,away,Kiko,59,0
https://www.xscores.com/soccer/match/leeds-vs-watford/02-10-2021/319180,Leeds,Watford,2021-10-02T15:00:00,Yellow card,away,Ismaila Sarr,65,0
https://www.xscores.com/soccer/match/leeds-vs-watford/02-10-2021/319180,Leeds,Watford,2021-10-02T15:00:00,Yellow card,away,Emmanuel Dennis,90,0
https://www.xscores.com/soccer/match/wolverhampton-vs-newcastle/02-10-2021/319185,Wolverhampton,Newcastle,2021-10-02T15:00:00,Yellow card,home,Bruno Lage,44,0
https://www.xscores.com/soccer/match/wolverhampton-vs-newcastle/02-10-2021/319185,Wolverhampton,Newcastle,2021-10-02T15:00:00,Yellow card,away,Ciaran Clark,56,0
https://www.xscores.com/soccer/match/wolverhampton-vs-newcastle/02-10-2021/319185,Wolverhampton,Newcastle,2021-10-02T15:00:00,Yellow card,away,Javier Manquillo,60,0
https://www.xscores.com/soccer/match/brighton-vs-arsenal/02-10-2021/319176,Brighton,Arsenal,2021-10-02T17:30:00,Yellow card,home,Neal Maupay,74,0
https://www.xscores.com/soccer/match/brighton-vs-arsenal/02-10-2021/319176,Brighton,Arsenal,2021-10-02T17:30:00,Yellow card,home,Joel Veltman,82,0
https://www.xscores.com/soccer/match/brighton-vs-arsenal/02-10-2021/319176,Brighton,Arsenal,2021-10-02T17:30:00,Yellow card,away,Thomas Partey,90,1
https://www.xscores.com/soccer/match/crystal-palace-vs-leicester/03-10-2021/319179,Crystal Palace,Leicester,2021-10-03T14:00:00,Yellow card,away,Ryan Bertrand,29,0
https://www.xscores.com/soccer/match/crystal-palace-vs-leicester/03-10-2021/319179,Crystal Palace,Leicester,2021-10-03T14:00:00,Yellow card,away,Youri Tielemans,46,0
https://www.xscores.com/soccer/match/crystal-palace-vs-leicester/03-10-2021/319179,Crystal Palace,Leicester,2021-10-03T14:00:00,Yellow card,home,Joachim Andersen,78,0
https://www.xscores.com/soccer/match/crystal-palace-vs-leicester/03-10-2021/319179,Crystal Palace,Leicester,2021-10-03T14:00:00,Yellow card,home,James McArthur,83,0
https://www.xscores.com/soccer/match/crystal-palace-vs-leicester/03-10-2021/319179,Crystal Palace,Leicester,2021-10-03T14:00:00,Yellow card,away,Harvey Barnes,90,4
https://www.xscores.com/soccer/match/tottenham-vs-aston-villa/03-10-2021/319183,Tottenham,Aston Villa,2021-10-03T14:00:00,Yellow card,away,Jacob Ramsey,31,0
https://www.xscores.com/soccer/match/tottenham-vs-aston-villa/03-10-2021/319183,Tottenham,Aston Villa,2021-10-03T14:00:00,Yellow card,home,Oliver Skipp,36,0
https://www.xscores.com/soccer/match/tottenham-vs-aston-villa/03-10-2021/319183,Tottenham,Aston Villa,2021-10-03T14:00:00,Yellow card,home,Cristian Romero,68,0
https://www.xscores.com/soccer/match/west-ham-vs-brentford/03-10-2021/319184,West Ham,Brentford,2021-10-03T14:00:00,Yellow card,home,Kurt Zouma,35,0
https://www.xscores.com/soccer/match/west-ham-vs-brentford/03-10-2021/319184,West Ham,Brentford,2021-10-03T14:00:00,Yellow card,away,Christian Noergaard,69,0
https://www.xscores.com/soccer/match/west-ham-vs-brentford/03-10-2021/319184,West Ham,Brentford,2021-10-03T14:00:00,Yellow card,away,Sergi Canos,84,0
https://www.xscores.com/soccer/match/west-ham-vs-brentford/03-10-2021/319184,West Ham,Brentford,2021-10-03T14:00:00,Yellow card,away,Mathias Joergensen,85,0
https://www.xscores.com/soccer/match/west-ham-vs-brentford/03-10-2021/319184,West Ham,Brentford,2021-10-03T14:00:00,Yellow card,home,Declan Rice,90,2
https://www.xscores.com/soccer/match/liverpool-vs-manchester-city/03-10-2021/319181,Liverpool,Manchester City,2021-10-03T16:30:00,Yellow card,away,Ruben Dias,26,0
https://www.xscores.com/soccer/match/liverpool-vs-manchester-city/03-10-2021/319181,Liverpool,Manchester City,2021-10-03T16:30:00,Yellow card,home,James Milner,42,0
https://www.xscores.com/soccer/match/liverpool-vs-manchester-city/03-10-2021/319181,Liverpool,Manchester City,2021-10-03T16:30:00,Yellow card,away,Joao Cancelo,56,0
https://www.xscores.com/soccer/match/liverpool-vs-manchester-city/03-10-2021/319181,Liverpool,Manchester City,2021-10-03T16:30:00,Yellow card,home,Diogo Jota,65,0
https://www.xscores.com/soccer/match/liverpool-vs-manchester-city/03-10-2021/319181,Liverpool,Manchester City,2021-10-03T16:30:00,Yellow card,away,Bernardo Silva,77,0
https://www.xscores.com/soccer/match/liverpool-vs-manchester-city/03-10-2021/319181,Liverpool,Manchester City,2021-10-03T16:30:00,Yellow card,home,Fabinho,83,0
https://www.xscores.com/soccer/match/aston-villa-vs-wolverhampton/16-10-2021/319187,Aston Villa,Wolverhampton,2021-10-16T15:00:00,Yellow card,away,Ruben Neves,52,0
https://www.xscores.com/soccer/match/aston-villa-vs-wolverhampton/16-10-2021/319187,Aston Villa,Wolverhampton,2021-10-16T15:00:00,Yellow card,home,Tyrone Mings,61,0
https://www.xscores.com/soccer/match/aston-villa-vs-wolverhampton/16-10-2021/319187,Aston Villa,Wolverhampton,2021-10-16T15:00:00,Yellow card,home,Ollie Watkins,81,0
https://www.xscores.com/soccer/match/aston-villa-vs-wolverhampton/16-10-2021/319187,Aston Villa,Wolverhampton,2021-10-16T15:00:00,Yellow card,away,Conor Coady,86,0
https://www.xscores.com/soccer/match/aston-villa-vs-wolverhampton/16-10-2021/319187,Aston Villa,Wolverhampton,2021-10-16T15:00:00,Yellow card,away,Leander Dendoncker,88,0
https://www.xscores.com/soccer/match/leicester-vs-manchester-united/16-10-2021/319190,Leicester,Manchester United,2021-10-16T15:00:00,Yellow card,away,Victor Lindelof,52,0
https://www.xscores.com/soccer/match/leicester-vs-manchester-united/16-10-2021/319190,Leicester,Manchester United,2021-10-16T15:00:00,Yellow card,away,Aaron Wan-Bissaka,85,0
https://www.xscores.com/soccer/match/leicester-vs-manchester-united/16-10-2021/319190,Leicester,Manchester United,2021-10-16T15:00:00,Yellow card,away,Paul Pogba,86,0
https://www.xscores.com/soccer/match/manchester-city-vs-burnley/16-10-2021/319191,Manchester City,Burnley,2021-10-16T15:00:00,Yellow card,home,Aymeric Laporte,45,3
https://www.xscores.com/soccer/match/norwich-vs-brighton/16-10-2021/319193,Norwich,Brighton,2021-10-16T15:00:00,Yellow card,away,Joel Veltman,15,0
https://www.xscores.com/soccer/match/norwich-vs-brighton/16-10-2021/319193,Norwich,Brighton,2021-10-16T15:00:00,Yellow card,away,Adam Lallana,24,0
https://www.xscores.com/soccer/match/norwich-vs-brighton/16-10-2021/319193,Norwich,Brighton,2021-10-16T15:00:00,Yellow card,home,Ozan Kabak,30,0
https://www.xscores.com/soccer/match/norwich-vs-brighton/16-10-2021/319193,Norwich,Brighton,2021-10-16T15:00:00,Yellow card,away,Marc Cucurella,41,0
https://www.xscores.com/soccer/match/norwich-vs-brighton/16-10-2021/319193,Norwich,Brighton,2021-10-16T15:00:00,Yellow card,home,Dimitrios Giannoulis,50,0
https://www.xscores.com/soccer/match/norwich-vs-brighton/16-10-2021/319193,Norwich,Brighton,2021-10-16T15:00:00,Yellow card,home,Teemu Pukki,75,0
https://www.xscores.com/soccer/match/norwich-vs-brighton/16-10-2021/319193,Norwich,Brighton,2021-10-16T15:00:00,Yellow card,away,Shane Duffy,90,2
https://www.xscores.com/soccer/match/norwich-vs-brighton/16-10-2021/319193,Norwich,Brighton,2021-10-16T15:00:00,Yellow card,away,Daniel Burn,90,4
https://www.xscores.com/soccer/match/southampton-vs-leeds/16-10-2021/319194,Southampton,Leeds,2021-10-16T15:00:00,Yellow card,away,Tyler Roberts,47,0
https://www.xscores.com/soccer/match/southampton-vs-leeds/16-10-2021/319194,Southampton,Leeds,2021-10-16T15:00:00,Yellow card,away,Pascal Struijk,58,0
https://www.xscores.com/soccer/match/southampton-vs-leeds/16-10-2021/319194,Southampton,Leeds,2021-10-16T15:00:00,Yellow card,away,Diego Llorente,70,0
https://www.xscores.com/soccer/match/southampton-vs-leeds/16-10-2021/319194,Southampton,Leeds,2021-10-16T15:00:00,Yellow card,home,Jan Bednarek,75,0
https://www.xscores.com/soccer/match/southampton-vs-leeds/16-10-2021/319194,Southampton,Leeds,2021-10-16T15:00:00,Yellow card,home,Alex McCarthy,83,0
https://www.xscores.com/soccer/match/brentford-vs-chelsea/16-10-2021/319188,Brentford,Chelsea,2021-10-16T17:30:00,Yellow card,away,Mateo Kovacic,18,0
https://www.xscores.com/soccer/match/brentford-vs-chelsea/16-10-2021/319188,Brentford,Chelsea,2021-10-16T17:30:00,Yellow card,home,Sergi Canos,32,0
https://www.xscores.com/soccer/match/everton-vs-west-ham/17-10-2021/319189,Everton,West Ham,2021-10-17T14:00:00,Yellow card,away,Michail Antonio,10,0
https://www.xscores.com/soccer/match/everton-vs-west-ham/17-10-2021/319189,Everton,West Ham,2021-10-17T14:00:00,Yellow card,away,Pablo Fornals,31,0
https://www.xscores.com/soccer/match/newcastle-vs-tottenham/17-10-2021/319192,Newcastle,Tottenham,2021-10-17T16:30:00,Yellow card,home,Sean Longstaff,34,0
https://www.xscores.com/soccer/match/newcastle-vs-tottenham/17-10-2021/319192,Newcastle,Tottenham,2021-10-17T16:30:00,Yellow card,home,Ciaran Clark,54,0
https://www.xscores.com/soccer/match/newcastle-vs-tottenham/17-10-2021/319192,Newcastle,Tottenham,2021-10-17T16:30:00,Yellow card,away,Emerson Royal,64,0
https://www.xscores.com/soccer/match/newcastle-vs-tottenham/17-10-2021/319192,Newcastle,Tottenham,2021-10-17T16:30:00,Yellow card,home,Isaac Hayden,68,0
https://www.xscores.com/soccer/match/newcastle-vs-tottenham/17-10-2021/319192,Newcastle,Tottenham,2021-10-17T16:30:00,Yellow card,home,Jonjo Shelvey,78,0
https://www.xscores.com/soccer/match/newcastle-vs-tottenham/17-10-2021/319192,Newcastle,Tottenham,2021-10-17T16:30:00,Yellow card 2,home,Jonjo Shelvey,83,0
https://www.xscores.com/soccer/match/newcastle-vs-tottenham/17-10-2021/319192,Newcastle,Tottenham,2021-10-17T16:30:00,Yellow card,home,Joelinton,90,3
https://www.xscores.com/soccer/match/arsenal-vs-crystal-palace/18-10-2021/319186,Arsenal,Crystal Palace,2021-10-18T20:00:00,Yellow card,home,Bukayo Saka,42,0
https://www.xscores.com/soccer/match/arsenal-vs-crystal-palace/18-10-2021/319186,Arsenal,Crystal Palace,2021-10-18T20:00:00,Yellow card,away,James McArthur,42,0
https://www.xscores.com/soccer/match/arsenal-vs-aston-villa/22-10-2021/319196,Arsenal,Aston Villa,2021-10-22T20:00:00,Yellow card,away,Ollie Watkins,2,0
https://www.xscores.com/soccer/match/arsenal-vs-aston-villa/22-10-2021/319196,Arsenal,Aston Villa,2021-10-22T20:00:00,Yellow card,away,Tyrone Mings,27,0
https://www.xscores.com/soccer/match/arsenal-vs-aston-villa/22-10-2021/319196,Arsenal,Aston Villa,2021-10-22T20:00:00,Yellow card,away,John McGinn,32,0
https://www.xscores.com/soccer/match/arsenal-vs-aston-villa/22-10-2021/319196,Arsenal,Aston Villa,2021-10-22T20:00:00,Yellow card,home,Albert Sambi Lokonga,45,1
https://www.xscores.com/soccer/match/arsenal-vs-aston-villa/22-10-2021/319196,Arsenal,Aston Villa,2021-10-22T20:00:00,Yellow card,away,Matt Targett,60,0
https://www.xscores.com/soccer/match/arsenal-vs-aston-villa/22-10-2021/319196,Arsenal,Aston Villa,2021-10-22T20:00:00,Yellow card,home,Pierre-Emerick Aubameyang,66,0
https://www.xscores.com/soccer/match/arsenal-vs-aston-villa/22-10-2021/319196,Arsenal,Aston Villa,2021-10-22T20:00:00,Yellow card,away,Douglas Luiz,84,0
https://www.xscores.com/soccer/match/chelsea-vs-norwich/23-10-2021/319199,Chelsea,Norwich,2021-10-23T12:30:00,Yellow card,away,Pierre Lees-Melou,45,0
https://www.xscores.com/soccer/match/chelsea-vs-norwich/23-10-2021/319199,Chelsea,Norwich,2021-10-23T12:30:00,Yellow card,away,Ben Gibson,55,0
https://www.xscores.com/soccer/match/chelsea-vs-norwich/23-10-2021/319199,Chelsea,Norwich,2021-10-23T12:30:00,Yellow card 2,away,Ben Gibson,65,0
https://www.xscores.com/soccer/match/chelsea-vs-norwich/23-10-2021/319199,Chelsea,Norwich,2021-10-23T12:30:00,Yellow card,away,Mathias Normann,83,0
https://www.xscores.com/soccer/match/crystal-palace-vs-newcastle/23-10-2021/319200,Crystal Palace,Newcastle,2021-10-23T15:00:00,Yellow card,home,Joachim Andersen,13,0
https://www.xscores.com/soccer/match/crystal-palace-vs-newcastle/23-10-2021/319200,Crystal Palace,Newcastle,2021-10-23T15:00:00,Yellow card,home,Joel Ward,27,0
https://www.xscores.com/soccer/match/crystal-palace-vs-newcastle/23-10-2021/319200,Crystal Palace,Newcastle,2021-10-23T15:00:00,Yellow card,away,Callum Wilson,27,0
https://www.xscores.com/soccer/match/crystal-palace-vs-newcastle/23-10-2021/319200,Crystal Palace,Newcastle,2021-10-23T15:00:00,Yellow card,away,Jamaal Lascelles,59,0
https://www.xscores.com/soccer/match/crystal-palace-vs-newcastle/23-10-2021/319200,Crystal Palace,Newcastle,2021-10-23T15:00:00,Yellow card,home,Christian Benteke,89,0
https://www.xscores.com/soccer/match/crystal-palace-vs-newcastle/23-10-2021/319200,Crystal Palace,Newcastle,2021-10-23T15:00:00,Yellow card,away,Joelinton,90,2
https://www.xscores.com/soccer/match/crystal-palace-vs-newcastle/23-10-2021/319200,Crystal Palace,Newcastle,2021-10-23T15:00:00,Yellow card,away,Matt Ritchie,90,4
https://www.xscores.com/soccer/match/everton-vs-watford/23-10-2021/319201,Everton,Watford,2021-10-23T15:00:00,Yellow card,home,Lucas Digne,17,0
https://www.xscores.com/soccer/match/everton-vs-watford/23-10-2021/319201,Everton,Watford,2021-10-23T15:00:00,Yellow card,away,William Troost-Ekong,44,0
https://www.xscores.com/soccer/match/everton-vs-watford/23-10-2021/319201,Everton,Watford,2021-10-23T15:00:00,Yellow card,home,Allan,54,0
https://www.xscores.com/soccer/match/everton-vs-watford/23-10-2021/319201,Everton,Watford,2021-10-23T15:00:00,Yellow card,away,Emmanuel Dennis,70,0
https://www.xscores.com/soccer/match/everton-vs-watford/23-10-2021/319201,Everton,Watford,2021-10-23T15:00:00,Yellow card,home,Richarlison,72,0
https://www.xscores.com/soccer/match/everton-vs-watford/23-10-2021/319201,Everton,Watford,2021-10-23T15:00:00,Yellow card,away,Joshua King,81,0
https://www.xscores.com/soccer/match/everton-vs-watford/23-10-2021/319201,Everton,Watford,2021-10-23T15:00:00,Yellow card,home,Jose Salomon Rondon,90,3
https://www.xscores.com/soccer/match/leeds-vs-wolverhampton/23-10-2021/319202,Leeds,Wolverhampton,2021-10-23T15:00:00,Yellow card,away,Joao Moutinho,5,0
https://www.xscores.com/soccer/match/leeds-vs-wolverhampton/23-10-2021/319202,Leeds,Wolverhampton,2021-10-23T15:00:00,Yellow card,away,Max Kilman,50,0
https://www.xscores.com/soccer/match/leeds-vs-wolverhampton/23-10-2021/319202,Leeds,Wolverhampton,2021-10-23T15:00:00,Yellow card,away,Romain Saiss,53,0
https://www.xscores.com/soccer/match/leeds-vs-wolverhampton/23-10-2021/319202,Leeds,Wolverhampton,2021-10-23T15:00:00,Yellow card,home,Jamie Shackleton,65,0
https://www.xscores.com/soccer/match/leeds-vs-wolverhampton/23-10-2021/319202,Leeds,Wolverhampton,2021-10-23T15:00:00,Yellow card,home,Rodrigo,90,4
https://www.xscores.com/soccer/match/southampton-vs-burnley/23-10-2021/319204,Southampton,Burnley,2021-10-23T15:00:00,Yellow card,away,Jack Cork,42,0
https://www.xscores.com/soccer/match/southampton-vs-burnley/23-10-2021/319204,Southampton,Burnley,2021-10-23T15:00:00,Yellow card,away,Jay Rodriguez,70,0
https://www.xscores.com/soccer/match/southampton-vs-burnley/23-10-2021/319204,Southampton,Burnley,2021-10-23T15:00:00,Yellow card,away,Ashley Westwood,72,0
https://www.xscores.com/soccer/match/southampton-vs-burnley/23-10-2021/319204,Southampton,Burnley,2021-10-23T15:00:00,Yellow card,home,Mohamed Elyounoussi,81,0
https://www.xscores.com/soccer/match/brighton-vs-manchester-city/23-10-2021/319198,Brighton,Manchester City,2021-10-23T17:30:00,Yellow card,away,Kyle Walker,22,0
https://www.xscores.com/soccer/match/brighton-vs-manchester-city/23-10-2021/319198,Brighton,Manchester City,2021-10-23T17:30:00,Yellow card,away,Joao Cancelo,60,0
https://www.xscores.com/soccer/match/brighton-vs-manchester-city/23-10-2021/319198,Brighton,Manchester City,2021-10-23T17:30:00,Yellow card,home,Jakub Moder,63,0
https://www.xscores.com/soccer/match/brighton-vs-manchester-city/23-10-2021/319198,Brighton,Manchester City,2021-10-23T17:30:00,Yellow card,home,Adam Lallana,70,0
https://www.xscores.com/soccer/match/brighton-vs-manchester-city/23-10-2021/319198,Brighton,Manchester City,2021-10-23T17:30:00,Yellow card,away,Ederson Moraes,84,0
https://www.xscores.com/soccer/match/brentford-vs-leicester/24-10-2021/319197,Brentford,Leicester,2021-10-24T14:00:00,Yellow card,home,Mathias Joergensen,30,0
https://www.xscores.com/soccer/match/brentford-vs-leicester/24-10-2021/319197,Brentford,Leicester,2021-10-24T14:00:00,Yellow card,away,Caglar Soyuncu,63,0
https://www.xscores.com/soccer/match/west-ham-vs-tottenham/24-10-2021/319205,West Ham,Tottenham,2021-10-24T14:00:00,Yellow card,home,Tomas Soucek,21,0
https://www.xscores.com/soccer/match/west-ham-vs-tottenham/24-10-2021/319205,West Ham,Tottenham,2021-10-24T14:00:00,Yellow card,home,Angelo Ogbonna,37,0
https://www.xscores.com/soccer/match/west-ham-vs-tottenham/24-10-2021/319205,West Ham,Tottenham,2021-10-24T14:00:00,Yellow card,away,Cristian Romero,60,0
https://www.xscores.com/soccer/match/manchester-united-vs-liverpool/24-10-2021/319203,Manchester United,Liverpool,2021-10-24T16:30:00,Yellow card,home,Luke Shaw,41,0
https://www.xscores.com/soccer/match/manchester-united-vs-liverpool/24-10-2021/319203,Manchester United,Liverpool,2021-10-24T16:30:00,Yellow card,home,Cristiano Ronaldo,45,1
https://www.xscores.com/soccer/match/manchester-united-vs-liverpool/24-10-2021/319203,Manchester United,Liverpool,2021-10-24T16:30:00,Yellow card,home,Fred,45,3
https://www.xscores.com/soccer/match/manchester-united-vs-liverpool/24-10-2021/319203,Manchester United,Liverpool,2021-10-24T16:30:00,Yellow card,home,Bruno Fernandes,46,0
https://www.xscores.com/soccer/match/manchester-united-vs-liverpool/24-10-2021/319203,Manchester United,Liverpool,2021-10-24T16:30:00,Yellow card,home,Harry Maguire,55,0
https://www.xscores.com/soccer/match/manchester-united-vs-liverpool/24-10-2021/319203,Manchester United,Liverpool,2021-10-24T16:30:00,Red card,home,Paul Pogba,60,0
https://www.xscores.com/soccer/match/manchester-united-vs-liverpool/24-10-2021/319203,Manchester United,Liverpool,2021-10-24T16:30:00,Yellow card,home,Aaron Wan-Bissaka,86,0
https://www.xscores.com/soccer/match/leicester-vs-arsenal/30-10-2021/319208,Leicester,Arsenal,2021-10-30T12:30:00,Yellow card,home,Jonny Evans,68,0
https://www.xscores.com/soccer/match/leicester-vs-arsenal/30-10-2021/319208,Leicester,Arsenal,2021-10-30T12:30:00,Yellow card,home,Jamie Vardy,75,0
https://www.xscores.com/soccer/match/burnley-vs-brentford/30-10-2021/319207,Burnley,Brentford,2021-10-30T15:00:00,Yellow card,away,Saman Ghoddos,72,0
https://www.xscores.com/soccer/match/burnley-vs-brentford/30-10-2021/319207,Burnley,Brentford,2021-10-30T15:00:00,Yellow card,home,Dwight McNeil,84,0
https://www.xscores.com/soccer/match/liverpool-vs-brighton/30-10-2021/319209,Liverpool,Brighton,2021-10-30T15:00:00,Yellow card,home,Takumi Minamino,88,0
https://www.xscores.com/soccer/match/liverpool-vs-brighton/30-10-2021/319209,Liverpool,Brighton,2021-10-30T15:00:00,Yellow card,away,Tariq Lamptey,90,0
https://www.xscores.com/soccer/match/liverpool-vs-brighton/30-10-2021/319209,Liverpool,Brighton,2021-10-30T15:00:00,Yellow card,away,Shane Duffy,90,1
https://www.xscores.com/soccer/match/liverpool-vs-brighton/30-10-2021/319209,Liverpool,Brighton,2021-10-30T15:00:00,Yellow card,home,Andrew Robertson,90,4
https://www.xscores.com/soccer/match/manchester-city-vs-crystal-palace/30-10-2021/319210,Manchester City,Crystal Palace,2021-10-30T15:00:00,Yellow card,away,Jordan Ayew,27,0
https://www.xscores.com/soccer/match/manchester-city-vs-crystal-palace/30-10-2021/319210,Manchester City,Crystal Palace,2021-10-30T15:00:00,Red card,home,Aymeric Laporte,45,2
https://www.xscores.com/soccer/match/manchester-city-vs-crystal-palace/30-10-2021/319210,Manchester City,Crystal Palace,2021-10-30T15:00:00,Yellow card,home,Bernardo Silva,45,5
https://www.xscores.com/soccer/match/manchester-city-vs-crystal-palace/30-10-2021/319210,Manchester City,Crystal Palace,2021-10-30T15:00:00,Yellow card,home,Ederson Moraes,45,6
https://www.xscores.com/soccer/match/manchester-city-vs-crystal-palace/30-10-2021/319210,Manchester City,Crystal Palace,2021-10-30T15:00:00,Yellow card,away,Conor Gallagher,65,0
https://www.xscores.com/soccer/match/manchester-city-vs-crystal-palace/30-10-2021/319210,Manchester City,Crystal Palace,2021-10-30T15:00:00,Yellow card,away,Vicente Guaita,86,0
https://www.xscores.com/soccer/match/newcastle-vs-chelsea/30-10-2021/319211,Newcastle,Chelsea,2021-10-30T15:00:00,Yellow card,home,Isaac Hayden,17,0
https://www.xscores.com/soccer/match/newcastle-vs-chelsea/30-10-2021/319211,Newcastle,Chelsea,2021-10-30T15:00:00,Yellow card,home,Matt Ritchie,39,0
https://www.xscores.com/soccer/match/newcastle-vs-chelsea/30-10-2021/319211,Newcastle,Chelsea,2021-10-30T15:00:00,Yellow card,away,N'Golo Kante,54,0
https://www.xscores.com/soccer/match/newcastle-vs-chelsea/30-10-2021/319211,Newcastle,Chelsea,2021-10-30T15:00:00,Yellow card,home,Jamaal Lascelles,55,0
https://www.xscores.com/soccer/match/newcastle-vs-chelsea/30-10-2021/319211,Newcastle,Chelsea,2021-10-30T15:00:00,Yellow card,away,Hakim Ziyech,57,0
https://www.xscores.com/soccer/match/watford-vs-southampton/30-10-2021/319214,Watford,Southampton,2021-10-30T15:00:00,Yellow card,home,Joao Pedro,45,2
https://www.xscores.com/soccer/match/watford-vs-southampton/30-10-2021/319214,Watford,Southampton,2021-10-30T15:00:00,Yellow card,away,Mohammed Salisu,55,0
https://www.xscores.com/soccer/match/watford-vs-southampton/30-10-2021/319214,Watford,Southampton,2021-10-30T15:00:00,Yellow card,away,James Ward-Prowse,58,0
https://www.xscores.com/soccer/match/watford-vs-southampton/30-10-2021/319214,Watford,Southampton,2021-10-30T15:00:00,Yellow card,home,Juraj Kucka,76,0
https://www.xscores.com/soccer/match/tottenham-vs-manchester-united/30-10-2021/319213,Tottenham,Manchester United,2021-10-30T17:30:00,Yellow card,away,Luke Shaw,19,0
https://www.xscores.com/soccer/match/tottenham-vs-manchester-united/30-10-2021/319213,Tottenham,Manchester United,2021-10-30T17:30:00,Yellow card,away,Harry Maguire,22,0
https://www.xscores.com/soccer/match/tottenham-vs-manchester-united/30-10-2021/319213,Tottenham,Manchester United,2021-10-30T17:30:00,Yellow card,away,Fred,73,0
https://www.xscores.com/soccer/match/tottenham-vs-manchester-united/30-10-2021/319213,Tottenham,Manchester United,2021-10-30T17:30:00,Yellow card,home,Ben Davies,78,0
https://www.xscores.com/soccer/match/tottenham-vs-manchester-united/30-10-2021/319213,Tottenham,Manchester United,2021-10-30T17:30:00,Yellow card,home,Cristian Romero,90,2
https://www.xscores.com/soccer/match/norwich-vs-leeds/31-10-2021/319212,Norwich,Leeds,2021-10-31T14:00:00,Yellow card,away,Rodrigo,32,0
https://www.xscores.com/soccer/match/norwich-vs-leeds/31-10-2021/319212,Norwich,Leeds,2021-10-31T14:00:00,Yellow card,away,Jack Harrison,44,0
https://www.xscores.com/soccer/match/norwich-vs-leeds/31-10-2021/319212,Norwich,Leeds,2021-10-31T14:00:00,Yellow card,home,Kenny McLean,46,0
https://www.xscores.com/soccer/match/norwich-vs-leeds/31-10-2021/319212,Norwich,Leeds,2021-10-31T14:00:00,Yellow card,away,Jamie Shackleton,67,0
https://www.xscores.com/soccer/match/norwich-vs-leeds/31-10-2021/319212,Norwich,Leeds,2021-10-31T14:00:00,Yellow card,away,Cody Drameh,79,0
https://www.xscores.com/soccer/match/aston-villa-vs-west-ham/31-10-2021/319206,Aston Villa,West Ham,2021-10-31T16:30:00,Red card,home,Ezri Konsa,50,0
https://www.xscores.com/soccer/match/aston-villa-vs-west-ham/31-10-2021/319206,Aston Villa,West Ham,2021-10-31T16:30:00,Yellow card,away,Pablo Fornals,79,0
https://www.xscores.com/soccer/match/aston-villa-vs-west-ham/31-10-2021/319206,Aston Villa,West Ham,2021-10-31T16:30:00,Yellow card,away,Jarrod Bowen,79,0
https://www.xscores.com/soccer/match/aston-villa-vs-west-ham/31-10-2021/319206,Aston Villa,West Ham,2021-10-31T16:30:00,Yellow card,home,John McGinn,79,0
https://www.xscores.com/soccer/match/wolverhampton-vs-everton/01-11-2021/319215,Wolverhampton,Everton,2021-11-01T20:00:00,Yellow card,away,Seamus Coleman,90,2
https://www.xscores.com/soccer/match/wolverhampton-vs-everton/01-11-2021/319215,Wolverhampton,Everton,2021-11-01T20:00:00,Yellow card,home,Rayan Ait Nouri,90,2
https://www.xscores.com/soccer/match/southampton-vs-aston-villa/05-11-2021/319224,Southampton,Aston Villa,2021-11-05T20:00:00,Yellow card,away,Anwar El-Ghazi,11,0
https://www.xscores.com/soccer/match/southampton-vs-aston-villa/05-11-2021/319224,Southampton,Aston Villa,2021-11-05T20:00:00,Yellow card,home,Oriol Romeu,62,0
https://www.xscores.com/soccer/match/southampton-vs-aston-villa/05-11-2021/319224,Southampton,Aston Villa,2021-11-05T20:00:00,Yellow card,away,Axel Tuanzebe,65,0
https://www.xscores.com/soccer/match/southampton-vs-aston-villa/05-11-2021/319224,Southampton,Aston Villa,2021-11-05T20:00:00,Yellow card,home,Mohammed Salisu,90,1
https://www.xscores.com/soccer/match/manchester-united-vs-manchester-city/06-11-2021/319223,Manchester United,Manchester City,2021-11-06T12:30:00,Yellow card,away,Joao Cancelo,48,0
https://www.xscores.com/soccer/match/manchester-united-vs-manchester-city/06-11-2021/319223,Manchester United,Manchester City,2021-11-06T12:30:00,Yellow card,away,Bernardo Silva,58,0
https://www.xscores.com/soccer/match/manchester-united-vs-manchester-city/06-11-2021/319223,Manchester United,Manchester City,2021-11-06T12:30:00,Yellow card,home,Cristiano Ronaldo,90,0
https://www.xscores.com/soccer/match/brentford-vs-norwich/06-11-2021/319217,Brentford,Norwich,2021-11-06T15:00:00,Yellow card,home,Ivan Toney,4,0
https://www.xscores.com/soccer/match/brentford-vs-norwich/06-11-2021/319217,Brentford,Norwich,2021-11-06T15:00:00,Yellow card,home,Charlie Goode,28,0
https://www.xscores.com/soccer/match/brentford-vs-norwich/06-11-2021/319217,Brentford,Norwich,2021-11-06T15:00:00,Yellow card,away,Mathias Normann,32,0
https://www.xscores.com/soccer/match/brentford-vs-norwich/06-11-2021/319217,Brentford,Norwich,2021-11-06T15:00:00,Yellow card,away,Andrew Omobamidele,52,0
https://www.xscores.com/soccer/match/brentford-vs-norwich/06-11-2021/319217,Brentford,Norwich,2021-11-06T15:00:00,Yellow card,away,Max Aarons,90,0
https://www.xscores.com/soccer/match/chelsea-vs-burnley/06-11-2021/319219,Chelsea,Burnley,2021-11-06T15:00:00,Yellow card,away,Ashley Westwood,68,0
https://www.xscores.com/soccer/match/chelsea-vs-burnley/06-11-2021/319219,Chelsea,Burnley,2021-11-06T15:00:00,Yellow card,away,Maxwel Cornet,76,0
https://www.xscores.com/soccer/match/chelsea-vs-burnley/06-11-2021/319219,Chelsea,Burnley,2021-11-06T15:00:00,Yellow card,home,Reece James,76,0
https://www.xscores.com/soccer/match/chelsea-vs-burnley/06-11-2021/319219,Chelsea,Burnley,2021-11-06T15:00:00,Yellow card,away,James Tarkowski,84,0
https://www.xscores.com/soccer/match/chelsea-vs-burnley/06-11-2021/319219,Chelsea,Burnley,2021-11-06T15:00:00,Yellow card,away,Josh Brownhill,90,0
https://www.xscores.com/soccer/match/crystal-palace-vs-wolverhampton/06-11-2021/319220,Crystal Palace,Wolverhampton,2021-11-06T15:00:00,Yellow card,away,Joao Moutinho,9,0
https://www.xscores.com/soccer/match/crystal-palace-vs-wolverhampton/06-11-2021/319220,Crystal Palace,Wolverhampton,2021-11-06T15:00:00,Yellow card,home,Marc Guehi,37,0
https://www.xscores.com/soccer/match/crystal-palace-vs-wolverhampton/06-11-2021/319220,Crystal Palace,Wolverhampton,2021-11-06T15:00:00,Yellow card,home,Michael Olise,81,0
https://www.xscores.com/soccer/match/brighton-vs-newcastle/06-11-2021/319218,Brighton,Newcastle,2021-11-06T17:30:00,Yellow card,away,Jamaal Lascelles,12,0
https://www.xscores.com/soccer/match/brighton-vs-newcastle/06-11-2021/319218,Brighton,Newcastle,2021-11-06T17:30:00,Yellow card,away,Jacob Murphy,60,0
https://www.xscores.com/soccer/match/brighton-vs-newcastle/06-11-2021/319218,Brighton,Newcastle,2021-11-06T17:30:00,Yellow card,away,Jonjo Shelvey,69,0
https://www.xscores.com/soccer/match/brighton-vs-newcastle/06-11-2021/319218,Brighton,Newcastle,2021-11-06T17:30:00,Yellow card,away,Callum Wilson,73,0
https://www.xscores.com/soccer/match/brighton-vs-newcastle/06-11-2021/319218,Brighton,Newcastle,2021-11-06T17:30:00,Yellow card,home,Adam Lallana,75,0
https://www.xscores.com/soccer/match/brighton-vs-newcastle/06-11-2021/319218,Brighton,Newcastle,2021-11-06T17:30:00,Yellow card,home,Yves Bissouma,84,0
https://www.xscores.com/soccer/match/brighton-vs-newcastle/06-11-2021/319218,Brighton,Newcastle,2021-11-06T17:30:00,Yellow card,home,Neal Maupay,84,0
https://www.xscores.com/soccer/match/brighton-vs-newcastle/06-11-2021/319218,Brighton,Newcastle,2021-11-06T17:30:00,Red card,home,Robert Sanchez,90,2
https://www.xscores.com/soccer/match/arsenal-vs-watford/07-11-2021/319216,Arsenal,Watford,2021-11-07T14:00:00,Yellow card,away,Joshua King,10,0
https://www.xscores.com/soccer/match/arsenal-vs-watford/07-11-2021/319216,Arsenal,Watford,2021-11-07T14:00:00,Yellow card,home,Albert Sambi Lokonga,20,0
https://www.xscores.com/soccer/match/arsenal-vs-watford/07-11-2021/319216,Arsenal,Watford,2021-11-07T14:00:00,Yellow card,home,Takehiro Tomiyasu,30,0
https://www.xscores.com/soccer/match/arsenal-vs-watford/07-11-2021/319216,Arsenal,Watford,2021-11-07T14:00:00,Yellow card,away,Juraj Kucka,31,0
https://www.xscores.com/soccer/match/arsenal-vs-watford/07-11-2021/319216,Arsenal,Watford,2021-11-07T14:00:00,Yellow card,home,Pierre-Emerick Aubameyang,52,0
https://www.xscores.com/soccer/match/arsenal-vs-watford/07-11-2021/319216,Arsenal,Watford,2021-11-07T14:00:00,Yellow card,away,Moussa Sissoko,54,0
https://www.xscores.com/soccer/match/arsenal-vs-watford/07-11-2021/319216,Arsenal,Watford,2021-11-07T14:00:00,Yellow card,home,Gabriel,80,0
https://www.xscores.com/soccer/match/arsenal-vs-watford/07-11-2021/319216,Arsenal,Watford,2021-11-07T14:00:00,Yellow card 2,away,Juraj Kucka,89,0
https://www.xscores.com/soccer/match/everton-vs-tottenham/07-11-2021/319221,Everton,Tottenham,2021-11-07T14:00:00,Yellow card,away,Sergio Reguilon,12,0
https://www.xscores.com/soccer/match/everton-vs-tottenham/07-11-2021/319221,Everton,Tottenham,2021-11-07T14:00:00,Yellow card,home,Fabian Delph,26,0
https://www.xscores.com/soccer/match/everton-vs-tottenham/07-11-2021/319221,Everton,Tottenham,2021-11-07T14:00:00,Yellow card,home,Richarlison,69,0
https://www.xscores.com/soccer/match/everton-vs-tottenham/07-11-2021/319221,Everton,Tottenham,2021-11-07T14:00:00,Yellow card,away,Cristian Romero,69,0
https://www.xscores.com/soccer/match/everton-vs-tottenham/07-11-2021/319221,Everton,Tottenham,2021-11-07T14:00:00,Yellow card,away,Tanguy Ndombele,87,0
https://www.xscores.com/soccer/match/everton-vs-tottenham/07-11-2021/319221,Everton,Tottenham,2021-11-07T14:00:00,Red card,home,Mason Holgate,90,2
https://www.xscores.com/soccer/match/everton-vs-tottenham/07-11-2021/319221,Everton,Tottenham,2021-11-07T14:00:00,Yellow card,away,Oliver Skipp,90,4
https://www.xscores.com/soccer/match/leeds-vs-leicester/07-11-2021/319222,Leeds,Leicester,2021-11-07T14:00:00,Yellow card,home,Raphinha,27,0
https://www.xscores.com/soccer/match/leeds-vs-leicester/07-11-2021/319222,Leeds,Leicester,2021-11-07T14:00:00,Yellow card,away,Wilfred Ndidi,74,0
https://www.xscores.com/soccer/match/west-ham-vs-liverpool/07-11-2021/319225,West Ham,Liverpool,2021-11-07T16:30:00,Yellow card,home,Tomas Soucek,45,7
https://www.xscores.com/soccer/match/west-ham-vs-liverpool/07-11-2021/319225,West Ham,Liverpool,2021-11-07T16:30:00,Yellow card,away,Trent Alexander-Arnold,55,0
https://www.xscores.com/soccer/match/leicester-vs-chelsea/20-11-2021/319228,Leicester,Chelsea,2021-11-20T12:30:00,Yellow card,home,Daniel Amartey,40,0
https://www.xscores.com/soccer/match/leicester-vs-chelsea/20-11-2021/319228,Leicester,Chelsea,2021-11-20T12:30:00,Yellow card,home,Jonny Evans,45,0
https://www.xscores.com/soccer/match/leicester-vs-chelsea/20-11-2021/319228,Leicester,Chelsea,2021-11-20T12:30:00,Yellow card,home,Kasper Schmeichel,45,0
https://www.xscores.com/soccer/match/leicester-vs-chelsea/20-11-2021/319228,Leicester,Chelsea,2021-11-20T12:30:00,Yellow card,away,Edouard Mendy,65,0
https://www.xscores.com/soccer/match/aston-villa-vs-brighton/20-11-2021/319226,Aston Villa,Brighton,2021-11-20T15:00:00,Yellow card,away,Marc Cucurella,49,0
https://www.xscores.com/soccer/match/aston-villa-vs-brighton/20-11-2021/319226,Aston Villa,Brighton,2021-11-20T15:00:00,Yellow card,home,Marvelous Nakamba,59,0
https://www.xscores.com/soccer/match/aston-villa-vs-brighton/20-11-2021/319226,Aston Villa,Brighton,2021-11-20T15:00:00,Yellow card,away,Adam Webster,67,0
https://www.xscores.com/soccer/match/aston-villa-vs-brighton/20-11-2021/319226,Aston Villa,Brighton,2021-11-20T15:00:00,Yellow card,away,Alexis Mac Allister,90,3
https://www.xscores.com/soccer/match/aston-villa-vs-brighton/20-11-2021/319226,Aston Villa,Brighton,2021-11-20T15:00:00,Yellow card,home,Ezri Konsa,90,3
https://www.xscores.com/soccer/match/aston-villa-vs-brighton/20-11-2021/319226,Aston Villa,Brighton,2021-11-20T15:00:00,Yellow card,home,Matty Cash,90,4
https://www.xscores.com/soccer/match/burnley-vs-crystal-palace/20-11-2021/319227,Burnley,Crystal Palace,2021-11-20T15:00:00,Yellow card,home,James Tarkowski,22,0
https://www.xscores.com/soccer/match/burnley-vs-crystal-palace/20-11-2021/319227,Burnley,Crystal Palace,2021-11-20T15:00:00,Yellow card,away,Wilfried Zaha,22,0
https://www.xscores.com/soccer/match/burnley-vs-crystal-palace/20-11-2021/319227,Burnley,Crystal Palace,2021-11-20T15:00:00,Yellow card,away,Christian Benteke,59,0
https://www.xscores.com/soccer/match/burnley-vs-crystal-palace/20-11-2021/319227,Burnley,Crystal Palace,2021-11-20T15:00:00,Yellow card,home,Ashley Westwood,70,0
https://www.xscores.com/soccer/match/burnley-vs-crystal-palace/20-11-2021/319227,Burnley,Crystal Palace,2021-11-20T15:00:00,Yellow card,away,Michael Olise,90,1
https://www.xscores.com/soccer/match/newcastle-vs-brentford/20-11-2021/319231,Newcastle,Brentford,2021-11-20T15:00:00,Yellow card,away,Saman Ghoddos,42,0
https://www.xscores.com/soccer/match/newcastle-vs-brentford/20-11-2021/319231,Newcastle,Brentford,2021-11-20T15:00:00,Yellow card,home,Callum Wilson,46,0
https://www.xscores.com/soccer/match/newcastle-vs-brentford/20-11-2021/319231,Newcastle,Brentford,2021-11-20T15:00:00,Yellow card,home,Allan Saint-Maximin,75,0
https://www.xscores.com/soccer/match/newcastle-vs-brentford/20-11-2021/319231,Newcastle,Brentford,2021-11-20T15:00:00,Yellow card,away,Christian Noergaard,83,0
https://www.xscores.com/soccer/match/norwich-vs-southampton/20-11-2021/319232,Norwich,Southampton,2021-11-20T15:00:00,Yellow card,home,Brandon Williams,64,0
https://www.xscores.com/soccer/match/norwich-vs-southampton/20-11-2021/319232,Norwich,Southampton,2021-11-20T15:00:00,Yellow card,away,Jan Bednarek,64,0
https://www.xscores.com/soccer/match/norwich-vs-southampton/20-11-2021/319232,Norwich,Southampton,2021-11-20T15:00:00,Yellow card,away,Kyle Walker-Peters,71,0
https://www.xscores.com/soccer/match/norwich-vs-southampton/20-11-2021/319232,Norwich,Southampton,2021-11-20T15:00:00,Yellow card,home,Tim Krul,90,3
https://www.xscores.com/soccer/match/norwich-vs-southampton/20-11-2021/319232,Norwich,Southampton,2021-11-20T15:00:00,Yellow card,home,Mathias Normann,90,4
https://www.xscores.com/soccer/match/watford-vs-manchester-united/20-11-2021/319234,Watford,Manchester United,2021-11-20T15:00:00,Yellow card,away,Scott McTominay,19,0
https://www.xscores.com/soccer/match/watford-vs-manchester-united/20-11-2021/319234,Watford,Manchester United,2021-11-20T15:00:00,Yellow card,home,Imran Louza,45,0
https://www.xscores.com/soccer/match/watford-vs-manchester-united/20-11-2021/319234,Watford,Manchester United,2021-11-20T15:00:00,Yellow card,away,Harry Maguire,62,0
https://www.xscores.com/soccer/match/watford-vs-manchester-united/20-11-2021/319234,Watford,Manchester United,2021-11-20T15:00:00,Yellow card 2,away,Harry Maguire,69,0
https://www.xscores.com/soccer/match/watford-vs-manchester-united/20-11-2021/319234,Watford,Manchester United,2021-11-20T15:00:00,Yellow card,home,Emmanuel Dennis,90,7
https://www.xscores.com/soccer/match/wolverhampton-vs-west-ham/20-11-2021/319235,Wolverhampton,West Ham,2021-11-20T15:00:00,Yellow card,home,Ruben Neves,54,0
https://www.xscores.com/soccer/match/wolverhampton-vs-west-ham/20-11-2021/319235,Wolverhampton,West Ham,2021-11-20T15:00:00,Yellow card,away,Declan Rice,86,0
https://www.xscores.com/soccer/match/liverpool-vs-arsenal/20-11-2021/319229,Liverpool,Arsenal,2021-11-20T17:30:00,Yellow card,home,Juergen Klopp,33,0
https://www.xscores.com/soccer/match/liverpool-vs-arsenal/20-11-2021/319229,Liverpool,Arsenal,2021-11-20T17:30:00,Yellow card,home,Sadio Mane,44,0
https://www.xscores.com/soccer/match/liverpool-vs-arsenal/20-11-2021/319229,Liverpool,Arsenal,2021-11-20T17:30:00,Yellow card,home,Fabinho,70,0
https://www.xscores.com/soccer/match/manchester-city-vs-everton/21-11-2021/319230,Manchester City,Everton,2021-11-21T14:00:00,Yellow card,away,Richarlison,31,0
https://www.xscores.com/soccer/match/manchester-city-vs-everton/21-11-2021/319230,Manchester City,Everton,2021-11-21T14:00:00,Yellow card,home,Aymeric Laporte,45,3
https://www.xscores.com/soccer/match/tottenham-vs-leeds/21-11-2021/319233,Tottenham,Leeds,2021-11-21T16:30:00,Yellow card,away,Joe Gelhardt,30,0
https://www.xscores.com/soccer/match/tottenham-vs-leeds/21-11-2021/319233,Tottenham,Leeds,2021-11-21T16:30:00,Yellow card,away,Adam Forshaw,65,0
https://www.xscores.com/soccer/match/tottenham-vs-leeds/21-11-2021/319233,Tottenham,Leeds,2021-11-21T16:30:00,Yellow card,away,Liam Cooper,67,0
https://www.xscores.com/soccer/match/tottenham-vs-leeds/21-11-2021/319233,Tottenham,Leeds,2021-11-21T16:30:00,Yellow card,home,Emerson Royal,90,1
https://www.xscores.com/soccer/match/tottenham-vs-leeds/21-11-2021/319233,Tottenham,Leeds,2021-11-21T16:30:00,Yellow card,away,Kalvin Phillips,90,4
https://www.xscores.com/soccer/match/arsenal-vs-newcastle/27-11-2021/319236,Arsenal,Newcastle,2021-11-27T12:30:00,Yellow card,away,Matt Ritchie,44,0
https://www.xscores.com/soccer/match/arsenal-vs-newcastle/27-11-2021/319236,Arsenal,Newcastle,2021-11-27T12:30:00,Yellow card,away,Emil Krafth,48,0
https://www.xscores.com/soccer/match/arsenal-vs-newcastle/27-11-2021/319236,Arsenal,Newcastle,2021-11-27T12:30:00,Yellow card,away,Jamaal Lascelles,63,0
https://www.xscores.com/soccer/match/arsenal-vs-newcastle/27-11-2021/319236,Arsenal,Newcastle,2021-11-27T12:30:00,Yellow card,home,Pierre-Emerick Aubameyang,76,0
https://www.xscores.com/soccer/match/crystal-palace-vs-aston-villa/27-11-2021/319241,Crystal Palace,Aston Villa,2021-11-27T15:00:00,Yellow card,home,Wilfried Zaha,29,0
https://www.xscores.com/soccer/match/crystal-palace-vs-aston-villa/27-11-2021/319241,Crystal Palace,Aston Villa,2021-11-27T15:00:00,Yellow card,away,Matty Cash,29,0
https://www.xscores.com/soccer/match/crystal-palace-vs-aston-villa/27-11-2021/319241,Crystal Palace,Aston Villa,2021-11-27T15:00:00,Yellow card,home,Joel Ward,44,0
https://www.xscores.com/soccer/match/crystal-palace-vs-aston-villa/27-11-2021/319241,Crystal Palace,Aston Villa,2021-11-27T15:00:00,Yellow card,away,Marvelous Nakamba,54,0
https://www.xscores.com/soccer/match/crystal-palace-vs-aston-villa/27-11-2021/319241,Crystal Palace,Aston Villa,2021-11-27T15:00:00,Yellow card,home,Luka Milivojevic,56,0
https://www.xscores.com/soccer/match/crystal-palace-vs-aston-villa/27-11-2021/319241,Crystal Palace,Aston Villa,2021-11-27T15:00:00,Yellow card,away,Douglas Luiz,74,0
https://www.xscores.com/soccer/match/liverpool-vs-southampton/27-11-2021/319243,Liverpool,Southampton,2021-11-27T15:00:00,Yellow card,away,Jan Bednarek,11,0
https://www.xscores.com/soccer/match/norwich-vs-wolverhampton/27-11-2021/319245,Norwich,Wolverhampton,2021-11-27T15:00:00,Yellow card,home,Billy Gilmour,26,0
https://www.xscores.com/soccer/match/norwich-vs-wolverhampton/27-11-2021/319245,Norwich,Wolverhampton,2021-11-27T15:00:00,Yellow card,away,Ruben Neves,31,0
https://www.xscores.com/soccer/match/norwich-vs-wolverhampton/27-11-2021/319245,Norwich,Wolverhampton,2021-11-27T15:00:00,Yellow card,home,Ben Gibson,50,0
https://www.xscores.com/soccer/match/norwich-vs-wolverhampton/27-11-2021/319245,Norwich,Wolverhampton,2021-11-27T15:00:00,Yellow card,away,Nelson Semedo,53,0
https://www.xscores.com/soccer/match/brighton-vs-leeds/27-11-2021/319238,Brighton,Leeds,2021-11-27T17:30:00,Yellow card,away,Junior Firpo,5,0
https://www.xscores.com/soccer/match/brighton-vs-leeds/27-11-2021/319238,Brighton,Leeds,2021-11-27T17:30:00,Yellow card,away,Diego Llorente,66,0
https://www.xscores.com/soccer/match/brighton-vs-leeds/27-11-2021/319238,Brighton,Leeds,2021-11-27T17:30:00,Yellow card,home,Yves Bissouma,81,0
https://www.xscores.com/soccer/match/brighton-vs-leeds/27-11-2021/319238,Brighton,Leeds,2021-11-27T17:30:00,Yellow card,away,Jamie Shackleton,85,0
https://www.xscores.com/soccer/match/brentford-vs-everton/28-11-2021/319237,Brentford,Everton,2021-11-28T14:00:00,Yellow card,away,Andros Townsend,38,0
https://www.xscores.com/soccer/match/brentford-vs-everton/28-11-2021/319237,Brentford,Everton,2021-11-28T14:00:00,Yellow card,home,Frank Onyeka,43,0
https://www.xscores.com/soccer/match/brentford-vs-everton/28-11-2021/319237,Brentford,Everton,2021-11-28T14:00:00,Yellow card,home,Sergi Canos,51,0
https://www.xscores.com/soccer/match/brentford-vs-everton/28-11-2021/319237,Brentford,Everton,2021-11-28T14:00:00,Yellow card,away,Jose Salomon Rondon,66,0
https://www.xscores.com/soccer/match/brentford-vs-everton/28-11-2021/319237,Brentford,Everton,2021-11-28T14:00:00,Yellow card,home,Pontus Jansson,66,0
https://www.xscores.com/soccer/match/brentford-vs-everton/28-11-2021/319237,Brentford,Everton,2021-11-28T14:00:00,Yellow card,away,Ben Godfrey,80,0
https://www.xscores.com/soccer/match/brentford-vs-everton/28-11-2021/319237,Brentford,Everton,2021-11-28T14:00:00,Yellow card,home,Bryan Mbeumo,90,2
https://www.xscores.com/soccer/match/manchester-city-vs-west-ham/28-11-2021/319244,Manchester City,West Ham,2021-11-28T14:00:00,Yellow card,home,Aymeric Laporte,29,0
https://www.xscores.com/soccer/match/manchester-city-vs-west-ham/28-11-2021/319244,Manchester City,West Ham,2021-11-28T14:00:00,Yellow card,home,Joao Cancelo,61,0
https://www.xscores.com/soccer/match/chelsea-vs-manchester-united/28-11-2021/319240,Chelsea,Manchester United,2021-11-28T16:30:00,Yellow card,away,Scott McTominay,45,0
https://www.xscores.com/soccer/match/chelsea-vs-manchester-united/28-11-2021/319240,Chelsea,Manchester United,2021-11-28T16:30:00,Yellow card,away,Marcus Rashford,49,0
https://www.xscores.com/soccer/match/chelsea-vs-manchester-united/28-11-2021/319240,Chelsea,Manchester United,2021-11-28T16:30:00,Yellow card,home,Reece James,53,0
https://www.xscores.com/soccer/match/chelsea-vs-manchester-united/28-11-2021/319240,Chelsea,Manchester United,2021-11-28T16:30:00,Yellow card,away,Bruno Fernandes,77,0
https://www.xscores.com/soccer/match/chelsea-vs-manchester-united/28-11-2021/319240,Chelsea,Manchester United,2021-11-28T16:30:00,Yellow card,away,Cristiano Ronaldo,90,2
https://www.xscores.com/soccer/match/chelsea-vs-manchester-united/28-11-2021/319240,Chelsea,Manchester United,2021-11-28T16:30:00,Yellow card,home,Thomas Tuchel,90,4
https://www.xscores.com/soccer/match/chelsea-vs-manchester-united/28-11-2021/319240,Chelsea,Manchester United,2021-11-28T16:30:00,Yellow card,home,Jorginho,90,5
https://www.xscores.com/soccer/match/chelsea-vs-manchester-united/28-11-2021/319240,Chelsea,Manchester United,2021-11-28T16:30:00,Yellow card,away,Eric Bailly,90,6
https://www.xscores.com/soccer/match/newcastle-vs-norwich/30-11-2021/319253,Newcastle,Norwich,2021-11-30T19:30:00,Red card,home,Ciaran Clark,9,0
https://www.xscores.com/soccer/match/leeds-vs-crystal-palace/30-11-2021/319248,Leeds,Crystal Palace,2021-11-30T20:15:00,Yellow card,away,Joel Ward,37,0
https://www.xscores.com/soccer/match/leeds-vs-crystal-palace/30-11-2021/319248,Leeds,Crystal Palace,2021-11-30T20:15:00,Yellow card,away,Conor Gallagher,39,0
https://www.xscores.com/soccer/match/leeds-vs-crystal-palace/30-11-2021/319248,Leeds,Crystal Palace,2021-11-30T20:15:00,Yellow card,home,Pascal Struijk,42,0
https://www.xscores.com/soccer/match/leeds-vs-crystal-palace/30-11-2021/319248,Leeds,Crystal Palace,2021-11-30T20:15:00,Yellow card,home,Junior Firpo,47,0
https://www.xscores.com/soccer/match/leeds-vs-crystal-palace/30-11-2021/319248,Leeds,Crystal Palace,2021-11-30T20:15:00,Yellow card,home,Stuart Dallas,72,0
https://www.xscores.com/soccer/match/leeds-vs-crystal-palace/30-11-2021/319248,Leeds,Crystal Palace,2021-11-30T20:15:00,Yellow card,home,Tyler Roberts,87,0
https://www.xscores.com/soccer/match/leeds-vs-crystal-palace/30-11-2021/319248,Leeds,Crystal Palace,2021-11-30T20:15:00,Yellow card,away,Marc Guehi,90,3
https://www.xscores.com/soccer/match/leeds-vs-crystal-palace/30-11-2021/319248,Leeds,Crystal Palace,2021-11-30T20:15:00,Yellow card,home,Adam Forshaw,90,6
https://www.xscores.com/soccer/match/southampton-vs-leicester/01-12-2021/319254,Southampton,Leicester,2021-12-01T19:30:00,Yellow card,home,Oriol Romeu,48,0
https://www.xscores.com/soccer/match/southampton-vs-leicester/01-12-2021/319254,Southampton,Leicester,2021-12-01T19:30:00,Yellow card,away,Ademola Lookman,55,0
https://www.xscores.com/soccer/match/southampton-vs-leicester/01-12-2021/319254,Southampton,Leicester,2021-12-01T19:30:00,Yellow card,away,Wilfred Ndidi,82,0
https://www.xscores.com/soccer/match/southampton-vs-leicester/01-12-2021/319254,Southampton,Leicester,2021-12-01T19:30:00,Yellow card,away,Kiernan Dewsbury-Hall,90,3
https://www.xscores.com/soccer/match/watford-vs-chelsea/01-12-2021/319249,Watford,Chelsea,2021-12-01T19:30:00,Yellow card,away,Saul Niguez,16,0
https://www.xscores.com/soccer/match/watford-vs-chelsea/01-12-2021/319249,Watford,Chelsea,2021-12-01T19:30:00,Yellow card,home,Imran Louza,45,0
https://www.xscores.com/soccer/match/watford-vs-chelsea/01-12-2021/319249,Watford,Chelsea,2021-12-01T19:30:00,Yellow card,away,Marcos Alonso,45,2
https://www.xscores.com/soccer/match/watford-vs-chelsea/01-12-2021/319249,Watford,Chelsea,2021-12-01T19:30:00,Yellow card,home,William Troost-Ekong,45,4
https://www.xscores.com/soccer/match/watford-vs-chelsea/01-12-2021/319249,Watford,Chelsea,2021-12-01T19:30:00,Yellow card,away,Hakim Ziyech,65,0
https://www.xscores.com/soccer/match/watford-vs-chelsea/01-12-2021/319249,Watford,Chelsea,2021-12-01T19:30:00,Yellow card,home,Danny Rose,84,0
https://www.xscores.com/soccer/match/watford-vs-chelsea/01-12-2021/319249,Watford,Chelsea,2021-12-01T19:30:00,Yellow card,home,Tom Cleverley,84,0
https://www.xscores.com/soccer/match/west-ham-vs-brighton/01-12-2021/319250,West Ham,Brighton,2021-12-01T19:30:00,Yellow card,away,Neal Maupay,90,0
https://www.xscores.com/soccer/match/west-ham-vs-brighton/01-12-2021/319250,West Ham,Brighton,2021-12-01T19:30:00,Yellow card,home,Michail Antonio,90,6
https://www.xscores.com/soccer/match/wolverhampton-vs-burnley/01-12-2021/319251,Wolverhampton,Burnley,2021-12-01T19:30:00,Yellow card,away,Ben Mee,7,0
https://www.xscores.com/soccer/match/wolverhampton-vs-burnley/01-12-2021/319251,Wolverhampton,Burnley,2021-12-01T19:30:00,Yellow card,away,Matthew Lowton,18,0
https://www.xscores.com/soccer/match/wolverhampton-vs-burnley/01-12-2021/319251,Wolverhampton,Burnley,2021-12-01T19:30:00,Yellow card,home,Hee-Chan Hwang,18,0
https://www.xscores.com/soccer/match/wolverhampton-vs-burnley/01-12-2021/319251,Wolverhampton,Burnley,2021-12-01T19:30:00,Yellow card,away,Jay Rodriguez,64,0
https://www.xscores.com/soccer/match/wolverhampton-vs-burnley/01-12-2021/319251,Wolverhampton,Burnley,2021-12-01T19:30:00,Yellow card,home,Max Kilman,86,0
https://www.xscores.com/soccer/match/everton-vs-liverpool/01-12-2021/319247,Everton,Liverpool,2021-12-01T20:15:00,Yellow card,home,Andros Townsend,16,0
https://www.xscores.com/soccer/match/everton-vs-liverpool/01-12-2021/319247,Everton,Liverpool,2021-12-01T20:15:00,Yellow card,home,Allan,31,0
https://www.xscores.com/soccer/match/everton-vs-liverpool/01-12-2021/319247,Everton,Liverpool,2021-12-01T20:15:00,Yellow card,away,Thiago Alcantara,39,0
https://www.xscores.com/soccer/match/everton-vs-liverpool/01-12-2021/319247,Everton,Liverpool,2021-12-01T20:15:00,Yellow card,home,Lucas Digne,40,0
https://www.xscores.com/soccer/match/everton-vs-liverpool/01-12-2021/319247,Everton,Liverpool,2021-12-01T20:15:00,Yellow card,home,Demarai Gray,44,0
https://www.xscores.com/soccer/match/everton-vs-liverpool/01-12-2021/319247,Everton,Liverpool,2021-12-01T20:15:00,Yellow card,away,Andrew Robertson,63,0
https://www.xscores.com/soccer/match/everton-vs-liverpool/01-12-2021/319247,Everton,Liverpool,2021-12-01T20:15:00,Yellow card,away,Virgil van Dijk,80,0
https://www.xscores.com/soccer/match/manchester-united-vs-arsenal/02-12-2021/319252,Manchester United,Arsenal,2021-12-02T20:15:00,Yellow card,home,Scott McTominay,45,1
https://www.xscores.com/soccer/match/west-ham-vs-chelsea/04-12-2021/319264,West Ham,Chelsea,2021-12-04T12:30:00,Yellow card,away,Jorginho,23,0
https://www.xscores.com/soccer/match/west-ham-vs-chelsea/04-12-2021/319264,West Ham,Chelsea,2021-12-04T12:30:00,Yellow card,home,Vladimir Coufal,90,1
https://www.xscores.com/soccer/match/west-ham-vs-chelsea/04-12-2021/319264,West Ham,Chelsea,2021-12-04T12:30:00,Yellow card,away,Reece James,90,2
https://www.xscores.com/soccer/match/west-ham-vs-chelsea/04-12-2021/319264,West Ham,Chelsea,2021-12-04T12:30:00,Yellow card,away,Andreas Christensen,90,4
https://www.xscores.com/soccer/match/newcastle-vs-burnley/04-12-2021/319260,Newcastle,Burnley,2021-12-04T15:00:00,Yellow card,away,Nathan Collins,75,0
https://www.xscores.com/soccer/match/newcastle-vs-burnley/04-12-2021/319260,Newcastle,Burnley,2021-12-04T15:00:00,Yellow card,home,Javier Manquillo,87,0
https://www.xscores.com/soccer/match/southampton-vs-brighton/04-12-2021/319261,Southampton,Brighton,2021-12-04T15:00:00,Yellow card,away,Shane Duffy,45,0
https://www.xscores.com/soccer/match/southampton-vs-brighton/04-12-2021/319261,Southampton,Brighton,2021-12-04T15:00:00,Yellow card,home,Nathan Tella,69,0
https://www.xscores.com/soccer/match/southampton-vs-brighton/04-12-2021/319261,Southampton,Brighton,2021-12-04T15:00:00,Yellow card,away,Yves Bissouma,74,0
https://www.xscores.com/soccer/match/southampton-vs-brighton/04-12-2021/319261,Southampton,Brighton,2021-12-04T15:00:00,Yellow card,home,Mohammed Salisu,80,0
https://www.xscores.com/soccer/match/southampton-vs-brighton/04-12-2021/319261,Southampton,Brighton,2021-12-04T15:00:00,Yellow card,home,Mohamed Elyounoussi,90,4
https://www.xscores.com/soccer/match/southampton-vs-brighton/04-12-2021/319261,Southampton,Brighton,2021-12-04T15:00:00,Yellow card,home,Oriol Romeu,90,7
https://www.xscores.com/soccer/match/wolverhampton-vs-liverpool/04-12-2021/319265,Wolverhampton,Liverpool,2021-12-04T15:00:00,Yellow card,home,Leander Dendoncker,26,0
https://www.xscores.com/soccer/match/wolverhampton-vs-liverpool/04-12-2021/319265,Wolverhampton,Liverpool,2021-12-04T15:00:00,Yellow card,away,Fabinho,62,0
https://www.xscores.com/soccer/match/wolverhampton-vs-liverpool/04-12-2021/319265,Wolverhampton,Liverpool,2021-12-04T15:00:00,Yellow card,away,Andrew Robertson,66,0
https://www.xscores.com/soccer/match/wolverhampton-vs-liverpool/04-12-2021/319265,Wolverhampton,Liverpool,2021-12-04T15:00:00,Yellow card,home,Raul Jimenez,88,0
https://www.xscores.com/soccer/match/watford-vs-manchester-city/04-12-2021/319263,Watford,Manchester City,2021-12-04T17:30:00,Yellow card,home,Joshua King,7,0
https://www.xscores.com/soccer/match/watford-vs-manchester-city/04-12-2021/319263,Watford,Manchester City,2021-12-04T17:30:00,Yellow card,home,Danny Rose,31,0
https://www.xscores.com/soccer/match/watford-vs-manchester-city/04-12-2021/319263,Watford,Manchester City,2021-12-04T17:30:00,Yellow card,home,Craig Cathcart,85,0
https://www.xscores.com/soccer/match/leeds-vs-brentford/05-12-2021/319258,Leeds,Brentford,2021-12-05T14:00:00,Yellow card,home,Tyler Roberts,29,0
https://www.xscores.com/soccer/match/leeds-vs-brentford/05-12-2021/319258,Leeds,Brentford,2021-12-05T14:00:00,Yellow card,away,Charlie Goode,45,2
https://www.xscores.com/soccer/match/leeds-vs-brentford/05-12-2021/319258,Leeds,Brentford,2021-12-05T14:00:00,Yellow card,away,Sergi Canos,55,0
https://www.xscores.com/soccer/match/leeds-vs-brentford/05-12-2021/319258,Leeds,Brentford,2021-12-05T14:00:00,Yellow card,home,Jack Harrison,75,0
https://www.xscores.com/soccer/match/leeds-vs-brentford/05-12-2021/319258,Leeds,Brentford,2021-12-05T14:00:00,Yellow card,home,Mateusz Klich,79,0
https://www.xscores.com/soccer/match/leeds-vs-brentford/05-12-2021/319258,Leeds,Brentford,2021-12-05T14:00:00,Yellow card,away,Rico Henry,80,0
https://www.xscores.com/soccer/match/leeds-vs-brentford/05-12-2021/319258,Leeds,Brentford,2021-12-05T14:00:00,Yellow card,home,Raphinha,85,0
https://www.xscores.com/soccer/match/leeds-vs-brentford/05-12-2021/319258,Leeds,Brentford,2021-12-05T14:00:00,Yellow card,home,Patrick Bamford,90,5
https://www.xscores.com/soccer/match/manchester-united-vs-crystal-palace/05-12-2021/319259,Manchester United,Crystal Palace,2021-12-05T14:00:00,Yellow card,away,Nathaniel Clyne,31,0
https://www.xscores.com/soccer/match/manchester-united-vs-crystal-palace/05-12-2021/319259,Manchester United,Crystal Palace,2021-12-05T14:00:00,Yellow card,away,Marc Guehi,67,0
https://www.xscores.com/soccer/match/manchester-united-vs-crystal-palace/05-12-2021/319259,Manchester United,Crystal Palace,2021-12-05T14:00:00,Yellow card,home,Scott McTominay,81,0
https://www.xscores.com/soccer/match/manchester-united-vs-crystal-palace/05-12-2021/319259,Manchester United,Crystal Palace,2021-12-05T14:00:00,Yellow card,home,Victor Lindelof,90,1
https://www.xscores.com/soccer/match/tottenham-vs-norwich/05-12-2021/319262,Tottenham,Norwich,2021-12-05T14:00:00,Yellow card,away,Teemu Pukki,14,0
https://www.xscores.com/soccer/match/tottenham-vs-norwich/05-12-2021/319262,Tottenham,Norwich,2021-12-05T14:00:00,Yellow card,home,Sergio Reguilon,16,0
https://www.xscores.com/soccer/match/tottenham-vs-norwich/05-12-2021/319262,Tottenham,Norwich,2021-12-05T14:00:00,Yellow card,away,Billy Gilmour,34,0
https://www.xscores.com/soccer/match/aston-villa-vs-leicester/05-12-2021/319256,Aston Villa,Leicester,2021-12-05T16:30:00,Yellow card,home,Marvelous Nakamba,55,0
https://www.xscores.com/soccer/match/aston-villa-vs-leicester/05-12-2021/319256,Aston Villa,Leicester,2021-12-05T16:30:00,Yellow card,away,James Maddison,90,0
https://www.xscores.com/soccer/match/everton-vs-arsenal/06-12-2021/319257,Everton,Arsenal,2021-12-06T20:00:00,Yellow card,home,Ben Godfrey,51,0
https://www.xscores.com/soccer/match/everton-vs-arsenal/06-12-2021/319257,Everton,Arsenal,2021-12-06T20:00:00,Yellow card,away,Granit Xhaka,63,0
https://www.xscores.com/soccer/match/everton-vs-arsenal/06-12-2021/319257,Everton,Arsenal,2021-12-06T20:00:00,Yellow card,away,Martin Oedegaard,74,0
https://www.xscores.com/soccer/match/everton-vs-arsenal/06-12-2021/319257,Everton,Arsenal,2021-12-06T20:00:00,Yellow card,home,Demarai Gray,90,3
https://www.xscores.com/soccer/match/brentford-vs-watford/10-12-2021/319268,Brentford,Watford,2021-12-10T20:00:00,Yellow card,home,Vitaly Janelt,68,0
https://www.xscores.com/soccer/match/brentford-vs-watford/10-12-2021/319268,Brentford,Watford,2021-12-10T20:00:00,Yellow card,home,Pontus Jansson,70,0
https://www.xscores.com/soccer/match/brentford-vs-watford/10-12-2021/319268,Brentford,Watford,2021-12-10T20:00:00,Yellow card,home,Charlie Goode,81,0
https://www.xscores.com/soccer/match/brentford-vs-watford/10-12-2021/319268,Brentford,Watford,2021-12-10T20:00:00,Yellow card,home,Frank Onyeka,90,1
https://www.xscores.com/soccer/match/manchester-city-vs-wolverhampton/11-12-2021/319275,Manchester City,Wolverhampton,2021-12-11T12:30:00,Yellow card,home,Ruben Dias,40,0
https://www.xscores.com/soccer/match/manchester-city-vs-wolverhampton/11-12-2021/319275,Manchester City,Wolverhampton,2021-12-11T12:30:00,Yellow card,home,Rodri,43,0
https://www.xscores.com/soccer/match/manchester-city-vs-wolverhampton/11-12-2021/319275,Manchester City,Wolverhampton,2021-12-11T12:30:00,Yellow card,away,Raul Jimenez,45,1
https://www.xscores.com/soccer/match/manchester-city-vs-wolverhampton/11-12-2021/319275,Manchester City,Wolverhampton,2021-12-11T12:30:00,Yellow card 2,away,Raul Jimenez,45,2
https://www.xscores.com/soccer/match/manchester-city-vs-wolverhampton/11-12-2021/319275,Manchester City,Wolverhampton,2021-12-11T12:30:00,Yellow card,away,Ruben Neves,45,3
https://www.xscores.com/soccer/match/manchester-city-vs-wolverhampton/11-12-2021/319275,Manchester City,Wolverhampton,2021-12-11T12:30:00,Yellow card,away,Leander Dendoncker,78,0
https://www.xscores.com/soccer/match/manchester-city-vs-wolverhampton/11-12-2021/319275,Manchester City,Wolverhampton,2021-12-11T12:30:00,Yellow card,home,Joao Cancelo,81,0
https://www.xscores.com/soccer/match/arsenal-vs-southampton/11-12-2021/319267,Arsenal,Southampton,2021-12-11T15:00:00,Yellow card,home,Gabriel,3,0
https://www.xscores.com/soccer/match/arsenal-vs-southampton/11-12-2021/319267,Arsenal,Southampton,2021-12-11T15:00:00,Yellow card,home,Bukayo Saka,17,0
https://www.xscores.com/soccer/match/chelsea-vs-leeds/11-12-2021/319271,Chelsea,Leeds,2021-12-11T15:00:00,Yellow card,home,Reece James,34,0
https://www.xscores.com/soccer/match/chelsea-vs-leeds/11-12-2021/319271,Chelsea,Leeds,2021-12-11T15:00:00,Yellow card,away,Junior Firpo,42,0
https://www.xscores.com/soccer/match/chelsea-vs-leeds/11-12-2021/319271,Chelsea,Leeds,2021-12-11T15:00:00,Yellow card,away,Jamie Shackleton,53,0
https://www.xscores.com/soccer/match/chelsea-vs-leeds/11-12-2021/319271,Chelsea,Leeds,2021-12-11T15:00:00,Yellow card,home,Mason Mount,60,0
https://www.xscores.com/soccer/match/chelsea-vs-leeds/11-12-2021/319271,Chelsea,Leeds,2021-12-11T15:00:00,Yellow card,away,Mateusz Klich,69,0
https://www.xscores.com/soccer/match/chelsea-vs-leeds/11-12-2021/319271,Chelsea,Leeds,2021-12-11T15:00:00,Yellow card,away,Illan Meslier,90,3
https://www.xscores.com/soccer/match/chelsea-vs-leeds/11-12-2021/319271,Chelsea,Leeds,2021-12-11T15:00:00,Yellow card,away,Diego Llorente,90,6
https://www.xscores.com/soccer/match/liverpool-vs-aston-villa/11-12-2021/319274,Liverpool,Aston Villa,2021-12-11T15:00:00,Yellow card,home,Virgil van Dijk,13,0
https://www.xscores.com/soccer/match/liverpool-vs-aston-villa/11-12-2021/319274,Liverpool,Aston Villa,2021-12-11T15:00:00,Yellow card,away,Marvelous Nakamba,19,0
https://www.xscores.com/soccer/match/liverpool-vs-aston-villa/11-12-2021/319274,Liverpool,Aston Villa,2021-12-11T15:00:00,Yellow card,away,Ollie Watkins,24,0
https://www.xscores.com/soccer/match/norwich-vs-manchester-united/11-12-2021/319276,Norwich,Manchester United,2021-12-11T17:30:00,Yellow card,away,Diogo Dalot,77,0
https://www.xscores.com/soccer/match/norwich-vs-manchester-united/11-12-2021/319276,Norwich,Manchester United,2021-12-11T17:30:00,Yellow card,home,Pierre Lees-Melou,90,4
https://www.xscores.com/soccer/match/burnley-vs-west-ham/12-12-2021/319270,Burnley,West Ham,2021-12-12T14:00:00,Yellow card,home,Charlie Taylor,33,0
https://www.xscores.com/soccer/match/burnley-vs-west-ham/12-12-2021/319270,Burnley,West Ham,2021-12-12T14:00:00,Yellow card,home,Ben Mee,45,3
https://www.xscores.com/soccer/match/burnley-vs-west-ham/12-12-2021/319270,Burnley,West Ham,2021-12-12T14:00:00,Yellow card,away,Craig Dawson,90,2
https://www.xscores.com/soccer/match/leicester-vs-newcastle/12-12-2021/319273,Leicester,Newcastle,2021-12-12T14:00:00,Yellow card,home,Timothy Castagne,11,0
https://www.xscores.com/soccer/match/leicester-vs-newcastle/12-12-2021/319273,Leicester,Newcastle,2021-12-12T14:00:00,Yellow card,away,Jamal Lewis,24,0
https://www.xscores.com/soccer/match/leicester-vs-newcastle/12-12-2021/319273,Leicester,Newcastle,2021-12-12T14:00:00,Yellow card,home,Caglar Soyuncu,64,0
https://www.xscores.com/soccer/match/leicester-vs-newcastle/12-12-2021/319273,Leicester,Newcastle,2021-12-12T14:00:00,Yellow card,away,Javier Manquillo,70,0
https://www.xscores.com/soccer/match/leicester-vs-newcastle/12-12-2021/319273,Leicester,Newcastle,2021-12-12T14:00:00,Yellow card,away,Allan Saint-Maximin,90,0
https://www.xscores.com/soccer/match/crystal-palace-vs-everton/12-12-2021/319272,Crystal Palace,Everton,2021-12-12T16:30:00,Yellow card,away,Abdoulaye Doucoure,72,0
https://www.xscores.com/soccer/match/crystal-palace-vs-everton/12-12-2021/319272,Crystal Palace,Everton,2021-12-12T16:30:00,Yellow card,away,Demarai Gray,76,0
https://www.xscores.com/soccer/match/brighton-vs-tottenham/16-03-2022/319269,Brighton,Tottenham,2022-03-16T19:30:00,Yellow card,home,Neal Maupay,7,0
https://www.xscores.com/soccer/match/brighton-vs-tottenham/16-03-2022/319269,Brighton,Tottenham,2022-03-16T19:30:00,Yellow card,away,Sergio Reguilon,43,0
https://www.xscores.com/soccer/match/brighton-vs-tottenham/16-03-2022/319269,Brighton,Tottenham,2022-03-16T19:30:00,Yellow card,home,Joel Veltman,45,1
https://www.xscores.com/soccer/match/brighton-vs-tottenham/16-03-2022/319269,Brighton,Tottenham,2022-03-16T19:30:00,Yellow card,away,Cristian Romero,54,0
https://www.xscores.com/soccer/match/norwich-vs-aston-villa/14-12-2021/319282,Norwich,Aston Villa,2021-12-14T19:45:00,Yellow card,home,Max Aarons,46,0
https://www.xscores.com/soccer/match/norwich-vs-aston-villa/14-12-2021/319282,Norwich,Aston Villa,2021-12-14T19:45:00,Yellow card,away,Ezri Konsa,49,0
https://www.xscores.com/soccer/match/norwich-vs-aston-villa/14-12-2021/319282,Norwich,Aston Villa,2021-12-14T19:45:00,Yellow card,home,Sam Byram,55,0
https://www.xscores.com/soccer/match/norwich-vs-aston-villa/14-12-2021/319282,Norwich,Aston Villa,2021-12-14T19:45:00,Yellow card,home,Brandon Williams,64,0
https://www.xscores.com/soccer/match/manchester-city-vs-leeds/14-12-2021/319286,Manchester City,Leeds,2021-12-14T20:00:00,Yellow card,away,Junior Firpo,20,0
https://www.xscores.com/soccer/match/manchester-city-vs-leeds/14-12-2021/319286,Manchester City,Leeds,2021-12-14T20:00:00,Yellow card,home,Ruben Dias,40,0
https://www.xscores.com/soccer/match/brighton-vs-wolverhampton/15-12-2021/319279,Brighton,Wolverhampton,2021-12-15T19:30:00,Yellow card,home,Yves Bissouma,69,0
https://www.xscores.com/soccer/match/brighton-vs-wolverhampton/15-12-2021/319279,Brighton,Wolverhampton,2021-12-15T19:30:00,Yellow card,home,Daniel Burn,90,1
https://www.xscores.com/soccer/match/crystal-palace-vs-southampton/15-12-2021/319283,Crystal Palace,Southampton,2021-12-15T19:30:00,Yellow card,home,Marc Guehi,25,0
https://www.xscores.com/soccer/match/crystal-palace-vs-southampton/15-12-2021/319283,Crystal Palace,Southampton,2021-12-15T19:30:00,Yellow card,away,Valentino Livramento,67,0
https://www.xscores.com/soccer/match/crystal-palace-vs-southampton/15-12-2021/319283,Crystal Palace,Southampton,2021-12-15T19:30:00,Yellow card,home,James Tomkins,73,0
https://www.xscores.com/soccer/match/crystal-palace-vs-southampton/15-12-2021/319283,Crystal Palace,Southampton,2021-12-15T19:30:00,Yellow card,away,Mohammed Salisu,84,0
https://www.xscores.com/soccer/match/crystal-palace-vs-southampton/15-12-2021/319283,Crystal Palace,Southampton,2021-12-15T19:30:00,Yellow card,away,Lyanco,88,0
https://www.xscores.com/soccer/match/crystal-palace-vs-southampton/15-12-2021/319283,Crystal Palace,Southampton,2021-12-15T19:30:00,Yellow card,away,Wilfredo Caballero,90,6
https://www.xscores.com/soccer/match/arsenal-vs-west-ham/15-12-2021/319277,Arsenal,West Ham,2021-12-15T20:00:00,Yellow card,away,Vladimir Coufal,11,0
https://www.xscores.com/soccer/match/arsenal-vs-west-ham/15-12-2021/319277,Arsenal,West Ham,2021-12-15T20:00:00,Yellow card,home,Gabriel Martinelli,58,0
https://www.xscores.com/soccer/match/arsenal-vs-west-ham/15-12-2021/319277,Arsenal,West Ham,2021-12-15T20:00:00,Yellow card 2,away,Vladimir Coufal,67,0
https://www.xscores.com/soccer/match/arsenal-vs-west-ham/15-12-2021/319277,Arsenal,West Ham,2021-12-15T20:00:00,Yellow card,home,Aaron Ramsdale,72,0
https://www.xscores.com/soccer/match/chelsea-vs-everton/16-12-2021/319284,Chelsea,Everton,2021-12-16T19:45:00,Yellow card,away,Mason Holgate,21,0
https://www.xscores.com/soccer/match/chelsea-vs-everton/16-12-2021/319284,Chelsea,Everton,2021-12-16T19:45:00,Yellow card,home,Ruben Loftus-Cheek,45,0
https://www.xscores.com/soccer/match/chelsea-vs-everton/16-12-2021/319284,Chelsea,Everton,2021-12-16T19:45:00,Yellow card,home,Jorginho,59,0
https://www.xscores.com/soccer/match/chelsea-vs-everton/16-12-2021/319284,Chelsea,Everton,2021-12-16T19:45:00,Yellow card,away,Andre Gomes,64,0
https://www.xscores.com/soccer/match/chelsea-vs-everton/16-12-2021/319284,Chelsea,Everton,2021-12-16T19:45:00,Yellow card,away,Lewis Dobbin,77,0
https://www.xscores.com/soccer/match/liverpool-vs-newcastle/16-12-2021/319285,Liverpool,Newcastle,2021-12-16T20:00:00,Yellow card,away,Joelinton,45,2
https://www.xscores.com/soccer/match/liverpool-vs-newcastle/16-12-2021/319285,Liverpool,Newcastle,2021-12-16T20:00:00,Yellow card,away,Ryan Fraser,55,0
https://www.xscores.com/soccer/match/liverpool-vs-newcastle/16-12-2021/319285,Liverpool,Newcastle,2021-12-16T20:00:00,Yellow card,home,Jordan Henderson,70,0
https://www.xscores.com/soccer/match/liverpool-vs-newcastle/16-12-2021/319285,Liverpool,Newcastle,2021-12-16T20:00:00,Yellow card,away,Isaac Hayden,86,0
https://www.xscores.com/soccer/match/leicester-vs-tottenham/19-01-2022/319281,Leicester,Tottenham,2022-01-19T19:30:00,Yellow card,home,Hamza Choudhury,55,0
https://www.xscores.com/soccer/match/leicester-vs-tottenham/19-01-2022/319281,Leicester,Tottenham,2022-01-19T19:30:00,Yellow card,away,Davinson Sanchez,59,0
https://www.xscores.com/soccer/match/leicester-vs-tottenham/19-01-2022/319281,Leicester,Tottenham,2022-01-19T19:30:00,Yellow card,away,Steven Bergwijn,90,4
https://www.xscores.com/soccer/match/burnley-vs-watford/05-02-2022/319280,Burnley,Watford,2022-02-05T18:00:00,Yellow card,away,Joshua King,20,0
https://www.xscores.com/soccer/match/burnley-vs-watford/05-02-2022/319280,Burnley,Watford,2022-02-05T18:00:00,Yellow card,home,Dale Stephens,45,0
https://www.xscores.com/soccer/match/burnley-vs-watford/05-02-2022/319280,Burnley,Watford,2022-02-05T18:00:00,Yellow card,away,Tom Cleverley,90,1
https://www.xscores.com/soccer/match/leeds-vs-arsenal/18-12-2021/319289,Leeds,Arsenal,2021-12-18T17:30:00,Yellow card,home,Joe Gelhardt,52,0
https://www.xscores.com/soccer/match/leeds-vs-arsenal/18-12-2021/319289,Leeds,Arsenal,2021-12-18T17:30:00,Yellow card,home,Stuart Dallas,56,0
https://www.xscores.com/soccer/match/leeds-vs-arsenal/18-12-2021/319289,Leeds,Arsenal,2021-12-18T17:30:00,Yellow card,away,Granit Xhaka,86,0
https://www.xscores.com/soccer/match/leeds-vs-arsenal/18-12-2021/319289,Leeds,Arsenal,2021-12-18T17:30:00,Yellow card,home,Robin Koch,88,0
https://www.xscores.com/soccer/match/newcastle-vs-manchester-city/19-12-2021/319291,Newcastle,Manchester City,2021-12-19T14:00:00,Yellow card,home,Isaac Hayden,21,0
https://www.xscores.com/soccer/match/newcastle-vs-manchester-city/19-12-2021/319291,Newcastle,Manchester City,2021-12-19T14:00:00,Yellow card,away,Rodri,25,0
https://www.xscores.com/soccer/match/newcastle-vs-manchester-city/19-12-2021/319291,Newcastle,Manchester City,2021-12-19T14:00:00,Yellow card,away,Bernardo Silva,30,0
https://www.xscores.com/soccer/match/wolverhampton-vs-chelsea/19-12-2021/319296,Wolverhampton,Chelsea,2021-12-19T14:00:00,Yellow card,away,Trevoh Chalobah,30,0
https://www.xscores.com/soccer/match/wolverhampton-vs-chelsea/19-12-2021/319296,Wolverhampton,Chelsea,2021-12-19T14:00:00,Yellow card,away,Antonio Ruediger,33,0
https://www.xscores.com/soccer/match/tottenham-vs-liverpool/19-12-2021/319293,Tottenham,Liverpool,2021-12-19T16:30:00,Yellow card,home,Harry Kane,20,0
https://www.xscores.com/soccer/match/tottenham-vs-liverpool/19-12-2021/319293,Tottenham,Liverpool,2021-12-19T16:30:00,Yellow card,away,Tyler Morton,23,0
https://www.xscores.com/soccer/match/tottenham-vs-liverpool/19-12-2021/319293,Tottenham,Liverpool,2021-12-19T16:30:00,Yellow card,home,Emerson Royal,28,0
https://www.xscores.com/soccer/match/tottenham-vs-liverpool/19-12-2021/319293,Tottenham,Liverpool,2021-12-19T16:30:00,Yellow card,away,Juergen Klopp,39,0
https://www.xscores.com/soccer/match/tottenham-vs-liverpool/19-12-2021/319293,Tottenham,Liverpool,2021-12-19T16:30:00,Yellow card,home,Harry Winks,47,0
https://www.xscores.com/soccer/match/tottenham-vs-liverpool/19-12-2021/319293,Tottenham,Liverpool,2021-12-19T16:30:00,Yellow card,home,Ben Davies,58,0
https://www.xscores.com/soccer/match/tottenham-vs-liverpool/19-12-2021/319293,Tottenham,Liverpool,2021-12-19T16:30:00,Red card,away,Andrew Robertson,77,0
https://www.xscores.com/soccer/match/tottenham-vs-liverpool/19-12-2021/319293,Tottenham,Liverpool,2021-12-19T16:30:00,Yellow card,away,Naby Keita,84,0
https://www.xscores.com/soccer/match/tottenham-vs-liverpool/19-12-2021/319293,Tottenham,Liverpool,2021-12-19T16:30:00,Yellow card,away,Ibrahima Konate,85,0
https://www.xscores.com/soccer/match/tottenham-vs-liverpool/19-12-2021/319293,Tottenham,Liverpool,2021-12-19T16:30:00,Yellow card,away,Konstantinos Tsimikas,90,5
https://www.xscores.com/soccer/match/southampton-vs-brentford/11-01-2022/319292,Southampton,Brentford,2022-01-11T19:45:00,Yellow card,away,Ivan Toney,45,2
https://www.xscores.com/soccer/match/manchester-united-vs-brighton/15-02-2022/319290,Manchester United,Brighton,2022-02-15T20:15:00,Yellow card,home,Bruno Fernandes,53,0
https://www.xscores.com/soccer/match/manchester-united-vs-brighton/15-02-2022/319290,Manchester United,Brighton,2022-02-15T20:15:00,Red card,away,Lewis Dunk,54,0
https://www.xscores.com/soccer/match/manchester-united-vs-brighton/15-02-2022/319290,Manchester United,Brighton,2022-02-15T20:15:00,Yellow card,home,Luke Shaw,72,0
https://www.xscores.com/soccer/match/manchester-united-vs-brighton/15-02-2022/319290,Manchester United,Brighton,2022-02-15T20:15:00,Yellow card,away,Alexis Mac Allister,85,0
https://www.xscores.com/soccer/match/manchester-united-vs-brighton/15-02-2022/319290,Manchester United,Brighton,2022-02-15T20:15:00,Yellow card,home,Scott McTominay,90,5
https://www.xscores.com/soccer/match/watford-vs-crystal-palace/23-02-2022/319294,Watford,Crystal Palace,2022-02-23T19:30:00,Yellow card,home,Samir,40,0
https://www.xscores.com/soccer/match/watford-vs-crystal-palace/23-02-2022/319294,Watford,Crystal Palace,2022-02-23T19:30:00,Yellow card,away,Cheikhou Kouyate,44,0
https://www.xscores.com/soccer/match/watford-vs-crystal-palace/23-02-2022/319294,Watford,Crystal Palace,2022-02-23T19:30:00,Yellow card,home,Kiko,62,0
https://www.xscores.com/soccer/match/everton-vs-leicester/20-04-2022/319288,Everton,Leicester,2022-04-20T19:45:00,Yellow card,home,Richarlison,75,0
https://www.xscores.com/soccer/match/everton-vs-leicester/20-04-2022/319288,Everton,Leicester,2022-04-20T19:45:00,Yellow card,home,Yerry Mina,80,0
https://www.xscores.com/soccer/match/everton-vs-leicester/20-04-2022/319288,Everton,Leicester,2022-04-20T19:45:00,Yellow card,home,Dele Alli,86,0
https://www.xscores.com/soccer/match/everton-vs-leicester/20-04-2022/319288,Everton,Leicester,2022-04-20T19:45:00,Yellow card,away,Kasper Schmeichel,90,3
https://www.xscores.com/soccer/match/everton-vs-leicester/20-04-2022/319288,Everton,Leicester,2022-04-20T19:45:00,Yellow card,home,Jose Salomon Rondon,90,3
https://www.xscores.com/soccer/match/everton-vs-leicester/20-04-2022/319288,Everton,Leicester,2022-04-20T19:45:00,Yellow card,away,Patson Daka,90,4
https://www.xscores.com/soccer/match/aston-villa-vs-burnley/19-05-2022/319287,Aston Villa,Burnley,2022-05-19T20:00:00,Yellow card,away,Kevin Long,55,0
https://www.xscores.com/soccer/match/aston-villa-vs-burnley/19-05-2022/319287,Aston Villa,Burnley,2022-05-19T20:00:00,Red card,away,Matthew Lowton,90,1
https://www.xscores.com/soccer/match/manchester-city-vs-leicester/26-12-2021/319301,Manchester City,Leicester,2021-12-26T15:00:00,Yellow card,away,Jannik Vestergaard,45,0
https://www.xscores.com/soccer/match/manchester-city-vs-leicester/26-12-2021/319301,Manchester City,Leicester,2021-12-26T15:00:00,Yellow card,away,James Maddison,75,0
https://www.xscores.com/soccer/match/manchester-city-vs-leicester/26-12-2021/319301,Manchester City,Leicester,2021-12-26T15:00:00,Yellow card,home,Fernandinho,90,1
https://www.xscores.com/soccer/match/norwich-vs-arsenal/26-12-2021/319303,Norwich,Arsenal,2021-12-26T15:00:00,Yellow card,away,Granit Xhaka,39,0
https://www.xscores.com/soccer/match/norwich-vs-arsenal/26-12-2021/319303,Norwich,Arsenal,2021-12-26T15:00:00,Yellow card,home,Przemyslaw Placheta,41,0
https://www.xscores.com/soccer/match/norwich-vs-arsenal/26-12-2021/319303,Norwich,Arsenal,2021-12-26T15:00:00,Yellow card,away,Thomas Partey,62,0
https://www.xscores.com/soccer/match/tottenham-vs-crystal-palace/26-12-2021/319304,Tottenham,Crystal Palace,2021-12-26T15:00:00,Yellow card,away,Wilfried Zaha,26,0
https://www.xscores.com/soccer/match/tottenham-vs-crystal-palace/26-12-2021/319304,Tottenham,Crystal Palace,2021-12-26T15:00:00,Yellow card 2,away,Wilfried Zaha,37,0
https://www.xscores.com/soccer/match/tottenham-vs-crystal-palace/26-12-2021/319304,Tottenham,Crystal Palace,2021-12-26T15:00:00,Yellow card,away,James Tomkins,45,1
https://www.xscores.com/soccer/match/tottenham-vs-crystal-palace/26-12-2021/319304,Tottenham,Crystal Palace,2021-12-26T15:00:00,Yellow card,home,Davinson Sanchez,68,0
https://www.xscores.com/soccer/match/west-ham-vs-southampton/26-12-2021/319305,West Ham,Southampton,2021-12-26T15:00:00,Yellow card,home,Declan Rice,34,0
https://www.xscores.com/soccer/match/west-ham-vs-southampton/26-12-2021/319305,West Ham,Southampton,2021-12-26T15:00:00,Yellow card,away,Armando Broja,66,0
https://www.xscores.com/soccer/match/west-ham-vs-southampton/26-12-2021/319305,West Ham,Southampton,2021-12-26T15:00:00,Yellow card,home,Jarrod Bowen,68,0
https://www.xscores.com/soccer/match/west-ham-vs-southampton/26-12-2021/319305,West Ham,Southampton,2021-12-26T15:00:00,Yellow card,away,Jan Bednarek,85,0
https://www.xscores.com/soccer/match/west-ham-vs-southampton/26-12-2021/319305,West Ham,Southampton,2021-12-26T15:00:00,Yellow card,away,Kyle Walker-Peters,90,6
https://www.xscores.com/soccer/match/aston-villa-vs-chelsea/26-12-2021/319297,Aston Villa,Chelsea,2021-12-26T17:30:00,Yellow card,home,Emiliano Martinez,33,0
https://www.xscores.com/soccer/match/aston-villa-vs-chelsea/26-12-2021/319297,Aston Villa,Chelsea,2021-12-26T17:30:00,Yellow card,home,Tyrone Mings,65,0
https://www.xscores.com/soccer/match/aston-villa-vs-chelsea/26-12-2021/319297,Aston Villa,Chelsea,2021-12-26T17:30:00,Yellow card,away,Marcos Alonso,70,0
https://www.xscores.com/soccer/match/aston-villa-vs-chelsea/26-12-2021/319297,Aston Villa,Chelsea,2021-12-26T17:30:00,Yellow card,home,Ezri Konsa,90,2
https://www.xscores.com/soccer/match/brighton-vs-brentford/26-12-2021/319298,Brighton,Brentford,2021-12-26T20:00:00,Yellow card,away,Mads Bech,38,0
https://www.xscores.com/soccer/match/brighton-vs-brentford/26-12-2021/319298,Brighton,Brentford,2021-12-26T20:00:00,Yellow card,away,Christian Noergaard,45,0
https://www.xscores.com/soccer/match/brighton-vs-brentford/26-12-2021/319298,Brighton,Brentford,2021-12-26T20:00:00,Yellow card,home,Adam Webster,59,0
https://www.xscores.com/soccer/match/brighton-vs-brentford/26-12-2021/319298,Brighton,Brentford,2021-12-26T20:00:00,Yellow card,away,Ivan Toney,77,0
https://www.xscores.com/soccer/match/newcastle-vs-manchester-united/27-12-2021/319302,Newcastle,Manchester United,2021-12-27T20:00:00,Yellow card,away,Cristiano Ronaldo,57,0
https://www.xscores.com/soccer/match/newcastle-vs-manchester-united/27-12-2021/319302,Newcastle,Manchester United,2021-12-27T20:00:00,Yellow card,away,Bruno Fernandes,66,0
https://www.xscores.com/soccer/match/newcastle-vs-manchester-united/27-12-2021/319302,Newcastle,Manchester United,2021-12-27T20:00:00,Yellow card,home,Emil Krafth,66,0
https://www.xscores.com/soccer/match/newcastle-vs-manchester-united/27-12-2021/319302,Newcastle,Manchester United,2021-12-27T20:00:00,Yellow card,away,Harry Maguire,68,0
https://www.xscores.com/soccer/match/newcastle-vs-manchester-united/27-12-2021/319302,Newcastle,Manchester United,2021-12-27T20:00:00,Yellow card,home,Joelinton,70,0
https://www.xscores.com/soccer/match/newcastle-vs-manchester-united/27-12-2021/319302,Newcastle,Manchester United,2021-12-27T20:00:00,Yellow card,home,Javier Manquillo,90,5
https://www.xscores.com/soccer/match/liverpool-vs-leeds/23-02-2022/319300,Liverpool,Leeds,2022-02-23T19:45:00,Yellow card,away,Junior Firpo,18,0
https://www.xscores.com/soccer/match/liverpool-vs-leeds/23-02-2022/319300,Liverpool,Leeds,2022-02-23T19:45:00,Yellow card,away,Luke Ayling,33,0
https://www.xscores.com/soccer/match/liverpool-vs-leeds/23-02-2022/319300,Liverpool,Leeds,2022-02-23T19:45:00,Yellow card,away,Joe Gelhardt,90,2
https://www.xscores.com/soccer/match/wolverhampton-vs-watford/10-03-2022/319306,Wolverhampton,Watford,2022-03-10T19:30:00,Yellow card,away,Imran Louza,19,0
https://www.xscores.com/soccer/match/wolverhampton-vs-watford/10-03-2022/319306,Wolverhampton,Watford,2022-03-10T19:30:00,Yellow card,home,Rayan Ait Nouri,35,0
https://www.xscores.com/soccer/match/wolverhampton-vs-watford/10-03-2022/319306,Wolverhampton,Watford,2022-03-10T19:30:00,Yellow card,away,Samir,40,0
https://www.xscores.com/soccer/match/wolverhampton-vs-watford/10-03-2022/319306,Wolverhampton,Watford,2022-03-10T19:30:00,Yellow card,home,Romain Saiss,58,0
https://www.xscores.com/soccer/match/burnley-vs-everton/06-04-2022/319299,Burnley,Everton,2022-04-06T19:30:00,Yellow card,away,Mason Holgate,3,0
https://www.xscores.com/soccer/match/burnley-vs-everton/06-04-2022/319299,Burnley,Everton,2022-04-06T19:30:00,Yellow card,home,Josh Brownhill,10,0
https://www.xscores.com/soccer/match/burnley-vs-everton/06-04-2022/319299,Burnley,Everton,2022-04-06T19:30:00,Yellow card,away,Ben Godfrey,54,0
https://www.xscores.com/soccer/match/burnley-vs-everton/06-04-2022/319299,Burnley,Everton,2022-04-06T19:30:00,Yellow card,home,Matthew Lowton,76,0
https://www.xscores.com/soccer/match/crystal-palace-vs-norwich/28-12-2021/319311,Crystal Palace,Norwich,2021-12-28T15:00:00,Yellow card,away,Ben Gibson,10,0
https://www.xscores.com/soccer/match/crystal-palace-vs-norwich/28-12-2021/319311,Crystal Palace,Norwich,2021-12-28T15:00:00,Yellow card,home,Odsonne Edouard,22,0
https://www.xscores.com/soccer/match/crystal-palace-vs-norwich/28-12-2021/319311,Crystal Palace,Norwich,2021-12-28T15:00:00,Yellow card,away,Sam Byram,29,0
https://www.xscores.com/soccer/match/southampton-vs-tottenham/28-12-2021/319316,Southampton,Tottenham,2021-12-28T15:00:00,Yellow card,home,Kyle Walker-Peters,13,0
https://www.xscores.com/soccer/match/southampton-vs-tottenham/28-12-2021/319316,Southampton,Tottenham,2021-12-28T15:00:00,Yellow card,home,Mohammed Salisu,27,0
https://www.xscores.com/soccer/match/southampton-vs-tottenham/28-12-2021/319316,Southampton,Tottenham,2021-12-28T15:00:00,Yellow card,home,Ralph Hasenhuettl,30,0
https://www.xscores.com/soccer/match/southampton-vs-tottenham/28-12-2021/319316,Southampton,Tottenham,2021-12-28T15:00:00,Yellow card 2,home,Mohammed Salisu,39,0
https://www.xscores.com/soccer/match/southampton-vs-tottenham/28-12-2021/319316,Southampton,Tottenham,2021-12-28T15:00:00,Yellow card,away,Sergio Reguilon,45,1
https://www.xscores.com/soccer/match/southampton-vs-tottenham/28-12-2021/319316,Southampton,Tottenham,2021-12-28T15:00:00,Yellow card,home,Adam Armstrong,51,0
https://www.xscores.com/soccer/match/southampton-vs-tottenham/28-12-2021/319316,Southampton,Tottenham,2021-12-28T15:00:00,Yellow card,away,Harry Winks,69,0
https://www.xscores.com/soccer/match/watford-vs-west-ham/28-12-2021/319310,Watford,West Ham,2021-12-28T15:00:00,Yellow card,away,Craig Dawson,81,0
https://www.xscores.com/soccer/match/leicester-vs-liverpool/28-12-2021/319314,Leicester,Liverpool,2021-12-28T20:00:00,Yellow card,away,Joel Matip,4,0
https://www.xscores.com/soccer/match/chelsea-vs-brighton/29-12-2021/319309,Chelsea,Brighton,2021-12-29T19:30:00,Yellow card,home,Antonio Ruediger,41,0
https://www.xscores.com/soccer/match/chelsea-vs-brighton/29-12-2021/319309,Chelsea,Brighton,2021-12-29T19:30:00,Yellow card,home,Mateo Kovacic,58,0
https://www.xscores.com/soccer/match/chelsea-vs-brighton/29-12-2021/319309,Chelsea,Brighton,2021-12-29T19:30:00,Yellow card,home,Callum Hudson-Odoi,64,0
https://www.xscores.com/soccer/match/chelsea-vs-brighton/29-12-2021/319309,Chelsea,Brighton,2021-12-29T19:30:00,Yellow card,home,Mason Mount,81,0
https://www.xscores.com/soccer/match/chelsea-vs-brighton/29-12-2021/319309,Chelsea,Brighton,2021-12-29T19:30:00,Yellow card,away,Yves Bissouma,81,0
https://www.xscores.com/soccer/match/arsenal-vs-wolverhampton/24-02-2022/319307,Arsenal,Wolverhampton,2022-02-24T19:45:00,Yellow card,home,Bukayo Saka,38,0
https://www.xscores.com/soccer/match/arsenal-vs-wolverhampton/24-02-2022/319307,Arsenal,Wolverhampton,2022-02-24T19:45:00,Yellow card,away,Raul Jimenez,89,0
https://www.xscores.com/soccer/match/leeds-vs-aston-villa/10-03-2022/319313,Leeds,Aston Villa,2022-03-10T19:45:00,Yellow card,away,Ollie Watkins,17,0
https://www.xscores.com/soccer/match/leeds-vs-aston-villa/10-03-2022/319313,Leeds,Aston Villa,2022-03-10T19:45:00,Yellow card,home,Robin Koch,45,1
https://www.xscores.com/soccer/match/leeds-vs-aston-villa/10-03-2022/319313,Leeds,Aston Villa,2022-03-10T19:45:00,Yellow card,away,Tyrone Mings,47,0
https://www.xscores.com/soccer/match/leeds-vs-aston-villa/10-03-2022/319313,Leeds,Aston Villa,2022-03-10T19:45:00,Yellow card,away,Douglas Luiz,62,0
https://www.xscores.com/soccer/match/leeds-vs-aston-villa/10-03-2022/319313,Leeds,Aston Villa,2022-03-10T19:45:00,Yellow card,home,Joe Gelhardt,67,0
https://www.xscores.com/soccer/match/leeds-vs-aston-villa/10-03-2022/319313,Leeds,Aston Villa,2022-03-10T19:45:00,Yellow card,home,Junior Firpo,81,0
https://www.xscores.com/soccer/match/leeds-vs-aston-villa/10-03-2022/319313,Leeds,Aston Villa,2022-03-10T19:45:00,Yellow card,home,Daniel James,86,0
https://www.xscores.com/soccer/match/leeds-vs-aston-villa/10-03-2022/319313,Leeds,Aston Villa,2022-03-10T19:45:00,Yellow card,home,Raphinha,90,2
https://www.xscores.com/soccer/match/everton-vs-newcastle/17-03-2022/319312,Everton,Newcastle,2022-03-17T19:45:00,Yellow card,home,Richarlison,64,0
https://www.xscores.com/soccer/match/everton-vs-newcastle/17-03-2022/319312,Everton,Newcastle,2022-03-17T19:45:00,Yellow card,away,Emil Krafth,76,0
https://www.xscores.com/soccer/match/everton-vs-newcastle/17-03-2022/319312,Everton,Newcastle,2022-03-17T19:45:00,Yellow card,home,Anthony Gordon,76,0
https://www.xscores.com/soccer/match/everton-vs-newcastle/17-03-2022/319312,Everton,Newcastle,2022-03-17T19:45:00,Red card,home,Allan,83,0
https://www.xscores.com/soccer/match/arsenal-vs-manchester-city/01-01-2022/319317,Arsenal,Manchester City,2022-01-01T12:30:00,Yellow card,home,Granit Xhaka,55,0
https://www.xscores.com/soccer/match/arsenal-vs-manchester-city/01-01-2022/319317,Arsenal,Manchester City,2022-01-01T12:30:00,Yellow card,home,Gabriel,57,0
https://www.xscores.com/soccer/match/arsenal-vs-manchester-city/01-01-2022/319317,Arsenal,Manchester City,2022-01-01T12:30:00,Yellow card 2,home,Gabriel,59,0
https://www.xscores.com/soccer/match/arsenal-vs-manchester-city/01-01-2022/319317,Arsenal,Manchester City,2022-01-01T12:30:00,Yellow card,home,Bukayo Saka,63,0
https://www.xscores.com/soccer/match/arsenal-vs-manchester-city/01-01-2022/319317,Arsenal,Manchester City,2022-01-01T12:30:00,Yellow card,home,Rob Holding,68,0
https://www.xscores.com/soccer/match/arsenal-vs-manchester-city/01-01-2022/319317,Arsenal,Manchester City,2022-01-01T12:30:00,Yellow card,away,Rodri,90,4
https://www.xscores.com/soccer/match/arsenal-vs-manchester-city/01-01-2022/319317,Arsenal,Manchester City,2022-01-01T12:30:00,Yellow card,away,Bernardo Silva,90,5
https://www.xscores.com/soccer/match/watford-vs-tottenham/01-01-2022/319326,Watford,Tottenham,2022-01-01T15:00:00,Yellow card,away,Oliver Skipp,61,0
https://www.xscores.com/soccer/match/crystal-palace-vs-west-ham/01-01-2022/319320,Crystal Palace,West Ham,2022-01-01T17:30:00,Yellow card,away,Ben Johnson,38,0
https://www.xscores.com/soccer/match/crystal-palace-vs-west-ham/01-01-2022/319320,Crystal Palace,West Ham,2022-01-01T17:30:00,Yellow card,away,Arthur Masuaku,78,0
https://www.xscores.com/soccer/match/brentford-vs-aston-villa/02-01-2022/319318,Brentford,Aston Villa,2022-01-02T14:00:00,Yellow card,away,Jacob Ramsey,30,0
https://www.xscores.com/soccer/match/brentford-vs-aston-villa/02-01-2022/319318,Brentford,Aston Villa,2022-01-02T14:00:00,Yellow card,home,Frank Onyeka,31,0
https://www.xscores.com/soccer/match/brentford-vs-aston-villa/02-01-2022/319318,Brentford,Aston Villa,2022-01-02T14:00:00,Yellow card,home,Ivan Toney,77,0
https://www.xscores.com/soccer/match/brentford-vs-aston-villa/02-01-2022/319318,Brentford,Aston Villa,2022-01-02T14:00:00,Yellow card,away,John McGinn,89,0
https://www.xscores.com/soccer/match/everton-vs-brighton/02-01-2022/319321,Everton,Brighton,2022-01-02T14:00:00,Yellow card,home,Jonjoe Kenny,9,0
https://www.xscores.com/soccer/match/everton-vs-brighton/02-01-2022/319321,Everton,Brighton,2022-01-02T14:00:00,Yellow card,away,Adam Webster,63,0
https://www.xscores.com/soccer/match/leeds-vs-burnley/02-01-2022/319322,Leeds,Burnley,2022-01-02T14:00:00,Yellow card,home,Tyler Roberts,10,0
https://www.xscores.com/soccer/match/leeds-vs-burnley/02-01-2022/319322,Leeds,Burnley,2022-01-02T14:00:00,Yellow card,away,James Tarkowski,28,0
https://www.xscores.com/soccer/match/leeds-vs-burnley/02-01-2022/319322,Leeds,Burnley,2022-01-02T14:00:00,Yellow card,home,Diego Llorente,53,0
https://www.xscores.com/soccer/match/chelsea-vs-liverpool/02-01-2022/319319,Chelsea,Liverpool,2022-01-02T16:30:00,Yellow card,away,Sadio Mane,1,0
https://www.xscores.com/soccer/match/chelsea-vs-liverpool/02-01-2022/319319,Chelsea,Liverpool,2022-01-02T16:30:00,Yellow card,home,Christian Pulisic,17,0
https://www.xscores.com/soccer/match/chelsea-vs-liverpool/02-01-2022/319319,Chelsea,Liverpool,2022-01-02T16:30:00,Yellow card,away,Ibrahima Konate,83,0
https://www.xscores.com/soccer/match/manchester-united-vs-wolverhampton/03-01-2022/319324,Manchester United,Wolverhampton,2022-01-03T17:30:00,Yellow card,home,Scott McTominay,48,0
https://www.xscores.com/soccer/match/manchester-united-vs-wolverhampton/03-01-2022/319324,Manchester United,Wolverhampton,2022-01-03T17:30:00,Yellow card,home,Luke Shaw,56,0
https://www.xscores.com/soccer/match/manchester-united-vs-wolverhampton/03-01-2022/319324,Manchester United,Wolverhampton,2022-01-03T17:30:00,Yellow card,home,Nemanja Matic,74,0
https://www.xscores.com/soccer/match/manchester-united-vs-wolverhampton/03-01-2022/319324,Manchester United,Wolverhampton,2022-01-03T17:30:00,Yellow card,away,Jose Sa,90,4
https://www.xscores.com/soccer/match/southampton-vs-newcastle/10-03-2022/319325,Southampton,Newcastle,2022-03-10T19:30:00,Yellow card,away,Jacob Murphy,16,0
https://www.xscores.com/soccer/match/southampton-vs-newcastle/10-03-2022/319325,Southampton,Newcastle,2022-03-10T19:30:00,Yellow card,home,Jan Bednarek,72,0
https://www.xscores.com/soccer/match/brighton-vs-crystal-palace/14-01-2022/319328,Brighton,Crystal Palace,2022-01-14T20:00:00,Yellow card,away,Eberechi Eze,44,0
https://www.xscores.com/soccer/match/brighton-vs-crystal-palace/14-01-2022/319328,Brighton,Crystal Palace,2022-01-14T20:00:00,Yellow card,away,Will Hughes,61,0
https://www.xscores.com/soccer/match/manchester-city-vs-chelsea/15-01-2022/319331,Manchester City,Chelsea,2022-01-15T12:30:00,Yellow card,away,Marcos Alonso,7,0
https://www.xscores.com/soccer/match/manchester-city-vs-chelsea/15-01-2022/319331,Manchester City,Chelsea,2022-01-15T12:30:00,Yellow card,away,Mateo Kovacic,32,0
https://www.xscores.com/soccer/match/newcastle-vs-watford/15-01-2022/319332,Newcastle,Watford,2022-01-15T15:00:00,Yellow card,home,Jonjo Shelvey,6,0
https://www.xscores.com/soccer/match/newcastle-vs-watford/15-01-2022/319332,Newcastle,Watford,2022-01-15T15:00:00,Yellow card,away,Moussa Sissoko,51,0
https://www.xscores.com/soccer/match/newcastle-vs-watford/15-01-2022/319332,Newcastle,Watford,2022-01-15T15:00:00,Yellow card,home,Ryan Fraser,53,0
https://www.xscores.com/soccer/match/newcastle-vs-watford/15-01-2022/319332,Newcastle,Watford,2022-01-15T15:00:00,Yellow card,home,Paul Dummett,71,0
https://www.xscores.com/soccer/match/newcastle-vs-watford/15-01-2022/319332,Newcastle,Watford,2022-01-15T15:00:00,Yellow card,away,Samir,90,0
https://www.xscores.com/soccer/match/norwich-vs-everton/15-01-2022/319333,Norwich,Everton,2022-01-15T15:00:00,Yellow card,away,Michael Keane,47,0
https://www.xscores.com/soccer/match/norwich-vs-everton/15-01-2022/319333,Norwich,Everton,2022-01-15T15:00:00,Yellow card,home,Joshua Sargent,50,0
https://www.xscores.com/soccer/match/norwich-vs-everton/15-01-2022/319333,Norwich,Everton,2022-01-15T15:00:00,Yellow card,home,Max Aarons,66,0
https://www.xscores.com/soccer/match/norwich-vs-everton/15-01-2022/319333,Norwich,Everton,2022-01-15T15:00:00,Yellow card,home,Teemu Pukki,70,0
https://www.xscores.com/soccer/match/wolverhampton-vs-southampton/15-01-2022/319336,Wolverhampton,Southampton,2022-01-15T15:00:00,Yellow card,home,Daniel Podence,43,0
https://www.xscores.com/soccer/match/wolverhampton-vs-southampton/15-01-2022/319336,Wolverhampton,Southampton,2022-01-15T15:00:00,Yellow card,away,Lyanco,58,0
https://www.xscores.com/soccer/match/wolverhampton-vs-southampton/15-01-2022/319336,Wolverhampton,Southampton,2022-01-15T15:00:00,Yellow card,home,Raul Jimenez,62,0
https://www.xscores.com/soccer/match/wolverhampton-vs-southampton/15-01-2022/319336,Wolverhampton,Southampton,2022-01-15T15:00:00,Yellow card,away,James Ward-Prowse,86,0
https://www.xscores.com/soccer/match/wolverhampton-vs-southampton/15-01-2022/319336,Wolverhampton,Southampton,2022-01-15T15:00:00,Yellow card,away,Mohammed Salisu,87,0
https://www.xscores.com/soccer/match/aston-villa-vs-manchester-united/15-01-2022/319327,Aston Villa,Manchester United,2022-01-15T17:30:00,Yellow card,home,Lucas Digne,27,0
https://www.xscores.com/soccer/match/aston-villa-vs-manchester-united/15-01-2022/319327,Aston Villa,Manchester United,2022-01-15T17:30:00,Yellow card,away,Nemanja Matic,31,0
https://www.xscores.com/soccer/match/aston-villa-vs-manchester-united/15-01-2022/319327,Aston Villa,Manchester United,2022-01-15T17:30:00,Yellow card,away,Bruno Fernandes,46,0
https://www.xscores.com/soccer/match/liverpool-vs-brentford/16-01-2022/319330,Liverpool,Brentford,2022-01-16T14:00:00,Yellow card,away,Kristoffer Vassbakk Ajer,19,0
https://www.xscores.com/soccer/match/west-ham-vs-leeds/16-01-2022/319335,West Ham,Leeds,2022-01-16T14:00:00,Yellow card,home,Michail Antonio,24,0
https://www.xscores.com/soccer/match/west-ham-vs-leeds/16-01-2022/319335,West Ham,Leeds,2022-01-16T14:00:00,Yellow card,away,Robin Koch,45,0
https://www.xscores.com/soccer/match/west-ham-vs-leeds/16-01-2022/319335,West Ham,Leeds,2022-01-16T14:00:00,Yellow card,home,Manuel Lanzini,62,0
https://www.xscores.com/soccer/match/west-ham-vs-leeds/16-01-2022/319335,West Ham,Leeds,2022-01-16T14:00:00,Yellow card,home,Andriy Yarmolenko,77,0
https://www.xscores.com/soccer/match/west-ham-vs-leeds/16-01-2022/319335,West Ham,Leeds,2022-01-16T14:00:00,Yellow card,away,Daniel James,88,0
https://www.xscores.com/soccer/match/burnley-vs-leicester/01-03-2022/319329,Burnley,Leicester,2022-03-01T19:45:00,Yellow card,home,Wout Weghorst,57,0
https://www.xscores.com/soccer/match/burnley-vs-leicester/01-03-2022/319329,Burnley,Leicester,2022-03-01T19:45:00,Yellow card,away,Kiernan Dewsbury-Hall,90,1
https://www.xscores.com/soccer/match/tottenham-vs-arsenal/12-05-2022/319334,Tottenham,Arsenal,2022-05-12T19:45:00,Yellow card,home,Ben Davies,17,0
https://www.xscores.com/soccer/match/tottenham-vs-arsenal/12-05-2022/319334,Tottenham,Arsenal,2022-05-12T19:45:00,Yellow card,away,Rob Holding,26,0
https://www.xscores.com/soccer/match/tottenham-vs-arsenal/12-05-2022/319334,Tottenham,Arsenal,2022-05-12T19:45:00,Yellow card 2,away,Rob Holding,33,0
https://www.xscores.com/soccer/match/tottenham-vs-arsenal/12-05-2022/319334,Tottenham,Arsenal,2022-05-12T19:45:00,Yellow card,away,Emile Smith Rowe,86,0
https://www.xscores.com/soccer/match/tottenham-vs-arsenal/12-05-2022/319334,Tottenham,Arsenal,2022-05-12T19:45:00,Yellow card,away,Martin Oedegaard,88,0
https://www.xscores.com/soccer/match/tottenham-vs-arsenal/12-05-2022/319334,Tottenham,Arsenal,2022-05-12T19:45:00,Yellow card,away,Granit Xhaka,90,1
https://www.xscores.com/soccer/match/watford-vs-norwich/21-01-2022/319346,Watford,Norwich,2022-01-21T20:00:00,Yellow card,home,Emmanuel Dennis,36,0
https://www.xscores.com/soccer/match/watford-vs-norwich/21-01-2022/319346,Watford,Norwich,2022-01-21T20:00:00,Yellow card,away,Kenny McLean,38,0
https://www.xscores.com/soccer/match/watford-vs-norwich/21-01-2022/319346,Watford,Norwich,2022-01-21T20:00:00,Yellow card 2,home,Emmanuel Dennis,78,0
https://www.xscores.com/soccer/match/everton-vs-aston-villa/22-01-2022/319341,Everton,Aston Villa,2022-01-22T12:30:00,Yellow card,home,Andre Gomes,45,1
https://www.xscores.com/soccer/match/everton-vs-aston-villa/22-01-2022/319341,Everton,Aston Villa,2022-01-22T12:30:00,Yellow card,home,Dominic Calvert-Lewin,50,0
https://www.xscores.com/soccer/match/everton-vs-aston-villa/22-01-2022/319341,Everton,Aston Villa,2022-01-22T12:30:00,Yellow card,home,Yerry Mina,58,0
https://www.xscores.com/soccer/match/everton-vs-aston-villa/22-01-2022/319341,Everton,Aston Villa,2022-01-22T12:30:00,Yellow card,away,Emiliano Martinez,69,0
https://www.xscores.com/soccer/match/everton-vs-aston-villa/22-01-2022/319341,Everton,Aston Villa,2022-01-22T12:30:00,Yellow card,away,Matty Cash,75,0
https://www.xscores.com/soccer/match/everton-vs-aston-villa/22-01-2022/319341,Everton,Aston Villa,2022-01-22T12:30:00,Yellow card,home,Allan,82,0
https://www.xscores.com/soccer/match/everton-vs-aston-villa/22-01-2022/319341,Everton,Aston Villa,2022-01-22T12:30:00,Yellow card,home,Ben Godfrey,83,0
https://www.xscores.com/soccer/match/everton-vs-aston-villa/22-01-2022/319341,Everton,Aston Villa,2022-01-22T12:30:00,Yellow card,away,Tyrone Mings,86,0
https://www.xscores.com/soccer/match/everton-vs-aston-villa/22-01-2022/319341,Everton,Aston Villa,2022-01-22T12:30:00,Yellow card,away,Danny Ings,90,3
https://www.xscores.com/soccer/match/brentford-vs-wolverhampton/22-01-2022/319338,Brentford,Wolverhampton,2022-01-22T15:00:00,Yellow card,away,Ruben Neves,60,0
https://www.xscores.com/soccer/match/brentford-vs-wolverhampton/22-01-2022/319338,Brentford,Wolverhampton,2022-01-22T15:00:00,Yellow card,away,Toti Gomes,70,0
https://www.xscores.com/soccer/match/brentford-vs-wolverhampton/22-01-2022/319338,Brentford,Wolverhampton,2022-01-22T15:00:00,Yellow card,home,Pontus Jansson,75,0
https://www.xscores.com/soccer/match/brentford-vs-wolverhampton/22-01-2022/319338,Brentford,Wolverhampton,2022-01-22T15:00:00,Yellow card,home,Christian Noergaard,83,0
https://www.xscores.com/soccer/match/brentford-vs-wolverhampton/22-01-2022/319338,Brentford,Wolverhampton,2022-01-22T15:00:00,Yellow card,away,Jose Sa,90,1
https://www.xscores.com/soccer/match/brentford-vs-wolverhampton/22-01-2022/319338,Brentford,Wolverhampton,2022-01-22T15:00:00,Yellow card,home,Thomas Frank,90,9
https://www.xscores.com/soccer/match/brentford-vs-wolverhampton/22-01-2022/319338,Brentford,Wolverhampton,2022-01-22T15:00:00,Yellow card 2,home,Thomas Frank,90,9
https://www.xscores.com/soccer/match/leeds-vs-newcastle/22-01-2022/319342,Leeds,Newcastle,2022-01-22T15:00:00,Yellow card,home,Daniel James,57,0
https://www.xscores.com/soccer/match/leeds-vs-newcastle/22-01-2022/319342,Leeds,Newcastle,2022-01-22T15:00:00,Yellow card,away,Allan Saint-Maximin,57,0
https://www.xscores.com/soccer/match/leeds-vs-newcastle/22-01-2022/319342,Leeds,Newcastle,2022-01-22T15:00:00,Yellow card,away,Paul Dummett,62,0
https://www.xscores.com/soccer/match/leeds-vs-newcastle/22-01-2022/319342,Leeds,Newcastle,2022-01-22T15:00:00,Yellow card,home,Stuart Dallas,67,0
https://www.xscores.com/soccer/match/leeds-vs-newcastle/22-01-2022/319342,Leeds,Newcastle,2022-01-22T15:00:00,Yellow card,home,Diego Llorente,74,0
https://www.xscores.com/soccer/match/leeds-vs-newcastle/22-01-2022/319342,Leeds,Newcastle,2022-01-22T15:00:00,Yellow card,home,Rodrigo,84,0
https://www.xscores.com/soccer/match/manchester-united-vs-west-ham/22-01-2022/319344,Manchester United,West Ham,2022-01-22T15:00:00,Yellow card,home,Harry Maguire,56,0
https://www.xscores.com/soccer/match/manchester-united-vs-west-ham/22-01-2022/319344,Manchester United,West Ham,2022-01-22T15:00:00,Yellow card,away,Declan Rice,63,0
https://www.xscores.com/soccer/match/southampton-vs-manchester-city/22-01-2022/319345,Southampton,Manchester City,2022-01-22T17:30:00,Yellow card,home,Jan Bednarek,33,0
https://www.xscores.com/soccer/match/southampton-vs-manchester-city/22-01-2022/319345,Southampton,Manchester City,2022-01-22T17:30:00,Yellow card,home,Stuart Armstrong,79,0
https://www.xscores.com/soccer/match/southampton-vs-manchester-city/22-01-2022/319345,Southampton,Manchester City,2022-01-22T17:30:00,Yellow card,home,Mohamed Elyounoussi,90,2
https://www.xscores.com/soccer/match/arsenal-vs-burnley/23-01-2022/319337,Arsenal,Burnley,2022-01-23T14:00:00,Yellow card,away,Ashley Westwood,25,0
https://www.xscores.com/soccer/match/arsenal-vs-burnley/23-01-2022/319337,Arsenal,Burnley,2022-01-23T14:00:00,Yellow card,away,Josh Brownhill,30,0
https://www.xscores.com/soccer/match/crystal-palace-vs-liverpool/23-01-2022/319340,Crystal Palace,Liverpool,2022-01-23T14:00:00,Yellow card,home,Conor Gallagher,49,0
https://www.xscores.com/soccer/match/crystal-palace-vs-liverpool/23-01-2022/319340,Crystal Palace,Liverpool,2022-01-23T14:00:00,Yellow card,home,Will Hughes,61,0
https://www.xscores.com/soccer/match/crystal-palace-vs-liverpool/23-01-2022/319340,Crystal Palace,Liverpool,2022-01-23T14:00:00,Yellow card,away,Roberto Firmino,81,0
https://www.xscores.com/soccer/match/crystal-palace-vs-liverpool/23-01-2022/319340,Crystal Palace,Liverpool,2022-01-23T14:00:00,Yellow card,home,Jeffrey Schlupp,82,0
https://www.xscores.com/soccer/match/crystal-palace-vs-liverpool/23-01-2022/319340,Crystal Palace,Liverpool,2022-01-23T14:00:00,Yellow card,home,Joel Ward,90,3
https://www.xscores.com/soccer/match/leicester-vs-brighton/23-01-2022/319343,Leicester,Brighton,2022-01-23T14:00:00,Yellow card,away,Daniel Burn,67,0
https://www.xscores.com/soccer/match/chelsea-vs-tottenham/23-01-2022/319339,Chelsea,Tottenham,2022-01-23T16:30:00,Yellow card,home,Thiago Silva,24,0
https://www.xscores.com/soccer/match/chelsea-vs-tottenham/23-01-2022/319339,Chelsea,Tottenham,2022-01-23T16:30:00,Yellow card,away,Japhet Tanganga,37,0
https://www.xscores.com/soccer/match/chelsea-vs-tottenham/23-01-2022/319339,Chelsea,Tottenham,2022-01-23T16:30:00,Yellow card,home,Jorginho,42,0
https://www.xscores.com/soccer/match/brighton-vs-chelsea/18-01-2022/319348,Brighton,Chelsea,2022-01-18T20:00:00,Yellow card,away,Marcos Alonso,59,0
https://www.xscores.com/soccer/match/brighton-vs-chelsea/18-01-2022/319348,Brighton,Chelsea,2022-01-18T20:00:00,Yellow card,home,Daniel Burn,80,0
https://www.xscores.com/soccer/match/brighton-vs-chelsea/18-01-2022/319348,Brighton,Chelsea,2022-01-18T20:00:00,Yellow card,away,Antonio Ruediger,81,0
https://www.xscores.com/soccer/match/newcastle-vs-everton/08-02-2022/319353,Newcastle,Everton,2022-02-08T19:45:00,Yellow card,away,Mason Holgate,14,0
https://www.xscores.com/soccer/match/newcastle-vs-everton/08-02-2022/319353,Newcastle,Everton,2022-02-08T19:45:00,Yellow card,home,Jonjo Shelvey,33,0
https://www.xscores.com/soccer/match/newcastle-vs-everton/08-02-2022/319353,Newcastle,Everton,2022-02-08T19:45:00,Yellow card,away,Andre Gomes,47,0
https://www.xscores.com/soccer/match/newcastle-vs-everton/08-02-2022/319353,Newcastle,Everton,2022-02-08T19:45:00,Yellow card,home,Fabian Schaer,50,0
https://www.xscores.com/soccer/match/newcastle-vs-everton/08-02-2022/319353,Newcastle,Everton,2022-02-08T19:45:00,Yellow card,away,Allan,79,0
https://www.xscores.com/soccer/match/west-ham-vs-watford/08-02-2022/319351,West Ham,Watford,2022-02-08T19:45:00,Yellow card,home,Vladimir Coufal,83,0
https://www.xscores.com/soccer/match/burnley-vs-manchester-united/08-02-2022/319349,Burnley,Manchester United,2022-02-08T20:00:00,Yellow card,away,Harry Maguire,62,0
https://www.xscores.com/soccer/match/burnley-vs-manchester-united/08-02-2022/319349,Burnley,Manchester United,2022-02-08T20:00:00,Yellow card,home,Erik Pieters,74,0
https://www.xscores.com/soccer/match/burnley-vs-manchester-united/08-02-2022/319349,Burnley,Manchester United,2022-02-08T20:00:00,Yellow card,home,Josh Brownhill,77,0
https://www.xscores.com/soccer/match/norwich-vs-crystal-palace/09-02-2022/319350,Norwich,Crystal Palace,2022-02-09T19:45:00,Yellow card,home,Brandon Williams,53,0
https://www.xscores.com/soccer/match/norwich-vs-crystal-palace/09-02-2022/319350,Norwich,Crystal Palace,2022-02-09T19:45:00,Yellow card,away,Jean-Philippe Mateta,75,0
https://www.xscores.com/soccer/match/norwich-vs-crystal-palace/09-02-2022/319350,Norwich,Crystal Palace,2022-02-09T19:45:00,Yellow card,away,Conor Gallagher,83,0
https://www.xscores.com/soccer/match/tottenham-vs-southampton/09-02-2022/319354,Tottenham,Southampton,2022-02-09T19:45:00,Yellow card,home,Davinson Sanchez,59,0
https://www.xscores.com/soccer/match/tottenham-vs-southampton/09-02-2022/319354,Tottenham,Southampton,2022-02-09T19:45:00,Yellow card,away,Romain Perraud,76,0
https://www.xscores.com/soccer/match/tottenham-vs-southampton/09-02-2022/319354,Tottenham,Southampton,2022-02-09T19:45:00,Yellow card,away,Oriol Romeu,77,0
https://www.xscores.com/soccer/match/tottenham-vs-southampton/09-02-2022/319354,Tottenham,Southampton,2022-02-09T19:45:00,Yellow card,away,Fraser Forster,84,0
https://www.xscores.com/soccer/match/tottenham-vs-southampton/09-02-2022/319354,Tottenham,Southampton,2022-02-09T19:45:00,Yellow card,home,Cristian Romero,90,4
https://www.xscores.com/soccer/match/aston-villa-vs-leeds/09-02-2022/319347,Aston Villa,Leeds,2022-02-09T20:00:00,Yellow card,away,Stuart Dallas,45,0
https://www.xscores.com/soccer/match/aston-villa-vs-leeds/09-02-2022/319347,Aston Villa,Leeds,2022-02-09T20:00:00,Yellow card,home,Ezri Konsa,70,0
https://www.xscores.com/soccer/match/aston-villa-vs-leeds/09-02-2022/319347,Aston Villa,Leeds,2022-02-09T20:00:00,Yellow card,away,Daniel James,80,0
https://www.xscores.com/soccer/match/aston-villa-vs-leeds/09-02-2022/319347,Aston Villa,Leeds,2022-02-09T20:00:00,Yellow card 2,home,Ezri Konsa,87,0
https://www.xscores.com/soccer/match/aston-villa-vs-leeds/09-02-2022/319347,Aston Villa,Leeds,2022-02-09T20:00:00,Yellow card,home,Matty Cash,90,0
https://www.xscores.com/soccer/match/aston-villa-vs-leeds/09-02-2022/319347,Aston Villa,Leeds,2022-02-09T20:00:00,Yellow card,away,Rodrigo,90,7
https://www.xscores.com/soccer/match/liverpool-vs-leicester/10-02-2022/319355,Liverpool,Leicester,2022-02-10T19:45:00,Yellow card,home,Roberto Firmino,50,0
https://www.xscores.com/soccer/match/wolverhampton-vs-arsenal/10-02-2022/319352,Wolverhampton,Arsenal,2022-02-10T19:45:00,Yellow card,away,Thomas Partey,33,0
https://www.xscores.com/soccer/match/wolverhampton-vs-arsenal/10-02-2022/319352,Wolverhampton,Arsenal,2022-02-10T19:45:00,Yellow card,home,Romain Saiss,36,0
https://www.xscores.com/soccer/match/wolverhampton-vs-arsenal/10-02-2022/319352,Wolverhampton,Arsenal,2022-02-10T19:45:00,Yellow card,away,Granit Xhaka,45,2
https://www.xscores.com/soccer/match/wolverhampton-vs-arsenal/10-02-2022/319352,Wolverhampton,Arsenal,2022-02-10T19:45:00,Yellow card,home,Ruben Neves,60,0
https://www.xscores.com/soccer/match/wolverhampton-vs-arsenal/10-02-2022/319352,Wolverhampton,Arsenal,2022-02-10T19:45:00,Yellow card,away,Gabriel,61,0
https://www.xscores.com/soccer/match/wolverhampton-vs-arsenal/10-02-2022/319352,Wolverhampton,Arsenal,2022-02-10T19:45:00,Yellow card,away,Gabriel Martinelli,69,0
https://www.xscores.com/soccer/match/wolverhampton-vs-arsenal/10-02-2022/319352,Wolverhampton,Arsenal,2022-02-10T19:45:00,Yellow card 2,away,Gabriel Martinelli,69,0
https://www.xscores.com/soccer/match/manchester-united-vs-southampton/12-02-2022/319362,Manchester United,Southampton,2022-02-12T12:30:00,Yellow card,home,Marcus Rashford,16,0
https://www.xscores.com/soccer/match/manchester-united-vs-southampton/12-02-2022/319362,Manchester United,Southampton,2022-02-12T12:30:00,Yellow card,home,Scott McTominay,31,0
https://www.xscores.com/soccer/match/manchester-united-vs-southampton/12-02-2022/319362,Manchester United,Southampton,2022-02-12T12:30:00,Yellow card,home,Paul Pogba,85,0
https://www.xscores.com/soccer/match/manchester-united-vs-southampton/12-02-2022/319362,Manchester United,Southampton,2022-02-12T12:30:00,Yellow card,home,Jesse Lingard,90,0
https://www.xscores.com/soccer/match/brentford-vs-crystal-palace/12-02-2022/319357,Brentford,Crystal Palace,2022-02-12T15:00:00,Yellow card,home,Sergi Canos,42,0
https://www.xscores.com/soccer/match/everton-vs-leeds/12-02-2022/319360,Everton,Leeds,2022-02-12T15:00:00,Yellow card,away,Daniel James,29,0
https://www.xscores.com/soccer/match/everton-vs-leeds/12-02-2022/319360,Everton,Leeds,2022-02-12T15:00:00,Yellow card,home,Alex Iwobi,74,0
https://www.xscores.com/soccer/match/watford-vs-brighton/12-02-2022/319366,Watford,Brighton,2022-02-12T15:00:00,Yellow card,away,Lewis Dunk,25,0
https://www.xscores.com/soccer/match/watford-vs-brighton/12-02-2022/319366,Watford,Brighton,2022-02-12T15:00:00,Yellow card,home,Emmanuel Dennis,56,0
https://www.xscores.com/soccer/match/watford-vs-brighton/12-02-2022/319366,Watford,Brighton,2022-02-12T15:00:00,Yellow card,home,Hassane Kamara,65,0
https://www.xscores.com/soccer/match/watford-vs-brighton/12-02-2022/319366,Watford,Brighton,2022-02-12T15:00:00,Yellow card,away,Tariq Lamptey,75,0
https://www.xscores.com/soccer/match/watford-vs-brighton/12-02-2022/319366,Watford,Brighton,2022-02-12T15:00:00,Yellow card,home,Imran Louza,90,3
https://www.xscores.com/soccer/match/norwich-vs-manchester-city/12-02-2022/319364,Norwich,Manchester City,2022-02-12T17:30:00,Yellow card,away,Ruben Dias,17,0
https://www.xscores.com/soccer/match/norwich-vs-manchester-city/12-02-2022/319364,Norwich,Manchester City,2022-02-12T17:30:00,Yellow card,away,Raheem Sterling,90,2
https://www.xscores.com/soccer/match/burnley-vs-liverpool/13-02-2022/319358,Burnley,Liverpool,2022-02-13T14:00:00,Yellow card,away,Jordan Henderson,27,0
https://www.xscores.com/soccer/match/newcastle-vs-aston-villa/13-02-2022/319363,Newcastle,Aston Villa,2022-02-13T14:00:00,Yellow card,home,Joelinton,39,0
https://www.xscores.com/soccer/match/newcastle-vs-aston-villa/13-02-2022/319363,Newcastle,Aston Villa,2022-02-13T14:00:00,Yellow card,away,John McGinn,42,0
https://www.xscores.com/soccer/match/newcastle-vs-aston-villa/13-02-2022/319363,Newcastle,Aston Villa,2022-02-13T14:00:00,Yellow card,home,Daniel Burn,66,0
https://www.xscores.com/soccer/match/newcastle-vs-aston-villa/13-02-2022/319363,Newcastle,Aston Villa,2022-02-13T14:00:00,Yellow card,home,Jonjo Shelvey,82,0
https://www.xscores.com/soccer/match/newcastle-vs-aston-villa/13-02-2022/319363,Newcastle,Aston Villa,2022-02-13T14:00:00,Yellow card,away,Douglas Luiz,89,0
https://www.xscores.com/soccer/match/newcastle-vs-aston-villa/13-02-2022/319363,Newcastle,Aston Villa,2022-02-13T14:00:00,Yellow card,away,Leon Bailey,90,5
https://www.xscores.com/soccer/match/newcastle-vs-aston-villa/13-02-2022/319363,Newcastle,Aston Villa,2022-02-13T14:00:00,Yellow card,away,Jacob Ramsey,90,7
https://www.xscores.com/soccer/match/tottenham-vs-wolverhampton/13-02-2022/319365,Tottenham,Wolverhampton,2022-02-13T14:00:00,Yellow card,away,Rayan Ait Nouri,66,0
https://www.xscores.com/soccer/match/tottenham-vs-wolverhampton/13-02-2022/319365,Tottenham,Wolverhampton,2022-02-13T14:00:00,Yellow card,home,Lucas Moura,68,0
https://www.xscores.com/soccer/match/tottenham-vs-wolverhampton/13-02-2022/319365,Tottenham,Wolverhampton,2022-02-13T14:00:00,Yellow card,home,Dejan Kulusevski,71,0
https://www.xscores.com/soccer/match/tottenham-vs-wolverhampton/13-02-2022/319365,Tottenham,Wolverhampton,2022-02-13T14:00:00,Yellow card,home,Rodrigo Bentancur,90,4
https://www.xscores.com/soccer/match/leicester-vs-west-ham/13-02-2022/319361,Leicester,West Ham,2022-02-13T16:30:00,Yellow card,home,Ricardo Pereira,18,0
https://www.xscores.com/soccer/match/leicester-vs-west-ham/13-02-2022/319361,Leicester,West Ham,2022-02-13T16:30:00,Yellow card,away,Aaron Cresswell,60,0
https://www.xscores.com/soccer/match/leicester-vs-west-ham/13-02-2022/319361,Leicester,West Ham,2022-02-13T16:30:00,Yellow card,away,Declan Rice,61,0
https://www.xscores.com/soccer/match/chelsea-vs-arsenal/20-04-2022/319359,Chelsea,Arsenal,2022-04-20T19:45:00,Yellow card,home,Malang Sarr,65,0
https://www.xscores.com/soccer/match/chelsea-vs-arsenal/20-04-2022/319359,Chelsea,Arsenal,2022-04-20T19:45:00,Yellow card,home,Mason Mount,84,0
https://www.xscores.com/soccer/match/chelsea-vs-arsenal/20-04-2022/319359,Chelsea,Arsenal,2022-04-20T19:45:00,Yellow card,away,Gabriel,90,1
https://www.xscores.com/soccer/match/chelsea-vs-arsenal/20-04-2022/319359,Chelsea,Arsenal,2022-04-20T19:45:00,Yellow card,home,Cesar Azpilicueta,90,1
https://www.xscores.com/soccer/match/west-ham-vs-newcastle/19-02-2022/319375,West Ham,Newcastle,2022-02-19T12:30:00,Yellow card,home,Ryan Fredericks,21,0
https://www.xscores.com/soccer/match/west-ham-vs-newcastle/19-02-2022/319375,West Ham,Newcastle,2022-02-19T12:30:00,Yellow card,away,Emil Krafth,31,0
https://www.xscores.com/soccer/match/west-ham-vs-newcastle/19-02-2022/319375,West Ham,Newcastle,2022-02-19T12:30:00,Yellow card,away,Ryan Fraser,75,0
https://www.xscores.com/soccer/match/west-ham-vs-newcastle/19-02-2022/319375,West Ham,Newcastle,2022-02-19T12:30:00,Yellow card,home,Pablo Fornals,90,0
https://www.xscores.com/soccer/match/west-ham-vs-newcastle/19-02-2022/319375,West Ham,Newcastle,2022-02-19T12:30:00,Yellow card,away,Daniel Burn,90,5
https://www.xscores.com/soccer/match/west-ham-vs-newcastle/19-02-2022/319375,West Ham,Newcastle,2022-02-19T12:30:00,Yellow card,home,Jarrod Bowen,90,5
https://www.xscores.com/soccer/match/arsenal-vs-brentford/19-02-2022/319367,Arsenal,Brentford,2022-02-19T15:00:00,Yellow card,away,Pontus Jansson,81,0
https://www.xscores.com/soccer/match/arsenal-vs-brentford/19-02-2022/319367,Arsenal,Brentford,2022-02-19T15:00:00,Yellow card,home,Gabriel,86,0
https://www.xscores.com/soccer/match/aston-villa-vs-watford/19-02-2022/319368,Aston Villa,Watford,2022-02-19T15:00:00,Yellow card,home,Matty Cash,57,0
https://www.xscores.com/soccer/match/aston-villa-vs-watford/19-02-2022/319368,Aston Villa,Watford,2022-02-19T15:00:00,Yellow card,away,Ismaila Sarr,66,0
https://www.xscores.com/soccer/match/aston-villa-vs-watford/19-02-2022/319368,Aston Villa,Watford,2022-02-19T15:00:00,Yellow card,away,Hassane Kamara,82,0
https://www.xscores.com/soccer/match/brighton-vs-burnley/19-02-2022/319369,Brighton,Burnley,2022-02-19T15:00:00,Yellow card,away,Jack Cork,25,0
https://www.xscores.com/soccer/match/brighton-vs-burnley/19-02-2022/319369,Brighton,Burnley,2022-02-19T15:00:00,Yellow card,away,Connor Roberts,59,0
https://www.xscores.com/soccer/match/brighton-vs-burnley/19-02-2022/319369,Brighton,Burnley,2022-02-19T15:00:00,Yellow card,away,Aaron Lennon,61,0
https://www.xscores.com/soccer/match/brighton-vs-burnley/19-02-2022/319369,Brighton,Burnley,2022-02-19T15:00:00,Yellow card,home,Shane Duffy,84,0
https://www.xscores.com/soccer/match/brighton-vs-burnley/19-02-2022/319369,Brighton,Burnley,2022-02-19T15:00:00,Yellow card,away,Josh Brownhill,87,0
https://www.xscores.com/soccer/match/crystal-palace-vs-chelsea/19-02-2022/319370,Crystal Palace,Chelsea,2022-02-19T15:00:00,Yellow card,away,Malang Sarr,62,0
https://www.xscores.com/soccer/match/crystal-palace-vs-chelsea/19-02-2022/319370,Crystal Palace,Chelsea,2022-02-19T15:00:00,Yellow card,home,Michael Olise,68,0
https://www.xscores.com/soccer/match/crystal-palace-vs-chelsea/19-02-2022/319370,Crystal Palace,Chelsea,2022-02-19T15:00:00,Yellow card,away,Kai Havertz,90,2
https://www.xscores.com/soccer/match/crystal-palace-vs-chelsea/19-02-2022/319370,Crystal Palace,Chelsea,2022-02-19T15:00:00,Yellow card,away,Christian Pulisic,90,3
https://www.xscores.com/soccer/match/liverpool-vs-norwich/19-02-2022/319372,Liverpool,Norwich,2022-02-19T15:00:00,Yellow card,away,Brandon Williams,40,0
https://www.xscores.com/soccer/match/southampton-vs-everton/19-02-2022/319374,Southampton,Everton,2022-02-19T15:00:00,Yellow card,away,Allan,15,0
https://www.xscores.com/soccer/match/southampton-vs-everton/19-02-2022/319374,Southampton,Everton,2022-02-19T15:00:00,Yellow card,away,Dominic Calvert-Lewin,40,0
https://www.xscores.com/soccer/match/manchester-city-vs-tottenham/19-02-2022/319373,Manchester City,Tottenham,2022-02-19T17:30:00,Yellow card,away,Pierre-Emile Hoejbjerg,64,0
https://www.xscores.com/soccer/match/manchester-city-vs-tottenham/19-02-2022/319373,Manchester City,Tottenham,2022-02-19T17:30:00,Yellow card,away,Cristian Romero,76,0
https://www.xscores.com/soccer/match/manchester-city-vs-tottenham/19-02-2022/319373,Manchester City,Tottenham,2022-02-19T17:30:00,Yellow card,away,Hugo Lloris,80,0
https://www.xscores.com/soccer/match/leeds-vs-manchester-united/20-02-2022/319371,Leeds,Manchester United,2022-02-20T14:00:00,Yellow card,away,Cristiano Ronaldo,54,0
https://www.xscores.com/soccer/match/leeds-vs-manchester-united/20-02-2022/319371,Leeds,Manchester United,2022-02-20T14:00:00,Yellow card,home,Pascal Struijk,61,0
https://www.xscores.com/soccer/match/leeds-vs-manchester-united/20-02-2022/319371,Leeds,Manchester United,2022-02-20T14:00:00,Yellow card,home,Luke Ayling,68,0
https://www.xscores.com/soccer/match/leeds-vs-manchester-united/20-02-2022/319371,Leeds,Manchester United,2022-02-20T14:00:00,Yellow card,home,Adam Forshaw,76,0
https://www.xscores.com/soccer/match/leeds-vs-manchester-united/20-02-2022/319371,Leeds,Manchester United,2022-02-20T14:00:00,Yellow card,away,Scott McTominay,77,0
https://www.xscores.com/soccer/match/leeds-vs-manchester-united/20-02-2022/319371,Leeds,Manchester United,2022-02-20T14:00:00,Yellow card,home,Raphinha,81,0
https://www.xscores.com/soccer/match/leeds-vs-manchester-united/20-02-2022/319371,Leeds,Manchester United,2022-02-20T14:00:00,Yellow card,away,Luke Shaw,90,2
https://www.xscores.com/soccer/match/leeds-vs-manchester-united/20-02-2022/319371,Leeds,Manchester United,2022-02-20T14:00:00,Yellow card,home,Junior Firpo,90,2
https://www.xscores.com/soccer/match/leeds-vs-manchester-united/20-02-2022/319371,Leeds,Manchester United,2022-02-20T14:00:00,Yellow card,home,Mateusz Klich,90,5
https://www.xscores.com/soccer/match/wolverhampton-vs-leicester/20-02-2022/319376,Wolverhampton,Leicester,2022-02-20T16:30:00,Yellow card,away,Caglar Soyuncu,29,0
https://www.xscores.com/soccer/match/wolverhampton-vs-leicester/20-02-2022/319376,Wolverhampton,Leicester,2022-02-20T16:30:00,Yellow card,home,Rayan Ait Nouri,31,0
https://www.xscores.com/soccer/match/wolverhampton-vs-leicester/20-02-2022/319376,Wolverhampton,Leicester,2022-02-20T16:30:00,Yellow card,away,Marc Albrighton,36,0
https://www.xscores.com/soccer/match/wolverhampton-vs-leicester/20-02-2022/319376,Wolverhampton,Leicester,2022-02-20T16:30:00,Yellow card,away,Ademola Lookman,38,0
https://www.xscores.com/soccer/match/wolverhampton-vs-leicester/20-02-2022/319376,Wolverhampton,Leicester,2022-02-20T16:30:00,Yellow card,home,Daniel Podence,38,0
https://www.xscores.com/soccer/match/wolverhampton-vs-leicester/20-02-2022/319376,Wolverhampton,Leicester,2022-02-20T16:30:00,Yellow card,home,Leander Dendoncker,70,0
https://www.xscores.com/soccer/match/wolverhampton-vs-leicester/20-02-2022/319376,Wolverhampton,Leicester,2022-02-20T16:30:00,Yellow card,home,Ruben Neves,76,0
https://www.xscores.com/soccer/match/wolverhampton-vs-leicester/20-02-2022/319376,Wolverhampton,Leicester,2022-02-20T16:30:00,Yellow card,away,Ricardo Pereira,90,2
https://www.xscores.com/soccer/match/southampton-vs-norwich/25-02-2022/319385,Southampton,Norwich,2022-02-25T20:00:00,Yellow card,home,Mohammed Salisu,39,0
https://www.xscores.com/soccer/match/southampton-vs-norwich/25-02-2022/319385,Southampton,Norwich,2022-02-25T20:00:00,Yellow card,away,Teemu Pukki,59,0
https://www.xscores.com/soccer/match/southampton-vs-norwich/25-02-2022/319385,Southampton,Norwich,2022-02-25T20:00:00,Yellow card,away,Brandon Williams,90,0
https://www.xscores.com/soccer/match/leeds-vs-tottenham/26-02-2022/319383,Leeds,Tottenham,2022-02-26T12:30:00,Yellow card,away,Ryan Sessegnon,48,0
https://www.xscores.com/soccer/match/leeds-vs-tottenham/26-02-2022/319383,Leeds,Tottenham,2022-02-26T12:30:00,Yellow card,home,Mateusz Klich,52,0
https://www.xscores.com/soccer/match/leeds-vs-tottenham/26-02-2022/319383,Leeds,Tottenham,2022-02-26T12:30:00,Yellow card,home,Stuart Dallas,53,0
https://www.xscores.com/soccer/match/leeds-vs-tottenham/26-02-2022/319383,Leeds,Tottenham,2022-02-26T12:30:00,Yellow card,home,Junior Firpo,54,0
https://www.xscores.com/soccer/match/leeds-vs-tottenham/26-02-2022/319383,Leeds,Tottenham,2022-02-26T12:30:00,Yellow card,home,Rodrigo,77,0
https://www.xscores.com/soccer/match/leeds-vs-tottenham/26-02-2022/319383,Leeds,Tottenham,2022-02-26T12:30:00,Yellow card,away,Ben Davies,89,0
https://www.xscores.com/soccer/match/brentford-vs-newcastle/26-02-2022/319378,Brentford,Newcastle,2022-02-26T15:00:00,Red card,home,Joshua Dasilva,11,0
https://www.xscores.com/soccer/match/brentford-vs-newcastle/26-02-2022/319378,Brentford,Newcastle,2022-02-26T15:00:00,Yellow card,home,Kristoffer Vassbakk Ajer,45,1
https://www.xscores.com/soccer/match/brentford-vs-newcastle/26-02-2022/319378,Brentford,Newcastle,2022-02-26T15:00:00,Yellow card,away,Martin Dubravka,68,0
https://www.xscores.com/soccer/match/brentford-vs-newcastle/26-02-2022/319378,Brentford,Newcastle,2022-02-26T15:00:00,Yellow card,home,Bryan Mbeumo,84,0
https://www.xscores.com/soccer/match/brentford-vs-newcastle/26-02-2022/319378,Brentford,Newcastle,2022-02-26T15:00:00,Yellow card,home,Vitaly Janelt,90,5
https://www.xscores.com/soccer/match/crystal-palace-vs-burnley/26-02-2022/319381,Crystal Palace,Burnley,2022-02-26T15:00:00,Yellow card,away,Josh Brownhill,30,0
https://www.xscores.com/soccer/match/crystal-palace-vs-burnley/26-02-2022/319381,Crystal Palace,Burnley,2022-02-26T15:00:00,Yellow card,away,James Tarkowski,72,0
https://www.xscores.com/soccer/match/brighton-vs-aston-villa/26-02-2022/319379,Brighton,Aston Villa,2022-02-26T15:30:00,Yellow card,home,Marc Cucurella,16,0
https://www.xscores.com/soccer/match/brighton-vs-aston-villa/26-02-2022/319379,Brighton,Aston Villa,2022-02-26T15:30:00,Yellow card,away,Matty Cash,19,0
https://www.xscores.com/soccer/match/brighton-vs-aston-villa/26-02-2022/319379,Brighton,Aston Villa,2022-02-26T15:30:00,Yellow card,home,Leandro Trossard,25,0
https://www.xscores.com/soccer/match/brighton-vs-aston-villa/26-02-2022/319379,Brighton,Aston Villa,2022-02-26T15:30:00,Yellow card,away,Douglas Luiz,25,0
https://www.xscores.com/soccer/match/brighton-vs-aston-villa/26-02-2022/319379,Brighton,Aston Villa,2022-02-26T15:30:00,Yellow card,away,Tyrone Mings,40,0
https://www.xscores.com/soccer/match/brighton-vs-aston-villa/26-02-2022/319379,Brighton,Aston Villa,2022-02-26T15:30:00,Yellow card,away,Ollie Watkins,40,0
https://www.xscores.com/soccer/match/brighton-vs-aston-villa/26-02-2022/319379,Brighton,Aston Villa,2022-02-26T15:30:00,Yellow card,home,Yves Bissouma,57,0
https://www.xscores.com/soccer/match/brighton-vs-aston-villa/26-02-2022/319379,Brighton,Aston Villa,2022-02-26T15:30:00,Yellow card,home,Joel Veltman,58,0
https://www.xscores.com/soccer/match/brighton-vs-aston-villa/26-02-2022/319379,Brighton,Aston Villa,2022-02-26T15:30:00,Yellow card,away,Emiliano Martinez,83,0
https://www.xscores.com/soccer/match/everton-vs-manchester-city/26-02-2022/319382,Everton,Manchester City,2022-02-26T17:30:00,Yellow card,home,Donny van de Beek,27,0
https://www.xscores.com/soccer/match/everton-vs-manchester-city/26-02-2022/319382,Everton,Manchester City,2022-02-26T17:30:00,Yellow card,home,Allan,57,0
https://www.xscores.com/soccer/match/everton-vs-manchester-city/26-02-2022/319382,Everton,Manchester City,2022-02-26T17:30:00,Yellow card,away,Ederson Moraes,87,0
https://www.xscores.com/soccer/match/everton-vs-manchester-city/26-02-2022/319382,Everton,Manchester City,2022-02-26T17:30:00,Yellow card,away,Phil Foden,89,0
https://www.xscores.com/soccer/match/everton-vs-manchester-city/26-02-2022/319382,Everton,Manchester City,2022-02-26T17:30:00,Yellow card,home,Dele Alli,90,6
https://www.xscores.com/soccer/match/west-ham-vs-wolverhampton/27-02-2022/319386,West Ham,Wolverhampton,2022-02-27T14:00:00,Yellow card,home,Michail Antonio,82,0
https://www.xscores.com/soccer/match/arsenal-vs-liverpool/16-03-2022/319377,Arsenal,Liverpool,2022-03-16T20:15:00,Yellow card,away,Roberto Firmino,63,0
https://www.xscores.com/soccer/match/chelsea-vs-leicester/19-05-2022/319380,Chelsea,Leicester,2022-05-19T20:00:00,Yellow card,home,N'Golo Kante,47,0
https://www.xscores.com/soccer/match/chelsea-vs-leicester/19-05-2022/319380,Chelsea,Leicester,2022-05-19T20:00:00,Yellow card,home,Romelu Lukaku,59,0
https://www.xscores.com/soccer/match/chelsea-vs-leicester/19-05-2022/319380,Chelsea,Leicester,2022-05-19T20:00:00,Yellow card,away,Jonny Evans,64,0
https://www.xscores.com/soccer/match/chelsea-vs-leicester/19-05-2022/319380,Chelsea,Leicester,2022-05-19T20:00:00,Yellow card,home,Antonio Ruediger,66,0
https://www.xscores.com/soccer/match/chelsea-vs-leicester/19-05-2022/319380,Chelsea,Leicester,2022-05-19T20:00:00,Yellow card,home,Jorginho,85,0
https://www.xscores.com/soccer/match/leicester-vs-leeds/05-03-2022/319389,Leicester,Leeds,2022-03-05T12:30:00,Yellow card,away,Pascal Struijk,9,0
https://www.xscores.com/soccer/match/leicester-vs-leeds/05-03-2022/319389,Leicester,Leeds,2022-03-05T12:30:00,Yellow card,home,Wilfred Ndidi,53,0
https://www.xscores.com/soccer/match/leicester-vs-leeds/05-03-2022/319389,Leicester,Leeds,2022-03-05T12:30:00,Yellow card,away,Adam Forshaw,71,0
https://www.xscores.com/soccer/match/aston-villa-vs-southampton/05-03-2022/319387,Aston Villa,Southampton,2022-03-05T15:00:00,Yellow card,away,Oriol Romeu,68,0
https://www.xscores.com/soccer/match/aston-villa-vs-southampton/05-03-2022/319387,Aston Villa,Southampton,2022-03-05T15:00:00,Yellow card,home,Ollie Watkins,74,0
https://www.xscores.com/soccer/match/burnley-vs-chelsea/05-03-2022/319388,Burnley,Chelsea,2022-03-05T15:00:00,Yellow card,home,Ashley Barnes,84,0
https://www.xscores.com/soccer/match/burnley-vs-chelsea/05-03-2022/319388,Burnley,Chelsea,2022-03-05T15:00:00,Yellow card,home,Ashley Westwood,89,0
https://www.xscores.com/soccer/match/newcastle-vs-brighton/05-03-2022/319392,Newcastle,Brighton,2022-03-05T15:00:00,Yellow card,away,Shane Duffy,63,0
https://www.xscores.com/soccer/match/newcastle-vs-brighton/05-03-2022/319392,Newcastle,Brighton,2022-03-05T15:00:00,Yellow card,home,Joelinton,87,0
https://www.xscores.com/soccer/match/norwich-vs-brentford/05-03-2022/319393,Norwich,Brentford,2022-03-05T15:00:00,Yellow card,away,Kristoffer Vassbakk Ajer,24,0
https://www.xscores.com/soccer/match/norwich-vs-brentford/05-03-2022/319393,Norwich,Brentford,2022-03-05T15:00:00,Yellow card,away,Christian Eriksen,40,0
https://www.xscores.com/soccer/match/norwich-vs-brentford/05-03-2022/319393,Norwich,Brentford,2022-03-05T15:00:00,Yellow card,home,Ben Gibson,51,0
https://www.xscores.com/soccer/match/norwich-vs-brentford/05-03-2022/319393,Norwich,Brentford,2022-03-05T15:00:00,Yellow card,away,Pontus Jansson,79,0
https://www.xscores.com/soccer/match/norwich-vs-brentford/05-03-2022/319393,Norwich,Brentford,2022-03-05T15:00:00,Yellow card,home,Grant Hanley,79,0
https://www.xscores.com/soccer/match/norwich-vs-brentford/05-03-2022/319393,Norwich,Brentford,2022-03-05T15:00:00,Yellow card,away,Mads Roerslev,89,0
https://www.xscores.com/soccer/match/norwich-vs-brentford/05-03-2022/319393,Norwich,Brentford,2022-03-05T15:00:00,Yellow card,away,Bryan Mbeumo,90,1
https://www.xscores.com/soccer/match/wolverhampton-vs-crystal-palace/05-03-2022/319396,Wolverhampton,Crystal Palace,2022-03-05T15:00:00,Yellow card,away,Conor Gallagher,53,0
https://www.xscores.com/soccer/match/wolverhampton-vs-crystal-palace/05-03-2022/319396,Wolverhampton,Crystal Palace,2022-03-05T15:00:00,Yellow card,away,Vicente Guaita,88,0
https://www.xscores.com/soccer/match/wolverhampton-vs-crystal-palace/05-03-2022/319396,Wolverhampton,Crystal Palace,2022-03-05T15:00:00,Yellow card,away,Will Hughes,90,0
https://www.xscores.com/soccer/match/liverpool-vs-west-ham/05-03-2022/319390,Liverpool,West Ham,2022-03-05T17:30:00,Yellow card,away,Craig Dawson,31,0
https://www.xscores.com/soccer/match/liverpool-vs-west-ham/05-03-2022/319390,Liverpool,West Ham,2022-03-05T17:30:00,Yellow card,home,Diogo Jota,89,0
https://www.xscores.com/soccer/match/liverpool-vs-west-ham/05-03-2022/319390,Liverpool,West Ham,2022-03-05T17:30:00,Yellow card,home,Sadio Mane,90,4
https://www.xscores.com/soccer/match/watford-vs-arsenal/06-03-2022/319395,Watford,Arsenal,2022-03-06T14:00:00,Yellow card,away,Cedric Soares,58,0
https://www.xscores.com/soccer/match/watford-vs-arsenal/06-03-2022/319395,Watford,Arsenal,2022-03-06T14:00:00,Yellow card,away,Edward Nketiah,90,3
https://www.xscores.com/soccer/match/watford-vs-arsenal/06-03-2022/319395,Watford,Arsenal,2022-03-06T14:00:00,Yellow card,home,Juan Hernandez,90,6
https://www.xscores.com/soccer/match/manchester-city-vs-manchester-united/06-03-2022/319391,Manchester City,Manchester United,2022-03-06T16:30:00,Yellow card,away,Harry Maguire,63,0
https://www.xscores.com/soccer/match/tottenham-vs-everton/07-03-2022/319394,Tottenham,Everton,2022-03-07T20:00:00,Yellow card,home,Heung-Min Son,24,0
https://www.xscores.com/soccer/match/tottenham-vs-everton/07-03-2022/319394,Tottenham,Everton,2022-03-07T20:00:00,Yellow card,home,Cristian Romero,30,0
https://www.xscores.com/soccer/match/brighton-vs-liverpool/12-03-2022/319399,Brighton,Liverpool,2022-03-12T12:30:00,Yellow card,home,Yves Bissouma,55,0
https://www.xscores.com/soccer/match/brighton-vs-liverpool/12-03-2022/319399,Brighton,Liverpool,2022-03-12T12:30:00,Yellow card,home,Alexis Mac Allister,75,0
https://www.xscores.com/soccer/match/brighton-vs-liverpool/12-03-2022/319399,Brighton,Liverpool,2022-03-12T12:30:00,Yellow card,home,Neal Maupay,81,0
https://www.xscores.com/soccer/match/brighton-vs-liverpool/12-03-2022/319399,Brighton,Liverpool,2022-03-12T12:30:00,Yellow card,away,Fabinho,84,0
https://www.xscores.com/soccer/match/brentford-vs-burnley/12-03-2022/319398,Brentford,Burnley,2022-03-12T15:00:00,Yellow card,home,Ivan Toney,86,0
https://www.xscores.com/soccer/match/brentford-vs-burnley/12-03-2022/319398,Brentford,Burnley,2022-03-12T15:00:00,Yellow card,away,James Tarkowski,89,0
https://www.xscores.com/soccer/match/brentford-vs-burnley/12-03-2022/319398,Brentford,Burnley,2022-03-12T15:00:00,Red card,away,Nathan Collins,90,2
https://www.xscores.com/soccer/match/manchester-united-vs-tottenham/12-03-2022/319404,Manchester United,Tottenham,2022-03-12T17:30:00,Yellow card,away,Eric Dier,30,0
https://www.xscores.com/soccer/match/manchester-united-vs-tottenham/12-03-2022/319404,Manchester United,Tottenham,2022-03-12T17:30:00,Yellow card,home,Fred,35,0
https://www.xscores.com/soccer/match/manchester-united-vs-tottenham/12-03-2022/319404,Manchester United,Tottenham,2022-03-12T17:30:00,Yellow card,home,Paul Pogba,85,0
https://www.xscores.com/soccer/match/chelsea-vs-newcastle/13-03-2022/319400,Chelsea,Newcastle,2022-03-13T14:00:00,Yellow card,home,Kai Havertz,39,0
https://www.xscores.com/soccer/match/chelsea-vs-newcastle/13-03-2022/319400,Chelsea,Newcastle,2022-03-13T14:00:00,Yellow card,away,Jacob Murphy,50,0
https://www.xscores.com/soccer/match/chelsea-vs-newcastle/13-03-2022/319400,Chelsea,Newcastle,2022-03-13T14:00:00,Yellow card,home,Hakim Ziyech,58,0
https://www.xscores.com/soccer/match/chelsea-vs-newcastle/13-03-2022/319400,Chelsea,Newcastle,2022-03-13T14:00:00,Yellow card,away,Bruno Guimaraes,80,0
https://www.xscores.com/soccer/match/chelsea-vs-newcastle/13-03-2022/319400,Chelsea,Newcastle,2022-03-13T14:00:00,Yellow card,home,Mateo Kovacic,87,0
https://www.xscores.com/soccer/match/chelsea-vs-newcastle/13-03-2022/319400,Chelsea,Newcastle,2022-03-13T14:00:00,Yellow card,home,Antonio Ruediger,90,1
https://www.xscores.com/soccer/match/chelsea-vs-newcastle/13-03-2022/319400,Chelsea,Newcastle,2022-03-13T14:00:00,Yellow card,away,Dwight Gayle,90,2
https://www.xscores.com/soccer/match/everton-vs-wolverhampton/13-03-2022/319402,Everton,Wolverhampton,2022-03-13T14:00:00,Yellow card,away,Conor Coady,64,0
https://www.xscores.com/soccer/match/everton-vs-wolverhampton/13-03-2022/319402,Everton,Wolverhampton,2022-03-13T14:00:00,Yellow card,home,Mason Holgate,69,0
https://www.xscores.com/soccer/match/everton-vs-wolverhampton/13-03-2022/319402,Everton,Wolverhampton,2022-03-13T14:00:00,Yellow card,home,Jonjoe Kenny,75,0
https://www.xscores.com/soccer/match/everton-vs-wolverhampton/13-03-2022/319402,Everton,Wolverhampton,2022-03-13T14:00:00,Yellow card 2,home,Jonjoe Kenny,78,0
https://www.xscores.com/soccer/match/everton-vs-wolverhampton/13-03-2022/319402,Everton,Wolverhampton,2022-03-13T14:00:00,Yellow card,home,Ben Godfrey,84,0
https://www.xscores.com/soccer/match/leeds-vs-norwich/13-03-2022/319403,Leeds,Norwich,2022-03-13T14:00:00,Yellow card,home,Luke Ayling,26,0
https://www.xscores.com/soccer/match/leeds-vs-norwich/13-03-2022/319403,Leeds,Norwich,2022-03-13T14:00:00,Yellow card,home,Jack Harrison,71,0
https://www.xscores.com/soccer/match/leeds-vs-norwich/13-03-2022/319403,Leeds,Norwich,2022-03-13T14:00:00,Yellow card,away,Max Aarons,77,0
https://www.xscores.com/soccer/match/leeds-vs-norwich/13-03-2022/319403,Leeds,Norwich,2022-03-13T14:00:00,Yellow card,home,Daniel James,77,0
https://www.xscores.com/soccer/match/southampton-vs-watford/13-03-2022/319405,Southampton,Watford,2022-03-13T14:00:00,Yellow card,home,Romain Perraud,48,0
https://www.xscores.com/soccer/match/southampton-vs-watford/13-03-2022/319405,Southampton,Watford,2022-03-13T14:00:00,Yellow card,away,Juan Hernandez,60,0
https://www.xscores.com/soccer/match/southampton-vs-watford/13-03-2022/319405,Southampton,Watford,2022-03-13T14:00:00,Yellow card,home,Oriol Romeu,65,0
https://www.xscores.com/soccer/match/southampton-vs-watford/13-03-2022/319405,Southampton,Watford,2022-03-13T14:00:00,Yellow card,home,Jan Bednarek,76,0
https://www.xscores.com/soccer/match/southampton-vs-watford/13-03-2022/319405,Southampton,Watford,2022-03-13T14:00:00,Yellow card,away,Moussa Sissoko,86,0
https://www.xscores.com/soccer/match/west-ham-vs-aston-villa/13-03-2022/319406,West Ham,Aston Villa,2022-03-13T14:00:00,Yellow card,home,Manuel Lanzini,44,0
https://www.xscores.com/soccer/match/arsenal-vs-leicester/13-03-2022/319397,Arsenal,Leicester,2022-03-13T16:30:00,Yellow card,away,Kelechi Iheanacho,30,0
https://www.xscores.com/soccer/match/arsenal-vs-leicester/13-03-2022/319397,Arsenal,Leicester,2022-03-13T16:30:00,Yellow card,away,Caglar Soyuncu,58,0
https://www.xscores.com/soccer/match/arsenal-vs-leicester/13-03-2022/319397,Arsenal,Leicester,2022-03-13T16:30:00,Yellow card,away,Patson Daka,80,0
https://www.xscores.com/soccer/match/crystal-palace-vs-manchester-city/14-03-2022/319401,Crystal Palace,Manchester City,2022-03-14T20:00:00,Yellow card,home,Cheikhou Kouyate,44,0
https://www.xscores.com/soccer/match/crystal-palace-vs-manchester-city/14-03-2022/319401,Crystal Palace,Manchester City,2022-03-14T20:00:00,Yellow card,away,Jack Grealish,54,0
https://www.xscores.com/soccer/match/crystal-palace-vs-manchester-city/14-03-2022/319401,Crystal Palace,Manchester City,2022-03-14T20:00:00,Yellow card,home,Conor Gallagher,83,0
https://www.xscores.com/soccer/match/crystal-palace-vs-manchester-city/14-03-2022/319401,Crystal Palace,Manchester City,2022-03-14T20:00:00,Yellow card,home,Odsonne Edouard,90,0
https://www.xscores.com/soccer/match/norwich-vs-chelsea/10-03-2022/319413,Norwich,Chelsea,2022-03-10T19:30:00,Yellow card,away,Edouard Mendy,68,0
https://www.xscores.com/soccer/match/norwich-vs-chelsea/10-03-2022/319413,Norwich,Chelsea,2022-03-10T19:30:00,Yellow card,away,Trevoh Chalobah,80,0
https://www.xscores.com/soccer/match/wolverhampton-vs-leeds/18-03-2022/319416,Wolverhampton,Leeds,2022-03-18T20:00:00,Yellow card,home,Willy Boly,6,0
https://www.xscores.com/soccer/match/wolverhampton-vs-leeds/18-03-2022/319416,Wolverhampton,Leeds,2022-03-18T20:00:00,Yellow card,home,Raul Jimenez,43,0
https://www.xscores.com/soccer/match/wolverhampton-vs-leeds/18-03-2022/319416,Wolverhampton,Leeds,2022-03-18T20:00:00,Yellow card,away,Pascal Struijk,45,10
https://www.xscores.com/soccer/match/wolverhampton-vs-leeds/18-03-2022/319416,Wolverhampton,Leeds,2022-03-18T20:00:00,Yellow card 2,home,Raul Jimenez,53,0
https://www.xscores.com/soccer/match/wolverhampton-vs-leeds/18-03-2022/319416,Wolverhampton,Leeds,2022-03-18T20:00:00,Yellow card,away,Rodrigo,68,0
https://www.xscores.com/soccer/match/wolverhampton-vs-leeds/18-03-2022/319416,Wolverhampton,Leeds,2022-03-18T20:00:00,Yellow card,away,Charlie Cresswell,74,0
https://www.xscores.com/soccer/match/wolverhampton-vs-leeds/18-03-2022/319416,Wolverhampton,Leeds,2022-03-18T20:00:00,Yellow card,away,Nohan Kenneh,90,3
https://www.xscores.com/soccer/match/wolverhampton-vs-leeds/18-03-2022/319416,Wolverhampton,Leeds,2022-03-18T20:00:00,Yellow card,away,Adam Forshaw,90,4
https://www.xscores.com/soccer/match/aston-villa-vs-arsenal/19-03-2022/319407,Aston Villa,Arsenal,2022-03-19T12:30:00,Yellow card,home,Jacob Ramsey,15,0
https://www.xscores.com/soccer/match/aston-villa-vs-arsenal/19-03-2022/319407,Aston Villa,Arsenal,2022-03-19T12:30:00,Yellow card,home,Tyrone Mings,33,0
https://www.xscores.com/soccer/match/aston-villa-vs-arsenal/19-03-2022/319407,Aston Villa,Arsenal,2022-03-19T12:30:00,Yellow card,home,John McGinn,34,0
https://www.xscores.com/soccer/match/aston-villa-vs-arsenal/19-03-2022/319407,Aston Villa,Arsenal,2022-03-19T12:30:00,Yellow card,away,Granit Xhaka,45,1
https://www.xscores.com/soccer/match/aston-villa-vs-arsenal/19-03-2022/319407,Aston Villa,Arsenal,2022-03-19T12:30:00,Yellow card,away,Cedric Soares,57,0
https://www.xscores.com/soccer/match/aston-villa-vs-arsenal/19-03-2022/319407,Aston Villa,Arsenal,2022-03-19T12:30:00,Yellow card,away,Thomas Partey,65,0
https://www.xscores.com/soccer/match/leicester-vs-brentford/20-03-2022/319409,Leicester,Brentford,2022-03-20T14:00:00,Yellow card,home,Kiernan Dewsbury-Hall,76,0
https://www.xscores.com/soccer/match/leicester-vs-brentford/20-03-2022/319409,Leicester,Brentford,2022-03-20T14:00:00,Yellow card,away,Ethan Pinnock,83,0
https://www.xscores.com/soccer/match/leicester-vs-brentford/20-03-2022/319409,Leicester,Brentford,2022-03-20T14:00:00,Yellow card,away,Christian Noergaard,90,0
https://www.xscores.com/soccer/match/tottenham-vs-west-ham/20-03-2022/319414,Tottenham,West Ham,2022-03-20T16:30:00,Yellow card,away,Craig Dawson,23,0
https://www.xscores.com/soccer/match/liverpool-vs-manchester-united/19-04-2022/319410,Liverpool,Manchester United,2022-04-19T20:00:00,Yellow card,home,Naby Keita,86,0
https://www.xscores.com/soccer/match/liverpool-vs-manchester-united/19-04-2022/319410,Liverpool,Manchester United,2022-04-19T20:00:00,Yellow card,away,Hannibal Mejbri,88,0
https://www.xscores.com/soccer/match/liverpool-vs-manchester-united/19-04-2022/319410,Liverpool,Manchester United,2022-04-19T20:00:00,Yellow card,away,Bruno Fernandes,89,0
https://www.xscores.com/soccer/match/newcastle-vs-crystal-palace/20-04-2022/319412,Newcastle,Crystal Palace,2022-04-20T19:45:00,Yellow card,home,Miguel Almiron,33,0
https://www.xscores.com/soccer/match/newcastle-vs-crystal-palace/20-04-2022/319412,Newcastle,Crystal Palace,2022-04-20T19:45:00,Yellow card,away,Conor Gallagher,45,2
https://www.xscores.com/soccer/match/manchester-city-vs-brighton/20-04-2022/319411,Manchester City,Brighton,2022-04-20T20:00:00,Yellow card,away,Alexis Mac Allister,79,0
https://www.xscores.com/soccer/match/manchester-city-vs-brighton/20-04-2022/319411,Manchester City,Brighton,2022-04-20T20:00:00,Yellow card,away,Adam Webster,81,0
https://www.xscores.com/soccer/match/manchester-city-vs-brighton/20-04-2022/319411,Manchester City,Brighton,2022-04-20T20:00:00,Yellow card,away,Lewis Dunk,89,0
https://www.xscores.com/soccer/match/burnley-vs-southampton/21-04-2022/319408,Burnley,Southampton,2022-04-21T19:45:00,Yellow card,home,Jack Cork,38,0
https://www.xscores.com/soccer/match/burnley-vs-southampton/21-04-2022/319408,Burnley,Southampton,2022-04-21T19:45:00,Yellow card,home,James Tarkowski,73,0
https://www.xscores.com/soccer/match/burnley-vs-southampton/21-04-2022/319408,Burnley,Southampton,2022-04-21T19:45:00,Yellow card,away,Jan Bednarek,73,0
https://www.xscores.com/soccer/match/burnley-vs-southampton/21-04-2022/319408,Burnley,Southampton,2022-04-21T19:45:00,Yellow card,away,Romain Perraud,79,0
https://www.xscores.com/soccer/match/watford-vs-everton/11-05-2022/319415,Watford,Everton,2022-05-11T19:45:00,Yellow card,away,Mason Holgate,18,0
https://www.xscores.com/soccer/match/watford-vs-everton/11-05-2022/319415,Watford,Everton,2022-05-11T19:45:00,Yellow card,home,Samir,60,0
https://www.xscores.com/soccer/match/watford-vs-everton/11-05-2022/319415,Watford,Everton,2022-05-11T19:45:00,Yellow card,away,Seamus Coleman,65,0
https://www.xscores.com/soccer/match/liverpool-vs-watford/02-04-2022/319421,Liverpool,Watford,2022-04-02T12:30:00,Yellow card,home,Joseph Gomez,45,1
https://www.xscores.com/soccer/match/liverpool-vs-watford/02-04-2022/319421,Liverpool,Watford,2022-04-02T12:30:00,Yellow card,away,Juan Hernandez,59,0
https://www.xscores.com/soccer/match/brighton-vs-norwich/02-04-2022/319426,Brighton,Norwich,2022-04-02T15:00:00,Yellow card,home,Tariq Lamptey,68,0
https://www.xscores.com/soccer/match/brighton-vs-norwich/02-04-2022/319426,Brighton,Norwich,2022-04-02T15:00:00,Yellow card,away,Kenny McLean,82,0
https://www.xscores.com/soccer/match/burnley-vs-manchester-city/02-04-2022/319425,Burnley,Manchester City,2022-04-02T15:00:00,Yellow card,home,Wout Weghorst,13,0
https://www.xscores.com/soccer/match/leeds-vs-southampton/02-04-2022/319422,Leeds,Southampton,2022-04-02T15:00:00,Yellow card,home,Luke Ayling,58,0
https://www.xscores.com/soccer/match/leeds-vs-southampton/02-04-2022/319422,Leeds,Southampton,2022-04-02T15:00:00,Yellow card,away,Mohamed Elyounoussi,63,0
https://www.xscores.com/soccer/match/leeds-vs-southampton/02-04-2022/319422,Leeds,Southampton,2022-04-02T15:00:00,Yellow card,home,Jesse Marsch,90,3
https://www.xscores.com/soccer/match/wolverhampton-vs-aston-villa/02-04-2022/319417,Wolverhampton,Aston Villa,2022-04-02T15:00:00,Yellow card,home,Conor Coady,25,0
https://www.xscores.com/soccer/match/wolverhampton-vs-aston-villa/02-04-2022/319417,Wolverhampton,Aston Villa,2022-04-02T15:00:00,Yellow card,away,John McGinn,38,0
https://www.xscores.com/soccer/match/wolverhampton-vs-aston-villa/02-04-2022/319417,Wolverhampton,Aston Villa,2022-04-02T15:00:00,Yellow card,home,Jonny,66,0
https://www.xscores.com/soccer/match/wolverhampton-vs-aston-villa/02-04-2022/319417,Wolverhampton,Aston Villa,2022-04-02T15:00:00,Yellow card,home,Fernando Marcal,90,2
https://www.xscores.com/soccer/match/wolverhampton-vs-aston-villa/02-04-2022/319417,Wolverhampton,Aston Villa,2022-04-02T15:00:00,Yellow card,away,Ashley Young,90,3
https://www.xscores.com/soccer/match/wolverhampton-vs-aston-villa/02-04-2022/319417,Wolverhampton,Aston Villa,2022-04-02T15:00:00,Yellow card,home,Pedro Neto,90,3
https://www.xscores.com/soccer/match/wolverhampton-vs-aston-villa/02-04-2022/319417,Wolverhampton,Aston Villa,2022-04-02T15:00:00,Yellow card,away,Ezri Konsa,90,4
https://www.xscores.com/soccer/match/manchester-united-vs-leicester/02-04-2022/319420,Manchester United,Leicester,2022-04-02T17:30:00,Yellow card,home,Luke Shaw,5,0
https://www.xscores.com/soccer/match/manchester-united-vs-leicester/02-04-2022/319420,Manchester United,Leicester,2022-04-02T17:30:00,Yellow card,away,Wesley Fofana,16,0
https://www.xscores.com/soccer/match/manchester-united-vs-leicester/02-04-2022/319420,Manchester United,Leicester,2022-04-02T17:30:00,Yellow card,away,Youri Tielemans,30,0
https://www.xscores.com/soccer/match/manchester-united-vs-leicester/02-04-2022/319420,Manchester United,Leicester,2022-04-02T17:30:00,Yellow card,home,Scott McTominay,49,0
https://www.xscores.com/soccer/match/west-ham-vs-everton/03-04-2022/319418,West Ham,Everton,2022-04-03T14:00:00,Yellow card,away,Michael Keane,34,0
https://www.xscores.com/soccer/match/west-ham-vs-everton/03-04-2022/319418,West Ham,Everton,2022-04-03T14:00:00,Yellow card 2,away,Michael Keane,65,0
https://www.xscores.com/soccer/match/west-ham-vs-everton/03-04-2022/319418,West Ham,Everton,2022-04-03T14:00:00,Yellow card,away,Mason Holgate,84,0
https://www.xscores.com/soccer/match/west-ham-vs-everton/03-04-2022/319418,West Ham,Everton,2022-04-03T14:00:00,Yellow card,home,Aaron Cresswell,90,4
https://www.xscores.com/soccer/match/west-ham-vs-everton/03-04-2022/319418,West Ham,Everton,2022-04-03T14:00:00,Yellow card,away,Richarlison,90,4
https://www.xscores.com/soccer/match/tottenham-vs-newcastle/03-04-2022/319419,Tottenham,Newcastle,2022-04-03T16:30:00,Yellow card,home,Harry Kane,26,0
https://www.xscores.com/soccer/match/tottenham-vs-newcastle/03-04-2022/319419,Tottenham,Newcastle,2022-04-03T16:30:00,Yellow card,away,Allan Saint-Maximin,45,3
https://www.xscores.com/soccer/match/tottenham-vs-newcastle/03-04-2022/319419,Tottenham,Newcastle,2022-04-03T16:30:00,Yellow card,home,Rodrigo Bentancur,45,3
https://www.xscores.com/soccer/match/tottenham-vs-newcastle/03-04-2022/319419,Tottenham,Newcastle,2022-04-03T16:30:00,Yellow card,away,Joelinton,45,3
https://www.xscores.com/soccer/match/tottenham-vs-newcastle/03-04-2022/319419,Tottenham,Newcastle,2022-04-03T16:30:00,Yellow card,away,Daniel Burn,46,0
https://www.xscores.com/soccer/match/crystal-palace-vs-arsenal/04-04-2022/319423,Crystal Palace,Arsenal,2022-04-04T20:00:00,Yellow card,away,Thomas Partey,53,0
https://www.xscores.com/soccer/match/crystal-palace-vs-arsenal/04-04-2022/319423,Crystal Palace,Arsenal,2022-04-04T20:00:00,Yellow card,away,Granit Xhaka,77,0
https://www.xscores.com/soccer/match/newcastle-vs-wolverhampton/08-04-2022/319430,Newcastle,Wolverhampton,2022-04-08T20:00:00,Yellow card,home,Fabian Schaer,56,0
https://www.xscores.com/soccer/match/newcastle-vs-wolverhampton/08-04-2022/319430,Newcastle,Wolverhampton,2022-04-08T20:00:00,Yellow card,away,Joao Moutinho,87,0
https://www.xscores.com/soccer/match/everton-vs-manchester-united/09-04-2022/319433,Everton,Manchester United,2022-04-09T12:30:00,Yellow card,away,Paul Pogba,51,0
https://www.xscores.com/soccer/match/everton-vs-manchester-united/09-04-2022/319433,Everton,Manchester United,2022-04-09T12:30:00,Yellow card,home,Anthony Gordon,75,0
https://www.xscores.com/soccer/match/everton-vs-manchester-united/09-04-2022/319433,Everton,Manchester United,2022-04-09T12:30:00,Yellow card,home,Jordan Pickford,86,0
https://www.xscores.com/soccer/match/everton-vs-manchester-united/09-04-2022/319433,Everton,Manchester United,2022-04-09T12:30:00,Yellow card,away,Cristiano Ronaldo,87,0
https://www.xscores.com/soccer/match/arsenal-vs-brighton/09-04-2022/319436,Arsenal,Brighton,2022-04-09T15:00:00,Yellow card,away,Yves Bissouma,35,0
https://www.xscores.com/soccer/match/arsenal-vs-brighton/09-04-2022/319436,Arsenal,Brighton,2022-04-09T15:00:00,Yellow card,home,Martin Oedegaard,39,0
https://www.xscores.com/soccer/match/arsenal-vs-brighton/09-04-2022/319436,Arsenal,Brighton,2022-04-09T15:00:00,Yellow card,away,Pascal Gross,40,0
https://www.xscores.com/soccer/match/arsenal-vs-brighton/09-04-2022/319436,Arsenal,Brighton,2022-04-09T15:00:00,Yellow card,home,Bukayo Saka,50,0
https://www.xscores.com/soccer/match/arsenal-vs-brighton/09-04-2022/319436,Arsenal,Brighton,2022-04-09T15:00:00,Yellow card,away,Moises Caicedo,52,0
https://www.xscores.com/soccer/match/arsenal-vs-brighton/09-04-2022/319436,Arsenal,Brighton,2022-04-09T15:00:00,Yellow card,home,Albert Sambi Lokonga,82,0
https://www.xscores.com/soccer/match/arsenal-vs-brighton/09-04-2022/319436,Arsenal,Brighton,2022-04-09T15:00:00,Yellow card,away,Robert Sanchez,90,1
https://www.xscores.com/soccer/match/southampton-vs-chelsea/09-04-2022/319428,Southampton,Chelsea,2022-04-09T15:00:00,Yellow card,home,Jan Bednarek,60,0
https://www.xscores.com/soccer/match/watford-vs-leeds/09-04-2022/319427,Watford,Leeds,2022-04-09T15:00:00,Yellow card,home,Imran Louza,57,0
https://www.xscores.com/soccer/match/watford-vs-leeds/09-04-2022/319427,Watford,Leeds,2022-04-09T15:00:00,Yellow card,home,Moussa Sissoko,80,0
https://www.xscores.com/soccer/match/aston-villa-vs-tottenham/09-04-2022/319435,Aston Villa,Tottenham,2022-04-09T17:30:00,Yellow card,home,Danny Ings,21,0
https://www.xscores.com/soccer/match/aston-villa-vs-tottenham/09-04-2022/319435,Aston Villa,Tottenham,2022-04-09T17:30:00,Yellow card,away,Pierre-Emile Hoejbjerg,29,0
https://www.xscores.com/soccer/match/aston-villa-vs-tottenham/09-04-2022/319435,Aston Villa,Tottenham,2022-04-09T17:30:00,Yellow card,away,Emerson Royal,74,0
https://www.xscores.com/soccer/match/aston-villa-vs-tottenham/09-04-2022/319435,Aston Villa,Tottenham,2022-04-09T17:30:00,Yellow card,home,Ashley Young,82,0
https://www.xscores.com/soccer/match/aston-villa-vs-tottenham/09-04-2022/319435,Aston Villa,Tottenham,2022-04-09T17:30:00,Yellow card,away,Harry Kane,90,1
https://www.xscores.com/soccer/match/brentford-vs-west-ham/10-04-2022/319434,Brentford,West Ham,2022-04-10T14:00:00,Yellow card,away,Michail Antonio,66,0
https://www.xscores.com/soccer/match/leicester-vs-crystal-palace/10-04-2022/319432,Leicester,Crystal Palace,2022-04-10T14:00:00,Yellow card,away,Tyrick Mitchell,32,0
https://www.xscores.com/soccer/match/leicester-vs-crystal-palace/10-04-2022/319432,Leicester,Crystal Palace,2022-04-10T14:00:00,Yellow card,home,Luke Thomas,67,0
https://www.xscores.com/soccer/match/norwich-vs-burnley/10-04-2022/319429,Norwich,Burnley,2022-04-10T14:00:00,Yellow card,home,Pierre Lees-Melou,26,0
https://www.xscores.com/soccer/match/norwich-vs-burnley/10-04-2022/319429,Norwich,Burnley,2022-04-10T14:00:00,Yellow card,away,Charlie Taylor,78,0
https://www.xscores.com/soccer/match/manchester-city-vs-liverpool/10-04-2022/319431,Manchester City,Liverpool,2022-04-10T16:30:00,Yellow card,away,Andrew Robertson,28,0
https://www.xscores.com/soccer/match/manchester-city-vs-liverpool/10-04-2022/319431,Manchester City,Liverpool,2022-04-10T16:30:00,Yellow card,home,Bernardo Silva,40,0
https://www.xscores.com/soccer/match/manchester-city-vs-liverpool/10-04-2022/319431,Manchester City,Liverpool,2022-04-10T16:30:00,Yellow card,away,Thiago Alcantara,61,0
https://www.xscores.com/soccer/match/manchester-city-vs-liverpool/10-04-2022/319431,Manchester City,Liverpool,2022-04-10T16:30:00,Yellow card,away,Fabinho,83,0
https://www.xscores.com/soccer/match/manchester-city-vs-liverpool/10-04-2022/319431,Manchester City,Liverpool,2022-04-10T16:30:00,Yellow card,away,Virgil van Dijk,89,0
https://www.xscores.com/soccer/match/tottenham-vs-brighton/16-04-2022/319440,Tottenham,Brighton,2022-04-16T12:30:00,Yellow card,away,Enock Mwepu,26,0
https://www.xscores.com/soccer/match/tottenham-vs-brighton/16-04-2022/319440,Tottenham,Brighton,2022-04-16T12:30:00,Yellow card,home,Dejan Kulusevski,27,0
https://www.xscores.com/soccer/match/tottenham-vs-brighton/16-04-2022/319440,Tottenham,Brighton,2022-04-16T12:30:00,Yellow card,home,Rodrigo Bentancur,34,0
https://www.xscores.com/soccer/match/tottenham-vs-brighton/16-04-2022/319440,Tottenham,Brighton,2022-04-16T12:30:00,Yellow card,away,Yves Bissouma,58,0
https://www.xscores.com/soccer/match/tottenham-vs-brighton/16-04-2022/319440,Tottenham,Brighton,2022-04-16T12:30:00,Yellow card,home,Emerson Royal,90,4
https://www.xscores.com/soccer/match/tottenham-vs-brighton/16-04-2022/319440,Tottenham,Brighton,2022-04-16T12:30:00,Yellow card,away,Robert Sanchez,90,5
https://www.xscores.com/soccer/match/southampton-vs-arsenal/16-04-2022/319441,Southampton,Arsenal,2022-04-16T15:00:00,Yellow card,home,Armando Broja,56,0
https://www.xscores.com/soccer/match/southampton-vs-arsenal/16-04-2022/319441,Southampton,Arsenal,2022-04-16T15:00:00,Yellow card,away,Ben White,90,1
https://www.xscores.com/soccer/match/southampton-vs-arsenal/16-04-2022/319441,Southampton,Arsenal,2022-04-16T15:00:00,Yellow card,home,Shane Long,90,5
https://www.xscores.com/soccer/match/watford-vs-brentford/16-04-2022/319439,Watford,Brentford,2022-04-16T15:00:00,Yellow card,home,Hassane Kamara,53,0
https://www.xscores.com/soccer/match/watford-vs-brentford/16-04-2022/319439,Watford,Brentford,2022-04-16T15:00:00,Yellow card,away,Ivan Toney,62,0
https://www.xscores.com/soccer/match/watford-vs-brentford/16-04-2022/319439,Watford,Brentford,2022-04-16T15:00:00,Yellow card,home,Imran Louza,87,0
https://www.xscores.com/soccer/match/newcastle-vs-leicester/17-04-2022/319442,Newcastle,Leicester,2022-04-17T14:15:00,Yellow card,away,Daniel Amartey,1,0
https://www.xscores.com/soccer/match/newcastle-vs-leicester/17-04-2022/319442,Newcastle,Leicester,2022-04-17T14:15:00,Yellow card,home,Emil Krafth,84,0
https://www.xscores.com/soccer/match/newcastle-vs-leicester/17-04-2022/319442,Newcastle,Leicester,2022-04-17T14:15:00,Yellow card,home,Bruno Guimaraes,90,6
https://www.xscores.com/soccer/match/newcastle-vs-leicester/17-04-2022/319442,Newcastle,Leicester,2022-04-17T14:15:00,Yellow card,away,Nampalys Mendy,90,6
https://www.xscores.com/soccer/match/west-ham-vs-burnley/17-04-2022/319438,West Ham,Burnley,2022-04-17T14:15:00,Yellow card,away,Jack Cork,11,0
https://www.xscores.com/soccer/match/west-ham-vs-burnley/17-04-2022/319438,West Ham,Burnley,2022-04-17T14:15:00,Yellow card,home,Lukasz Fabianski,45,0
https://www.xscores.com/soccer/match/west-ham-vs-burnley/17-04-2022/319438,West Ham,Burnley,2022-04-17T14:15:00,Yellow card,away,Wout Weghorst,67,0
https://www.xscores.com/soccer/match/west-ham-vs-burnley/17-04-2022/319438,West Ham,Burnley,2022-04-17T14:15:00,Yellow card,home,Declan Rice,67,0
https://www.xscores.com/soccer/match/leeds-vs-chelsea/11-05-2022/319444,Leeds,Chelsea,2022-05-11T19:30:00,Red card,home,Daniel James,24,0
https://www.xscores.com/soccer/match/leeds-vs-chelsea/11-05-2022/319444,Leeds,Chelsea,2022-05-11T19:30:00,Yellow card,home,Kalvin Phillips,43,0
https://www.xscores.com/soccer/match/wolverhampton-vs-manchester-city/11-05-2022/319437,Wolverhampton,Manchester City,2022-05-11T20:15:00,Yellow card,away,Kevin De Bruyne,78,0
https://www.xscores.com/soccer/match/everton-vs-crystal-palace/19-05-2022/319445,Everton,Crystal Palace,2022-05-19T19:45:00,Yellow card,away,Will Hughes,32,0
https://www.xscores.com/soccer/match/everton-vs-crystal-palace/19-05-2022/319445,Everton,Crystal Palace,2022-05-19T19:45:00,Yellow card,away,Jordan Ayew,34,0
https://www.xscores.com/soccer/match/everton-vs-crystal-palace/19-05-2022/319445,Everton,Crystal Palace,2022-05-19T19:45:00,Yellow card,home,Michael Keane,67,0
https://www.xscores.com/soccer/match/everton-vs-crystal-palace/19-05-2022/319445,Everton,Crystal Palace,2022-05-19T19:45:00,Yellow card,away,Wilfried Zaha,69,0
https://www.xscores.com/soccer/match/everton-vs-crystal-palace/19-05-2022/319445,Everton,Crystal Palace,2022-05-19T19:45:00,Yellow card,home,Abdoulaye Doucoure,82,0
https://www.xscores.com/soccer/match/arsenal-vs-manchester-united/23-04-2022/319456,Arsenal,Manchester United,2022-04-23T12:30:00,Yellow card,away,Alex Telles,31,0
https://www.xscores.com/soccer/match/arsenal-vs-manchester-united/23-04-2022/319456,Arsenal,Manchester United,2022-04-23T12:30:00,Yellow card,home,Granit Xhaka,67,0
https://www.xscores.com/soccer/match/arsenal-vs-manchester-united/23-04-2022/319456,Arsenal,Manchester United,2022-04-23T12:30:00,Yellow card,home,Nuno Tavares,68,0
https://www.xscores.com/soccer/match/arsenal-vs-manchester-united/23-04-2022/319456,Arsenal,Manchester United,2022-04-23T12:30:00,Yellow card,away,Bruno Fernandes,76,0
https://www.xscores.com/soccer/match/arsenal-vs-manchester-united/23-04-2022/319456,Arsenal,Manchester United,2022-04-23T12:30:00,Yellow card,home,Mohamed Elneny,80,0
https://www.xscores.com/soccer/match/arsenal-vs-manchester-united/23-04-2022/319456,Arsenal,Manchester United,2022-04-23T12:30:00,Yellow card,away,Victor Lindelof,82,0
https://www.xscores.com/soccer/match/arsenal-vs-manchester-united/23-04-2022/319456,Arsenal,Manchester United,2022-04-23T12:30:00,Yellow card,away,Cristiano Ronaldo,90,2
https://www.xscores.com/soccer/match/leicester-vs-aston-villa/23-04-2022/319450,Leicester,Aston Villa,2022-04-23T15:00:00,Yellow card,home,Nampalys Mendy,63,0
https://www.xscores.com/soccer/match/leicester-vs-aston-villa/23-04-2022/319450,Leicester,Aston Villa,2022-04-23T15:00:00,Yellow card,home,Kiernan Dewsbury-Hall,65,0
https://www.xscores.com/soccer/match/leicester-vs-aston-villa/23-04-2022/319450,Leicester,Aston Villa,2022-04-23T15:00:00,Yellow card,away,Douglas Luiz,72,0
https://www.xscores.com/soccer/match/leicester-vs-aston-villa/23-04-2022/319450,Leicester,Aston Villa,2022-04-23T15:00:00,Yellow card,home,James Maddison,75,0
https://www.xscores.com/soccer/match/leicester-vs-aston-villa/23-04-2022/319450,Leicester,Aston Villa,2022-04-23T15:00:00,Yellow card,away,Leon Bailey,90,5
https://www.xscores.com/soccer/match/manchester-city-vs-watford/23-04-2022/319448,Manchester City,Watford,2022-04-23T15:00:00,Yellow card,home,Joao Cancelo,43,0
https://www.xscores.com/soccer/match/norwich-vs-newcastle/23-04-2022/319447,Norwich,Newcastle,2022-04-23T15:00:00,Yellow card,away,Allan Saint-Maximin,39,0
https://www.xscores.com/soccer/match/norwich-vs-newcastle/23-04-2022/319447,Norwich,Newcastle,2022-04-23T15:00:00,Yellow card,away,Bruno Guimaraes,52,0
https://www.xscores.com/soccer/match/brentford-vs-tottenham/23-04-2022/319455,Brentford,Tottenham,2022-04-23T17:30:00,Yellow card,home,Pontus Jansson,66,0
https://www.xscores.com/soccer/match/brentford-vs-tottenham/23-04-2022/319455,Brentford,Tottenham,2022-04-23T17:30:00,Yellow card,home,Mads Bech,89,0
https://www.xscores.com/soccer/match/brentford-vs-tottenham/23-04-2022/319455,Brentford,Tottenham,2022-04-23T17:30:00,Yellow card,away,Rodrigo Bentancur,90,0
https://www.xscores.com/soccer/match/brighton-vs-southampton/24-04-2022/319454,Brighton,Southampton,2022-04-24T14:00:00,Yellow card,home,Marc Cucurella,45,3
https://www.xscores.com/soccer/match/burnley-vs-wolverhampton/24-04-2022/319453,Burnley,Wolverhampton,2022-04-24T14:00:00,Yellow card,home,Matej Vydra,33,0
https://www.xscores.com/soccer/match/burnley-vs-wolverhampton/24-04-2022/319453,Burnley,Wolverhampton,2022-04-24T14:00:00,Yellow card,home,Charlie Taylor,77,0
https://www.xscores.com/soccer/match/burnley-vs-wolverhampton/24-04-2022/319453,Burnley,Wolverhampton,2022-04-24T14:00:00,Yellow card,away,Pedro Neto,90,4
https://www.xscores.com/soccer/match/burnley-vs-wolverhampton/24-04-2022/319453,Burnley,Wolverhampton,2022-04-24T14:00:00,Yellow card,home,Ashley Barnes,90,4
https://www.xscores.com/soccer/match/chelsea-vs-west-ham/24-04-2022/319452,Chelsea,West Ham,2022-04-24T14:00:00,Yellow card,home,Marcos Alonso,82,0
https://www.xscores.com/soccer/match/chelsea-vs-west-ham/24-04-2022/319452,Chelsea,West Ham,2022-04-24T14:00:00,Red card,away,Craig Dawson,86,0
https://www.xscores.com/soccer/match/liverpool-vs-everton/24-04-2022/319449,Liverpool,Everton,2022-04-24T16:30:00,Yellow card,away,Anthony Gordon,25,0
https://www.xscores.com/soccer/match/liverpool-vs-everton/24-04-2022/319449,Liverpool,Everton,2022-04-24T16:30:00,Yellow card,away,Abdoulaye Doucoure,45,1
https://www.xscores.com/soccer/match/liverpool-vs-everton/24-04-2022/319449,Liverpool,Everton,2022-04-24T16:30:00,Yellow card,home,Sadio Mane,45,2
https://www.xscores.com/soccer/match/liverpool-vs-everton/24-04-2022/319449,Liverpool,Everton,2022-04-24T16:30:00,Yellow card,home,Trent Alexander-Arnold,58,0
https://www.xscores.com/soccer/match/liverpool-vs-everton/24-04-2022/319449,Liverpool,Everton,2022-04-24T16:30:00,Yellow card,away,Allan,66,0
https://www.xscores.com/soccer/match/liverpool-vs-everton/24-04-2022/319449,Liverpool,Everton,2022-04-24T16:30:00,Yellow card,away,Dele Alli,89,0
https://www.xscores.com/soccer/match/liverpool-vs-everton/24-04-2022/319449,Liverpool,Everton,2022-04-24T16:30:00,Yellow card,away,Richarlison,90,1
https://www.xscores.com/soccer/match/crystal-palace-vs-leeds/25-04-2022/319451,Crystal Palace,Leeds,2022-04-25T20:00:00,Yellow card,home,Joachim Andersen,45,0
https://www.xscores.com/soccer/match/crystal-palace-vs-leeds/25-04-2022/319451,Crystal Palace,Leeds,2022-04-25T20:00:00,Yellow card,away,Daniel James,50,0
https://www.xscores.com/soccer/match/crystal-palace-vs-leeds/25-04-2022/319451,Crystal Palace,Leeds,2022-04-25T20:00:00,Yellow card,home,Joel Ward,51,0
https://www.xscores.com/soccer/match/crystal-palace-vs-leeds/25-04-2022/319451,Crystal Palace,Leeds,2022-04-25T20:00:00,Yellow card,away,Diego Llorente,77,0
https://www.xscores.com/soccer/match/newcastle-vs-liverpool/30-04-2022/319462,Newcastle,Liverpool,2022-04-30T12:30:00,Yellow card,away,Diogo Jota,43,0
https://www.xscores.com/soccer/match/newcastle-vs-liverpool/30-04-2022/319462,Newcastle,Liverpool,2022-04-30T12:30:00,Yellow card,home,Joelinton,43,0
https://www.xscores.com/soccer/match/newcastle-vs-liverpool/30-04-2022/319462,Newcastle,Liverpool,2022-04-30T12:30:00,Yellow card,away,Joseph Gomez,51,0
https://www.xscores.com/soccer/match/newcastle-vs-liverpool/30-04-2022/319462,Newcastle,Liverpool,2022-04-30T12:30:00,Yellow card,away,Sadio Mane,68,0
https://www.xscores.com/soccer/match/aston-villa-vs-norwich/30-04-2022/319466,Aston Villa,Norwich,2022-04-30T15:00:00,Yellow card,away,Max Aarons,23,0
https://www.xscores.com/soccer/match/aston-villa-vs-norwich/30-04-2022/319466,Aston Villa,Norwich,2022-04-30T15:00:00,Yellow card,home,Calum Chambers,44,0
https://www.xscores.com/soccer/match/aston-villa-vs-norwich/30-04-2022/319466,Aston Villa,Norwich,2022-04-30T15:00:00,Yellow card,home,Tim Iroegbunam,61,0
https://www.xscores.com/soccer/match/aston-villa-vs-norwich/30-04-2022/319466,Aston Villa,Norwich,2022-04-30T15:00:00,Yellow card,home,Danny Ings,65,0
https://www.xscores.com/soccer/match/aston-villa-vs-norwich/30-04-2022/319466,Aston Villa,Norwich,2022-04-30T15:00:00,Yellow card,home,Jacob Ramsey,67,0
https://www.xscores.com/soccer/match/southampton-vs-crystal-palace/30-04-2022/319461,Southampton,Crystal Palace,2022-04-30T15:00:00,Yellow card,away,Jean-Philippe Mateta,16,0
https://www.xscores.com/soccer/match/southampton-vs-crystal-palace/30-04-2022/319461,Southampton,Crystal Palace,2022-04-30T15:00:00,Yellow card,home,Jan Bednarek,16,0
https://www.xscores.com/soccer/match/southampton-vs-crystal-palace/30-04-2022/319461,Southampton,Crystal Palace,2022-04-30T15:00:00,Yellow card,away,James McArthur,38,0
https://www.xscores.com/soccer/match/southampton-vs-crystal-palace/30-04-2022/319461,Southampton,Crystal Palace,2022-04-30T15:00:00,Yellow card,away,Joel Ward,45,2
https://www.xscores.com/soccer/match/watford-vs-burnley/30-04-2022/319459,Watford,Burnley,2022-04-30T15:00:00,Yellow card,away,James Tarkowski,48,0
https://www.xscores.com/soccer/match/watford-vs-burnley/30-04-2022/319459,Watford,Burnley,2022-04-30T15:00:00,Yellow card,home,Juraj Kucka,87,0
https://www.xscores.com/soccer/match/watford-vs-burnley/30-04-2022/319459,Watford,Burnley,2022-04-30T15:00:00,Yellow card,away,Nathan Collins,90,1
https://www.xscores.com/soccer/match/wolverhampton-vs-brighton/30-04-2022/319457,Wolverhampton,Brighton,2022-04-30T15:00:00,Yellow card,home,Conor Coady,21,0
https://www.xscores.com/soccer/match/wolverhampton-vs-brighton/30-04-2022/319457,Wolverhampton,Brighton,2022-04-30T15:00:00,Yellow card,away,Marc Cucurella,60,0
https://www.xscores.com/soccer/match/wolverhampton-vs-brighton/30-04-2022/319457,Wolverhampton,Brighton,2022-04-30T15:00:00,Yellow card,home,Hee-Chan Hwang,72,0
https://www.xscores.com/soccer/match/leeds-vs-manchester-city/30-04-2022/319464,Leeds,Manchester City,2022-04-30T17:30:00,Yellow card,home,Junior Firpo,6,0
https://www.xscores.com/soccer/match/leeds-vs-manchester-city/30-04-2022/319464,Leeds,Manchester City,2022-04-30T17:30:00,Yellow card,away,Jack Grealish,14,0
https://www.xscores.com/soccer/match/leeds-vs-manchester-city/30-04-2022/319464,Leeds,Manchester City,2022-04-30T17:30:00,Yellow card,home,Jesse Marsch,67,0
https://www.xscores.com/soccer/match/leeds-vs-manchester-city/30-04-2022/319464,Leeds,Manchester City,2022-04-30T17:30:00,Yellow card,away,Joao Cancelo,68,0
https://www.xscores.com/soccer/match/everton-vs-chelsea/01-05-2022/319465,Everton,Chelsea,2022-05-01T14:00:00,Yellow card,away,Antonio Ruediger,17,0
https://www.xscores.com/soccer/match/everton-vs-chelsea/01-05-2022/319465,Everton,Chelsea,2022-05-01T14:00:00,Yellow card,away,Mason Mount,36,0
https://www.xscores.com/soccer/match/everton-vs-chelsea/01-05-2022/319465,Everton,Chelsea,2022-05-01T14:00:00,Yellow card,away,Cesar Azpilicueta,38,0
https://www.xscores.com/soccer/match/everton-vs-chelsea/01-05-2022/319465,Everton,Chelsea,2022-05-01T14:00:00,Yellow card,home,Seamus Coleman,38,0
https://www.xscores.com/soccer/match/everton-vs-chelsea/01-05-2022/319465,Everton,Chelsea,2022-05-01T14:00:00,Yellow card,home,Fabian Delph,45,2
https://www.xscores.com/soccer/match/everton-vs-chelsea/01-05-2022/319465,Everton,Chelsea,2022-05-01T14:00:00,Yellow card,away,Marcos Alonso,76,0
https://www.xscores.com/soccer/match/everton-vs-chelsea/01-05-2022/319465,Everton,Chelsea,2022-05-01T14:00:00,Yellow card,away,Kai Havertz,83,0
https://www.xscores.com/soccer/match/everton-vs-chelsea/01-05-2022/319465,Everton,Chelsea,2022-05-01T14:00:00,Yellow card,home,Mason Holgate,90,7
https://www.xscores.com/soccer/match/tottenham-vs-leicester/01-05-2022/319460,Tottenham,Leicester,2022-05-01T14:00:00,Yellow card,home,Ben Davies,26,0
https://www.xscores.com/soccer/match/tottenham-vs-leicester/01-05-2022/319460,Tottenham,Leicester,2022-05-01T14:00:00,Yellow card,away,Marc Albrighton,48,0
https://www.xscores.com/soccer/match/tottenham-vs-leicester/01-05-2022/319460,Tottenham,Leicester,2022-05-01T14:00:00,Yellow card,home,Rodrigo Bentancur,58,0
https://www.xscores.com/soccer/match/tottenham-vs-leicester/01-05-2022/319460,Tottenham,Leicester,2022-05-01T14:00:00,Yellow card,away,Daniel Amartey,63,0
https://www.xscores.com/soccer/match/tottenham-vs-leicester/01-05-2022/319460,Tottenham,Leicester,2022-05-01T14:00:00,Yellow card,away,Luke Thomas,66,0
https://www.xscores.com/soccer/match/west-ham-vs-arsenal/01-05-2022/319458,West Ham,Arsenal,2022-05-01T16:30:00,Yellow card,away,Bukayo Saka,48,0
https://www.xscores.com/soccer/match/west-ham-vs-arsenal/01-05-2022/319458,West Ham,Arsenal,2022-05-01T16:30:00,Yellow card,home,Jarrod Bowen,52,0
https://www.xscores.com/soccer/match/west-ham-vs-arsenal/01-05-2022/319458,West Ham,Arsenal,2022-05-01T16:30:00,Yellow card,away,Edward Nketiah,90,0
https://www.xscores.com/soccer/match/west-ham-vs-arsenal/01-05-2022/319458,West Ham,Arsenal,2022-05-01T16:30:00,Yellow card,home,Aaron Cresswell,90,2
https://www.xscores.com/soccer/match/manchester-united-vs-brentford/02-05-2022/319463,Manchester United,Brentford,2022-05-02T20:00:00,Yellow card,home,Nemanja Matic,54,0
https://www.xscores.com/soccer/match/brentford-vs-southampton/07-05-2022/319475,Brentford,Southampton,2022-05-07T15:00:00,Yellow card,away,Ibrahima Diallo,17,0
https://www.xscores.com/soccer/match/burnley-vs-aston-villa/07-05-2022/319473,Burnley,Aston Villa,2022-05-07T15:00:00,Yellow card,away,Lucas Digne,21,0
https://www.xscores.com/soccer/match/burnley-vs-aston-villa/07-05-2022/319473,Burnley,Aston Villa,2022-05-07T15:00:00,Yellow card,away,Ollie Watkins,45,1
https://www.xscores.com/soccer/match/burnley-vs-aston-villa/07-05-2022/319473,Burnley,Aston Villa,2022-05-07T15:00:00,Yellow card,home,Josh Brownhill,69,0
https://www.xscores.com/soccer/match/chelsea-vs-wolverhampton/07-05-2022/319472,Chelsea,Wolverhampton,2022-05-07T15:00:00,Yellow card,home,Cesar Azpilicueta,27,0
https://www.xscores.com/soccer/match/chelsea-vs-wolverhampton/07-05-2022/319472,Chelsea,Wolverhampton,2022-05-07T15:00:00,Yellow card,away,Romain Saiss,36,0
https://www.xscores.com/soccer/match/chelsea-vs-wolverhampton/07-05-2022/319472,Chelsea,Wolverhampton,2022-05-07T15:00:00,Yellow card,away,Pedro Neto,45,2
https://www.xscores.com/soccer/match/chelsea-vs-wolverhampton/07-05-2022/319472,Chelsea,Wolverhampton,2022-05-07T15:00:00,Yellow card,away,Joao Moutinho,51,0
https://www.xscores.com/soccer/match/crystal-palace-vs-watford/07-05-2022/319471,Crystal Palace,Watford,2022-05-07T15:00:00,Yellow card,away,Hassane Kamara,16,0
https://www.xscores.com/soccer/match/crystal-palace-vs-watford/07-05-2022/319471,Crystal Palace,Watford,2022-05-07T15:00:00,Yellow card,home,Will Hughes,64,0
https://www.xscores.com/soccer/match/crystal-palace-vs-watford/07-05-2022/319471,Crystal Palace,Watford,2022-05-07T15:00:00,Yellow card 2,away,Hassane Kamara,69,0
https://www.xscores.com/soccer/match/crystal-palace-vs-watford/07-05-2022/319471,Crystal Palace,Watford,2022-05-07T15:00:00,Yellow card,away,Joshua King,84,0
https://www.xscores.com/soccer/match/crystal-palace-vs-watford/07-05-2022/319471,Crystal Palace,Watford,2022-05-07T15:00:00,Yellow card,home,Michael Olise,90,4
https://www.xscores.com/soccer/match/brighton-vs-manchester-united/07-05-2022/319474,Brighton,Manchester United,2022-05-07T17:30:00,Yellow card,away,Cristiano Ronaldo,45,0
https://www.xscores.com/soccer/match/brighton-vs-manchester-united/07-05-2022/319474,Brighton,Manchester United,2022-05-07T17:30:00,Yellow card,away,Diogo Dalot,47,0
https://www.xscores.com/soccer/match/liverpool-vs-tottenham/07-05-2022/319469,Liverpool,Tottenham,2022-05-07T19:45:00,Yellow card,away,Ben Davies,53,0
https://www.xscores.com/soccer/match/liverpool-vs-tottenham/07-05-2022/319469,Liverpool,Tottenham,2022-05-07T19:45:00,Yellow card,home,Konstantinos Tsimikas,69,0
https://www.xscores.com/soccer/match/liverpool-vs-tottenham/07-05-2022/319469,Liverpool,Tottenham,2022-05-07T19:45:00,Yellow card,away,Ryan Sessegnon,70,0
https://www.xscores.com/soccer/match/liverpool-vs-tottenham/07-05-2022/319469,Liverpool,Tottenham,2022-05-07T19:45:00,Yellow card,home,Fabinho,80,0
https://www.xscores.com/soccer/match/liverpool-vs-tottenham/07-05-2022/319469,Liverpool,Tottenham,2022-05-07T19:45:00,Yellow card,home,Naby Keita,90,3
https://www.xscores.com/soccer/match/arsenal-vs-leeds/08-05-2022/319476,Arsenal,Leeds,2022-05-08T14:00:00,Yellow card,home,Gabriel,16,0
https://www.xscores.com/soccer/match/arsenal-vs-leeds/08-05-2022/319476,Arsenal,Leeds,2022-05-08T14:00:00,Red card,away,Luke Ayling,27,0
https://www.xscores.com/soccer/match/arsenal-vs-leeds/08-05-2022/319476,Arsenal,Leeds,2022-05-08T14:00:00,Yellow card,away,Raphinha,27,0
https://www.xscores.com/soccer/match/arsenal-vs-leeds/08-05-2022/319476,Arsenal,Leeds,2022-05-08T14:00:00,Yellow card,away,Mateusz Klich,34,0
https://www.xscores.com/soccer/match/arsenal-vs-leeds/08-05-2022/319476,Arsenal,Leeds,2022-05-08T14:00:00,Yellow card,home,Takehiro Tomiyasu,64,0
https://www.xscores.com/soccer/match/leicester-vs-everton/08-05-2022/319470,Leicester,Everton,2022-05-08T14:00:00,Yellow card,home,Nampalys Mendy,46,0
https://www.xscores.com/soccer/match/leicester-vs-everton/08-05-2022/319470,Leicester,Everton,2022-05-08T14:00:00,Yellow card,home,Daniel Amartey,88,0
https://www.xscores.com/soccer/match/leicester-vs-everton/08-05-2022/319470,Leicester,Everton,2022-05-08T14:00:00,Yellow card,home,Wesley Fofana,90,3
https://www.xscores.com/soccer/match/norwich-vs-west-ham/08-05-2022/319467,Norwich,West Ham,2022-05-08T14:00:00,Yellow card,away,Jarrod Bowen,25,0
https://www.xscores.com/soccer/match/norwich-vs-west-ham/08-05-2022/319467,Norwich,West Ham,2022-05-08T14:00:00,Yellow card,home,Brandon Williams,61,0
https://www.xscores.com/soccer/match/manchester-city-vs-newcastle/08-05-2022/319468,Manchester City,Newcastle,2022-05-08T16:30:00,Yellow card,away,Bruno Guimaraes,31,0
https://www.xscores.com/soccer/match/manchester-city-vs-newcastle/08-05-2022/319468,Manchester City,Newcastle,2022-05-08T16:30:00,Yellow card,away,Daniel Burn,70,0
https://www.xscores.com/soccer/match/manchester-city-vs-newcastle/08-05-2022/319468,Manchester City,Newcastle,2022-05-08T16:30:00,Yellow card,home,Kevin De Bruyne,75,0
https://www.xscores.com/soccer/match/manchester-city-vs-newcastle/08-05-2022/319468,Manchester City,Newcastle,2022-05-08T16:30:00,Yellow card,away,Matt Targett,89,0
https://www.xscores.com/soccer/match/manchester-united-vs-chelsea/28-04-2022/319483,Manchester United,Chelsea,2022-04-28T19:45:00,Yellow card,away,Antonio Ruediger,87,0
https://www.xscores.com/soccer/match/tottenham-vs-burnley/15-05-2022/319480,Tottenham,Burnley,2022-05-15T12:00:00,Yellow card,away,Connor Roberts,27,0
https://www.xscores.com/soccer/match/tottenham-vs-burnley/15-05-2022/319480,Tottenham,Burnley,2022-05-15T12:00:00,Yellow card,away,Nick Pope,45,8
https://www.xscores.com/soccer/match/tottenham-vs-burnley/15-05-2022/319480,Tottenham,Burnley,2022-05-15T12:00:00,Yellow card,home,Lucas Moura,49,0
https://www.xscores.com/soccer/match/tottenham-vs-burnley/15-05-2022/319480,Tottenham,Burnley,2022-05-15T12:00:00,Yellow card,home,Hugo Lloris,86,0
https://www.xscores.com/soccer/match/tottenham-vs-burnley/15-05-2022/319480,Tottenham,Burnley,2022-05-15T12:00:00,Yellow card,home,Dejan Kulusevski,90,4
https://www.xscores.com/soccer/match/aston-villa-vs-crystal-palace/15-05-2022/319486,Aston Villa,Crystal Palace,2022-05-15T14:00:00,Yellow card,home,Tyrone Mings,9,0
https://www.xscores.com/soccer/match/aston-villa-vs-crystal-palace/15-05-2022/319486,Aston Villa,Crystal Palace,2022-05-15T14:00:00,Yellow card,away,Conor Gallagher,14,0
https://www.xscores.com/soccer/match/aston-villa-vs-crystal-palace/15-05-2022/319486,Aston Villa,Crystal Palace,2022-05-15T14:00:00,Yellow card,away,Odsonne Edouard,76,0
https://www.xscores.com/soccer/match/aston-villa-vs-crystal-palace/15-05-2022/319486,Aston Villa,Crystal Palace,2022-05-15T14:00:00,Yellow card,away,Cheikhou Kouyate,89,0
https://www.xscores.com/soccer/match/leeds-vs-brighton/15-05-2022/319484,Leeds,Brighton,2022-05-15T14:00:00,Yellow card,away,Moises Caicedo,65,0
https://www.xscores.com/soccer/match/leeds-vs-brighton/15-05-2022/319484,Leeds,Brighton,2022-05-15T14:00:00,Yellow card,home,Junior Firpo,71,0
https://www.xscores.com/soccer/match/leeds-vs-brighton/15-05-2022/319484,Leeds,Brighton,2022-05-15T14:00:00,Yellow card,home,Rodrigo,81,0
https://www.xscores.com/soccer/match/leeds-vs-brighton/15-05-2022/319484,Leeds,Brighton,2022-05-15T14:00:00,Yellow card,home,Liam Cooper,84,0
https://www.xscores.com/soccer/match/leeds-vs-brighton/15-05-2022/319484,Leeds,Brighton,2022-05-15T14:00:00,Yellow card,away,Tariq Lamptey,90,2
https://www.xscores.com/soccer/match/watford-vs-leicester/15-05-2022/319479,Watford,Leicester,2022-05-15T14:00:00,Yellow card,away,Youri Tielemans,55,0
https://www.xscores.com/soccer/match/west-ham-vs-manchester-city/15-05-2022/319478,West Ham,Manchester City,2022-05-15T14:00:00,Yellow card,home,Jarrod Bowen,32,0
https://www.xscores.com/soccer/match/west-ham-vs-manchester-city/15-05-2022/319478,West Ham,Manchester City,2022-05-15T14:00:00,Yellow card,home,Vladimir Coufal,58,0
https://www.xscores.com/soccer/match/west-ham-vs-manchester-city/15-05-2022/319478,West Ham,Manchester City,2022-05-15T14:00:00,Yellow card,home,Lukasz Fabianski,60,0
https://www.xscores.com/soccer/match/west-ham-vs-manchester-city/15-05-2022/319478,West Ham,Manchester City,2022-05-15T14:00:00,Yellow card,away,Gabriel Jesus,90,4
https://www.xscores.com/soccer/match/wolverhampton-vs-norwich/15-05-2022/319477,Wolverhampton,Norwich,2022-05-15T14:00:00,Yellow card,away,Mathias Normann,19,0
https://www.xscores.com/soccer/match/wolverhampton-vs-norwich/15-05-2022/319477,Wolverhampton,Norwich,2022-05-15T14:00:00,Yellow card,away,Dimitrios Giannoulis,47,0
https://www.xscores.com/soccer/match/wolverhampton-vs-norwich/15-05-2022/319477,Wolverhampton,Norwich,2022-05-15T14:00:00,Yellow card,away,Max Aarons,79,0
https://www.xscores.com/soccer/match/everton-vs-brentford/15-05-2022/319485,Everton,Brentford,2022-05-15T16:30:00,Yellow card,away,Mads Bech,10,0
https://www.xscores.com/soccer/match/everton-vs-brentford/15-05-2022/319485,Everton,Brentford,2022-05-15T16:30:00,Red card,home,Jarrad Branthwaite,18,0
https://www.xscores.com/soccer/match/everton-vs-brentford/15-05-2022/319485,Everton,Brentford,2022-05-15T16:30:00,Yellow card,away,Christian Noergaard,27,0
https://www.xscores.com/soccer/match/everton-vs-brentford/15-05-2022/319485,Everton,Brentford,2022-05-15T16:30:00,Yellow card,away,Kristoffer Vassbakk Ajer,40,0
https://www.xscores.com/soccer/match/everton-vs-brentford/15-05-2022/319485,Everton,Brentford,2022-05-15T16:30:00,Red card,home,Jose Salomon Rondon,88,0
https://www.xscores.com/soccer/match/newcastle-vs-arsenal/16-05-2022/319482,Newcastle,Arsenal,2022-05-16T20:00:00,Yellow card,away,Ben White,8,0
https://www.xscores.com/soccer/match/newcastle-vs-arsenal/16-05-2022/319482,Newcastle,Arsenal,2022-05-16T20:00:00,Yellow card,away,Edward Nketiah,46,0
https://www.xscores.com/soccer/match/newcastle-vs-arsenal/16-05-2022/319482,Newcastle,Arsenal,2022-05-16T20:00:00,Yellow card,away,Granit Xhaka,90,5
https://www.xscores.com/soccer/match/southampton-vs-liverpool/17-05-2022/319481,Southampton,Liverpool,2022-05-17T19:45:00,Yellow card,home,Nathan Tella,69,0
https://www.xscores.com/soccer/match/southampton-vs-liverpool/17-05-2022/319481,Southampton,Liverpool,2022-05-17T19:45:00,Yellow card,home,Jack Stephens,74,0
https://www.xscores.com/soccer/match/arsenal-vs-everton/22-05-2022/319487,Arsenal,Everton,2022-05-22T16:00:00,Yellow card,away,Tom Davies,69,0
https://www.xscores.com/soccer/match/brentford-vs-leeds/22-05-2022/319488,Brentford,Leeds,2022-05-22T16:00:00,Yellow card,home,David Raya,55,0
https://www.xscores.com/soccer/match/brentford-vs-leeds/22-05-2022/319488,Brentford,Leeds,2022-05-22T16:00:00,Yellow card,home,Sergi Canos,78,0
https://www.xscores.com/soccer/match/brentford-vs-leeds/22-05-2022/319488,Brentford,Leeds,2022-05-22T16:00:00,Yellow card,home,Ivan Toney,79,0
https://www.xscores.com/soccer/match/brentford-vs-leeds/22-05-2022/319488,Brentford,Leeds,2022-05-22T16:00:00,Yellow card 2,home,Sergi Canos,80,0
https://www.xscores.com/soccer/match/brentford-vs-leeds/22-05-2022/319488,Brentford,Leeds,2022-05-22T16:00:00,Yellow card,away,Kalvin Phillips,82,0
https://www.xscores.com/soccer/match/brighton-vs-west-ham/22-05-2022/319489,Brighton,West Ham,2022-05-22T16:00:00,Yellow card,away,Tomas Soucek,42,0
https://www.xscores.com/soccer/match/brighton-vs-west-ham/22-05-2022/319489,Brighton,West Ham,2022-05-22T16:00:00,Yellow card,home,Neal Maupay,83,0
https://www.xscores.com/soccer/match/burnley-vs-newcastle/22-05-2022/319490,Burnley,Newcastle,2022-05-22T16:00:00,Yellow card,home,James Tarkowski,65,0
https://www.xscores.com/soccer/match/crystal-palace-vs-manchester-united/22-05-2022/319492,Crystal Palace,Manchester United,2022-05-22T16:00:00,Yellow card,home,Will Hughes,43,0
https://www.xscores.com/soccer/match/crystal-palace-vs-manchester-united/22-05-2022/319492,Crystal Palace,Manchester United,2022-05-22T16:00:00,Yellow card,away,Hannibal Mejbri,44,0
https://www.xscores.com/soccer/match/crystal-palace-vs-manchester-united/22-05-2022/319492,Crystal Palace,Manchester United,2022-05-22T16:00:00,Yellow card,away,Diogo Dalot,59,0
https://www.xscores.com/soccer/match/crystal-palace-vs-manchester-united/22-05-2022/319492,Crystal Palace,Manchester United,2022-05-22T16:00:00,Yellow card,home,Odsonne Edouard,63,0
https://www.xscores.com/soccer/match/crystal-palace-vs-manchester-united/22-05-2022/319492,Crystal Palace,Manchester United,2022-05-22T16:00:00,Yellow card,away,Victor Lindelof,84,0
https://www.xscores.com/soccer/match/crystal-palace-vs-manchester-united/22-05-2022/319492,Crystal Palace,Manchester United,2022-05-22T16:00:00,Yellow card,away,Bruno Fernandes,90,0
https://www.xscores.com/soccer/match/leicester-vs-southampton/22-05-2022/319493,Leicester,Southampton,2022-05-22T16:00:00,Yellow card,away,Oriol Romeu,70,0
https://www.xscores.com/soccer/match/liverpool-vs-wolverhampton/22-05-2022/319494,Liverpool,Wolverhampton,2022-05-22T16:00:00,Yellow card,home,Joel Matip,46,0
https://www.xscores.com/soccer/match/manchester-city-vs-aston-villa/22-05-2022/319495,Manchester City,Aston Villa,2022-05-22T16:00:00,Yellow card,away,Tyrone Mings,49,0
https://www.xscores.com/soccer/match/manchester-city-vs-aston-villa/22-05-2022/319495,Manchester City,Aston Villa,2022-05-22T16:00:00,Yellow card,away,Marvelous Nakamba,87,0
https://www.xscores.com/soccer/match/norwich-vs-tottenham/22-05-2022/319496,Norwich,Tottenham,2022-05-22T16:00:00,Yellow card,home,Sam Byram,15,0
https://www.xscores.com/soccer/match/norwich-vs-tottenham/22-05-2022/319496,Norwich,Tottenham,2022-05-22T16:00:00,Yellow card,home,Mathias Normann,31,0
https://www.xscores.com/soccer/match/norwich-vs-tottenham/22-05-2022/319496,Norwich,Tottenham,2022-05-22T16:00:00,Yellow card,home,Tony Springett,74,0
https://www.xscores.com/soccer/match/norwich-vs-tottenham/22-05-2022/319496,Norwich,Tottenham,2022-05-22T16:00:00,Yellow card,away,Heung-Min Son,85,0
