URL,Home Team,Away Team,date,Card Type,Side,Player,Elapsed Time,Added Time
https://www.xscores.com/soccer/match/crystal-palace-vs-arsenal/05-08-2022/1205835,Crystal Palace,Arsenal,2022-08-05T20:00:00,Yellow card,away,Granit Xhaka,44,0
https://www.xscores.com/soccer/match/crystal-palace-vs-arsenal/05-08-2022/1205835,Crystal Palace,Arsenal,2022-08-05T20:00:00,Yellow card,away,Ben White,60,0
https://www.xscores.com/soccer/match/crystal-palace-vs-arsenal/05-08-2022/1205835,Crystal Palace,Arsenal,2022-08-05T20:00:00,Yellow card,home,Nathaniel Clyne,64,0
https://www.xscores.com/soccer/match/fulham-vs-liverpool/06-08-2022/1205836,Fulham,Liverpool,2022-08-06T12:30:00,Yellow card,home,Kenny Tete,17,0
https://www.xscores.com/soccer/match/fulham-vs-liverpool/06-08-2022/1205836,Fulham,Liverpool,2022-08-06T12:30:00,Yellow card,home,Bobby Reid,90,0
https://www.xscores.com/soccer/match/bournemouth-vs-aston-villa/06-08-2022/1205837,Bournemouth,Aston Villa,2022-08-06T15:00:00,Yellow card,away,Danny Ings,23,0
https://www.xscores.com/soccer/match/bournemouth-vs-aston-villa/06-08-2022/1205837,Bournemouth,Aston Villa,2022-08-06T15:00:00,Yellow card,home,Adam Smith,39,0
https://www.xscores.com/soccer/match/bournemouth-vs-aston-villa/06-08-2022/1205837,Bournemouth,Aston Villa,2022-08-06T15:00:00,Yellow card,home,Ben Pearson,45,2
https://www.xscores.com/soccer/match/bournemouth-vs-aston-villa/06-08-2022/1205837,Bournemouth,Aston Villa,2022-08-06T15:00:00,Yellow card,away,Jacob Ramsey,45,3
https://www.xscores.com/soccer/match/bournemouth-vs-aston-villa/06-08-2022/1205837,Bournemouth,Aston Villa,2022-08-06T15:00:00,Yellow card,home,Philip Billing,73,0
https://www.xscores.com/soccer/match/bournemouth-vs-aston-villa/06-08-2022/1205837,Bournemouth,Aston Villa,2022-08-06T15:00:00,Yellow card,away,Douglas Luiz,90,3
https://www.xscores.com/soccer/match/leeds-vs-wolverhampton/06-08-2022/1205838,Leeds,Wolverhampton,2022-08-06T15:00:00,Yellow card,home,Jack Harrison,20,0
https://www.xscores.com/soccer/match/leeds-vs-wolverhampton/06-08-2022/1205838,Leeds,Wolverhampton,2022-08-06T15:00:00,Yellow card,home,Tyler Adams,90,3
https://www.xscores.com/soccer/match/newcastle-vs-nottingham-forest/06-08-2022/1205842,Newcastle,Nottingham Forest,2022-08-06T15:00:00,Yellow card,away,Joe Worrall,15,0
https://www.xscores.com/soccer/match/newcastle-vs-nottingham-forest/06-08-2022/1205842,Newcastle,Nottingham Forest,2022-08-06T15:00:00,Yellow card,away,Neco Williams,23,0
https://www.xscores.com/soccer/match/newcastle-vs-nottingham-forest/06-08-2022/1205842,Newcastle,Nottingham Forest,2022-08-06T15:00:00,Yellow card,away,Lewis O'Brien,56,0
https://www.xscores.com/soccer/match/tottenham-vs-southampton/06-08-2022/1205841,Tottenham,Southampton,2022-08-06T15:00:00,Yellow card,home,Ryan Sessegnon,24,0
https://www.xscores.com/soccer/match/tottenham-vs-southampton/06-08-2022/1205841,Tottenham,Southampton,2022-08-06T15:00:00,Yellow card,home,Rodrigo Bentancur,75,0
https://www.xscores.com/soccer/match/tottenham-vs-southampton/06-08-2022/1205841,Tottenham,Southampton,2022-08-06T15:00:00,Yellow card,home,Yves Bissouma,88,0
https://www.xscores.com/soccer/match/everton-vs-chelsea/06-08-2022/1205840,Everton,Chelsea,2022-08-06T17:30:00,Yellow card,home,Yerry Mina,45,8
https://www.xscores.com/soccer/match/everton-vs-chelsea/06-08-2022/1205840,Everton,Chelsea,2022-08-06T17:30:00,Yellow card,away,Reece James,56,0
https://www.xscores.com/soccer/match/everton-vs-chelsea/06-08-2022/1205840,Everton,Chelsea,2022-08-06T17:30:00,Yellow card,home,Vitalii Mykolenko,80,0
https://www.xscores.com/soccer/match/everton-vs-chelsea/06-08-2022/1205840,Everton,Chelsea,2022-08-06T17:30:00,Yellow card,home,Mason Holgate,90,8
https://www.xscores.com/soccer/match/everton-vs-chelsea/06-08-2022/1205840,Everton,Chelsea,2022-08-06T17:30:00,Yellow card,away,Marc Cucurella,90,11
https://www.xscores.com/soccer/match/manchester-united-vs-brighton/07-08-2022/1205843,Manchester United,Brighton,2022-08-07T14:00:00,Yellow card,home,Scott McTominay,25,0
https://www.xscores.com/soccer/match/manchester-united-vs-brighton/07-08-2022/1205843,Manchester United,Brighton,2022-08-07T14:00:00,Yellow card,home,Lisandro Martinez,45,2
https://www.xscores.com/soccer/match/manchester-united-vs-brighton/07-08-2022/1205843,Manchester United,Brighton,2022-08-07T14:00:00,Yellow card,home,Harry Maguire,53,0
https://www.xscores.com/soccer/match/manchester-united-vs-brighton/07-08-2022/1205843,Manchester United,Brighton,2022-08-07T14:00:00,Yellow card,away,Leandro Trossard,53,0
https://www.xscores.com/soccer/match/manchester-united-vs-brighton/07-08-2022/1205843,Manchester United,Brighton,2022-08-07T14:00:00,Yellow card,home,Luke Shaw,74,0
https://www.xscores.com/soccer/match/west-ham-vs-manchester-city/07-08-2022/1205844,West Ham,Manchester City,2022-08-07T16:30:00,Yellow card,away,Joao Cancelo,45,3
https://www.xscores.com/soccer/match/aston-villa-vs-everton/13-08-2022/1205860,Aston Villa,Everton,2022-08-13T12:30:00,Yellow card,home,Philippe Coutinho,29,0
https://www.xscores.com/soccer/match/aston-villa-vs-everton/13-08-2022/1205860,Aston Villa,Everton,2022-08-13T12:30:00,Yellow card,away,Tom Davies,43,0
https://www.xscores.com/soccer/match/aston-villa-vs-everton/13-08-2022/1205860,Aston Villa,Everton,2022-08-13T12:30:00,Yellow card,home,Lucas Digne,49,0
https://www.xscores.com/soccer/match/aston-villa-vs-everton/13-08-2022/1205860,Aston Villa,Everton,2022-08-13T12:30:00,Yellow card,home,Danny Ings,75,0
https://www.xscores.com/soccer/match/aston-villa-vs-everton/13-08-2022/1205860,Aston Villa,Everton,2022-08-13T12:30:00,Yellow card,home,Ashley Young,90,8
https://www.xscores.com/soccer/match/arsenal-vs-leicester/13-08-2022/1205853,Arsenal,Leicester,2022-08-13T15:00:00,Yellow card,away,Wesley Fofana,16,0
https://www.xscores.com/soccer/match/arsenal-vs-leicester/13-08-2022/1205853,Arsenal,Leicester,2022-08-13T15:00:00,Yellow card,home,Takehiro Tomiyasu,90,0
https://www.xscores.com/soccer/match/brighton-vs-newcastle/13-08-2022/1205858,Brighton,Newcastle,2022-08-13T15:00:00,Yellow card,away,Allan Saint-Maximin,22,0
https://www.xscores.com/soccer/match/brighton-vs-newcastle/13-08-2022/1205858,Brighton,Newcastle,2022-08-13T15:00:00,Yellow card,home,Alexis Mac Allister,34,0
https://www.xscores.com/soccer/match/brighton-vs-newcastle/13-08-2022/1205858,Brighton,Newcastle,2022-08-13T15:00:00,Yellow card,away,Joelinton,58,0
https://www.xscores.com/soccer/match/brighton-vs-newcastle/13-08-2022/1205858,Brighton,Newcastle,2022-08-13T15:00:00,Yellow card,home,Solly March,58,0
https://www.xscores.com/soccer/match/brighton-vs-newcastle/13-08-2022/1205858,Brighton,Newcastle,2022-08-13T15:00:00,Yellow card,away,Fabian Schaer,90,3
https://www.xscores.com/soccer/match/manchester-city-vs-bournemouth/13-08-2022/1205855,Manchester City,Bournemouth,2022-08-13T15:00:00,Yellow card,away,Jack Stacey,5,0
https://www.xscores.com/soccer/match/manchester-city-vs-bournemouth/13-08-2022/1205855,Manchester City,Bournemouth,2022-08-13T15:00:00,Yellow card,away,Chris Mepham,56,0
https://www.xscores.com/soccer/match/manchester-city-vs-bournemouth/13-08-2022/1205855,Manchester City,Bournemouth,2022-08-13T15:00:00,Yellow card,away,Adam Smith,90,2
https://www.xscores.com/soccer/match/southampton-vs-leeds/13-08-2022/1205845,Southampton,Leeds,2022-08-13T15:00:00,Yellow card,away,Jack Harrison,43,0
https://www.xscores.com/soccer/match/southampton-vs-leeds/13-08-2022/1205845,Southampton,Leeds,2022-08-13T15:00:00,Yellow card,away,Rasmus Nissen,45,0
https://www.xscores.com/soccer/match/southampton-vs-leeds/13-08-2022/1205845,Southampton,Leeds,2022-08-13T15:00:00,Yellow card,home,Mohammed Salisu,78,0
https://www.xscores.com/soccer/match/southampton-vs-leeds/13-08-2022/1205845,Southampton,Leeds,2022-08-13T15:00:00,Yellow card,away,Brenden Aaronson,90,3
https://www.xscores.com/soccer/match/wolverhampton-vs-fulham/13-08-2022/1205852,Wolverhampton,Fulham,2022-08-13T15:00:00,Yellow card,home,Daniel Podence,17,0
https://www.xscores.com/soccer/match/wolverhampton-vs-fulham/13-08-2022/1205852,Wolverhampton,Fulham,2022-08-13T15:00:00,Yellow card,home,Ruben Neves,36,0
https://www.xscores.com/soccer/match/wolverhampton-vs-fulham/13-08-2022/1205852,Wolverhampton,Fulham,2022-08-13T15:00:00,Yellow card,away,Joao Palhinha,44,0
https://www.xscores.com/soccer/match/wolverhampton-vs-fulham/13-08-2022/1205852,Wolverhampton,Fulham,2022-08-13T15:00:00,Yellow card,away,Harrison Reed,50,0
https://www.xscores.com/soccer/match/wolverhampton-vs-fulham/13-08-2022/1205852,Wolverhampton,Fulham,2022-08-13T15:00:00,Yellow card,away,Aleksandar Mitrovic,90,5
https://www.xscores.com/soccer/match/wolverhampton-vs-fulham/13-08-2022/1205852,Wolverhampton,Fulham,2022-08-13T15:00:00,Yellow card,home,Morgan Gibbs-White,90,5
https://www.xscores.com/soccer/match/brentford-vs-manchester-united/13-08-2022/1205859,Brentford,Manchester United,2022-08-13T17:30:00,Yellow card,away,Harry Maguire,16,0
https://www.xscores.com/soccer/match/brentford-vs-manchester-united/13-08-2022/1205859,Brentford,Manchester United,2022-08-13T17:30:00,Yellow card,away,Scott McTominay,82,0
https://www.xscores.com/soccer/match/brentford-vs-manchester-united/13-08-2022/1205859,Brentford,Manchester United,2022-08-13T17:30:00,Yellow card,away,Marcus Rashford,89,0
https://www.xscores.com/soccer/match/brentford-vs-manchester-united/13-08-2022/1205859,Brentford,Manchester United,2022-08-13T17:30:00,Yellow card,away,Bruno Fernandes,90,4
https://www.xscores.com/soccer/match/nottingham-forest-vs-west-ham/14-08-2022/1205854,Nottingham Forest,West Ham,2022-08-14T14:00:00,Yellow card,away,Declan Rice,9,0
https://www.xscores.com/soccer/match/nottingham-forest-vs-west-ham/14-08-2022/1205854,Nottingham Forest,West Ham,2022-08-14T14:00:00,Yellow card,home,Scott McKenna,64,0
https://www.xscores.com/soccer/match/nottingham-forest-vs-west-ham/14-08-2022/1205854,Nottingham Forest,West Ham,2022-08-14T14:00:00,Yellow card,home,Dean Henderson,75,0
https://www.xscores.com/soccer/match/nottingham-forest-vs-west-ham/14-08-2022/1205854,Nottingham Forest,West Ham,2022-08-14T14:00:00,Yellow card,home,Brennan Johnson,90,8
https://www.xscores.com/soccer/match/nottingham-forest-vs-west-ham/14-08-2022/1205854,Nottingham Forest,West Ham,2022-08-14T14:00:00,Yellow card,home,Sam Surridge,90,8
https://www.xscores.com/soccer/match/chelsea-vs-tottenham/14-08-2022/1205857,Chelsea,Tottenham,2022-08-14T16:30:00,Yellow card,home,Reece James,41,0
https://www.xscores.com/soccer/match/chelsea-vs-tottenham/14-08-2022/1205857,Chelsea,Tottenham,2022-08-14T16:30:00,Yellow card,home,Edouard Mendy,62,0
https://www.xscores.com/soccer/match/chelsea-vs-tottenham/14-08-2022/1205857,Chelsea,Tottenham,2022-08-14T16:30:00,Yellow card,home,Thomas Tuchel,70,0
https://www.xscores.com/soccer/match/chelsea-vs-tottenham/14-08-2022/1205857,Chelsea,Tottenham,2022-08-14T16:30:00,Yellow card,home,Kai Havertz,86,0
https://www.xscores.com/soccer/match/chelsea-vs-tottenham/14-08-2022/1205857,Chelsea,Tottenham,2022-08-14T16:30:00,Red card,home,Thomas Tuchel,90,8
https://www.xscores.com/soccer/match/liverpool-vs-crystal-palace/15-08-2022/1205856,Liverpool,Crystal Palace,2022-08-15T20:00:00,Yellow card,home,Luis Diaz,40,0
https://www.xscores.com/soccer/match/liverpool-vs-crystal-palace/15-08-2022/1205856,Liverpool,Crystal Palace,2022-08-15T20:00:00,Red card,home,Darwin Nunez,57,0
https://www.xscores.com/soccer/match/liverpool-vs-crystal-palace/15-08-2022/1205856,Liverpool,Crystal Palace,2022-08-15T20:00:00,Yellow card,away,Joachim Andersen,57,0
https://www.xscores.com/soccer/match/liverpool-vs-crystal-palace/15-08-2022/1205856,Liverpool,Crystal Palace,2022-08-15T20:00:00,Yellow card,away,Joel Ward,68,0
https://www.xscores.com/soccer/match/liverpool-vs-crystal-palace/15-08-2022/1205856,Liverpool,Crystal Palace,2022-08-15T20:00:00,Yellow card,away,Odsonne Edouard,88,0
https://www.xscores.com/soccer/match/liverpool-vs-crystal-palace/15-08-2022/1205856,Liverpool,Crystal Palace,2022-08-15T20:00:00,Yellow card,away,Vicente Guaita,90,1
https://www.xscores.com/soccer/match/liverpool-vs-crystal-palace/15-08-2022/1205856,Liverpool,Crystal Palace,2022-08-15T20:00:00,Yellow card,home,Konstantinos Tsimikas,90,2
https://www.xscores.com/soccer/match/tottenham-vs-wolverhampton/20-08-2022/1205870,Tottenham,Wolverhampton,2022-08-20T12:30:00,Yellow card,home,Pierre-Emile Hoejbjerg,12,0
https://www.xscores.com/soccer/match/tottenham-vs-wolverhampton/20-08-2022/1205870,Tottenham,Wolverhampton,2022-08-20T12:30:00,Yellow card,away,Rayan Ait Nouri,56,0
https://www.xscores.com/soccer/match/tottenham-vs-wolverhampton/20-08-2022/1205870,Tottenham,Wolverhampton,2022-08-20T12:30:00,Yellow card,home,Harry Kane,67,0
https://www.xscores.com/soccer/match/tottenham-vs-wolverhampton/20-08-2022/1205870,Tottenham,Wolverhampton,2022-08-20T12:30:00,Yellow card,away,Nathan Collins,67,0
https://www.xscores.com/soccer/match/crystal-palace-vs-aston-villa/20-08-2022/1205850,Crystal Palace,Aston Villa,2022-08-20T15:00:00,Yellow card,away,John McGinn,36,0
https://www.xscores.com/soccer/match/crystal-palace-vs-aston-villa/20-08-2022/1205850,Crystal Palace,Aston Villa,2022-08-20T15:00:00,Yellow card,home,Wilfried Zaha,39,0
https://www.xscores.com/soccer/match/crystal-palace-vs-aston-villa/20-08-2022/1205850,Crystal Palace,Aston Villa,2022-08-20T15:00:00,Yellow card,home,Jeffrey Schlupp,75,0
https://www.xscores.com/soccer/match/everton-vs-nottingham-forest/20-08-2022/1205849,Everton,Nottingham Forest,2022-08-20T15:00:00,Yellow card,away,Joe Worrall,20,0
https://www.xscores.com/soccer/match/everton-vs-nottingham-forest/20-08-2022/1205849,Everton,Nottingham Forest,2022-08-20T15:00:00,Yellow card,home,Anthony Gordon,21,0
https://www.xscores.com/soccer/match/everton-vs-nottingham-forest/20-08-2022/1205849,Everton,Nottingham Forest,2022-08-20T15:00:00,Yellow card,away,Neco Williams,29,0
https://www.xscores.com/soccer/match/everton-vs-nottingham-forest/20-08-2022/1205849,Everton,Nottingham Forest,2022-08-20T15:00:00,Yellow card,home,Alex Iwobi,35,0
https://www.xscores.com/soccer/match/everton-vs-nottingham-forest/20-08-2022/1205849,Everton,Nottingham Forest,2022-08-20T15:00:00,Yellow card,home,Amadou Onana,60,0
https://www.xscores.com/soccer/match/fulham-vs-brentford/20-08-2022/1205848,Fulham,Brentford,2022-08-20T15:00:00,Yellow card,home,Joao Palhinha,29,0
https://www.xscores.com/soccer/match/fulham-vs-brentford/20-08-2022/1205848,Fulham,Brentford,2022-08-20T15:00:00,Yellow card,home,Kenny Tete,31,0
https://www.xscores.com/soccer/match/fulham-vs-brentford/20-08-2022/1205848,Fulham,Brentford,2022-08-20T15:00:00,Yellow card,away,Joshua Dasilva,56,0
https://www.xscores.com/soccer/match/fulham-vs-brentford/20-08-2022/1205848,Fulham,Brentford,2022-08-20T15:00:00,Yellow card,away,Ben Mee,80,0
https://www.xscores.com/soccer/match/fulham-vs-brentford/20-08-2022/1205848,Fulham,Brentford,2022-08-20T15:00:00,Yellow card,home,Kevin Mbabu,90,4
https://www.xscores.com/soccer/match/leicester-vs-southampton/20-08-2022/1205846,Leicester,Southampton,2022-08-20T15:00:00,Yellow card,away,Mohamed Elyounoussi,64,0
https://www.xscores.com/soccer/match/leicester-vs-southampton/20-08-2022/1205846,Leicester,Southampton,2022-08-20T15:00:00,Yellow card,home,Patson Daka,76,0
https://www.xscores.com/soccer/match/leicester-vs-southampton/20-08-2022/1205846,Leicester,Southampton,2022-08-20T15:00:00,Yellow card,away,Joe Aribo,82,0
https://www.xscores.com/soccer/match/leicester-vs-southampton/20-08-2022/1205846,Leicester,Southampton,2022-08-20T15:00:00,Yellow card,home,James Maddison,90,4
https://www.xscores.com/soccer/match/leicester-vs-southampton/20-08-2022/1205846,Leicester,Southampton,2022-08-20T15:00:00,Yellow card,away,Romeo Lavia,90,4
https://www.xscores.com/soccer/match/bournemouth-vs-arsenal/20-08-2022/1205851,Bournemouth,Arsenal,2022-08-20T17:30:00,Yellow card,home,Jordan Zemura,27,0
https://www.xscores.com/soccer/match/bournemouth-vs-arsenal/20-08-2022/1205851,Bournemouth,Arsenal,2022-08-20T17:30:00,Yellow card,away,Gabriel Jesus,52,0
https://www.xscores.com/soccer/match/bournemouth-vs-arsenal/20-08-2022/1205851,Bournemouth,Arsenal,2022-08-20T17:30:00,Yellow card,home,Adam Smith,60,0
https://www.xscores.com/soccer/match/leeds-vs-chelsea/21-08-2022/1205847,Leeds,Chelsea,2022-08-21T14:00:00,Yellow card,away,Kalidou Koulibaly,9,0
https://www.xscores.com/soccer/match/leeds-vs-chelsea/21-08-2022/1205847,Leeds,Chelsea,2022-08-21T14:00:00,Yellow card,away,Raheem Sterling,36,0
https://www.xscores.com/soccer/match/leeds-vs-chelsea/21-08-2022/1205847,Leeds,Chelsea,2022-08-21T14:00:00,Yellow card 2,away,Kalidou Koulibaly,84,0
https://www.xscores.com/soccer/match/west-ham-vs-brighton/21-08-2022/1205869,West Ham,Brighton,2022-08-21T14:00:00,Yellow card,home,Thilo Kehrer,20,0
https://www.xscores.com/soccer/match/west-ham-vs-brighton/21-08-2022/1205869,West Ham,Brighton,2022-08-21T14:00:00,Yellow card,home,Aaron Cresswell,71,0
https://www.xscores.com/soccer/match/newcastle-vs-manchester-city/21-08-2022/1205871,Newcastle,Manchester City,2022-08-21T16:30:00,Yellow card,home,Bruno Guimaraes,8,0
https://www.xscores.com/soccer/match/newcastle-vs-manchester-city/21-08-2022/1205871,Newcastle,Manchester City,2022-08-21T16:30:00,Yellow card,away,Joao Cancelo,18,0
https://www.xscores.com/soccer/match/newcastle-vs-manchester-city/21-08-2022/1205871,Newcastle,Manchester City,2022-08-21T16:30:00,Yellow card,home,Fabian Schaer,34,0
https://www.xscores.com/soccer/match/newcastle-vs-manchester-city/21-08-2022/1205871,Newcastle,Manchester City,2022-08-21T16:30:00,Yellow card,away,John Stones,52,0
https://www.xscores.com/soccer/match/newcastle-vs-manchester-city/21-08-2022/1205871,Newcastle,Manchester City,2022-08-21T16:30:00,Yellow card,home,Kieran Trippier,76,0
https://www.xscores.com/soccer/match/newcastle-vs-manchester-city/21-08-2022/1205871,Newcastle,Manchester City,2022-08-21T16:30:00,Yellow card,home,Joelinton,90,2
https://www.xscores.com/soccer/match/manchester-united-vs-liverpool/22-08-2022/1205861,Manchester United,Liverpool,2022-08-22T20:00:00,Yellow card,away,Trent Alexander-Arnold,24,0
https://www.xscores.com/soccer/match/manchester-united-vs-liverpool/22-08-2022/1205861,Manchester United,Liverpool,2022-08-22T20:00:00,Yellow card,home,Raphael Varane,27,0
https://www.xscores.com/soccer/match/manchester-united-vs-liverpool/22-08-2022/1205861,Manchester United,Liverpool,2022-08-22T20:00:00,Yellow card,home,Diogo Dalot,45,0
https://www.xscores.com/soccer/match/manchester-united-vs-liverpool/22-08-2022/1205861,Manchester United,Liverpool,2022-08-22T20:00:00,Yellow card,home,Bruno Fernandes,74,0
https://www.xscores.com/soccer/match/southampton-vs-manchester-united/27-08-2022/1205885,Southampton,Manchester United,2022-08-27T12:30:00,Yellow card,away,Diogo Dalot,50,0
https://www.xscores.com/soccer/match/southampton-vs-manchester-united/27-08-2022/1205885,Southampton,Manchester United,2022-08-27T12:30:00,Yellow card,away,Scott McTominay,83,0
https://www.xscores.com/soccer/match/southampton-vs-manchester-united/27-08-2022/1205885,Southampton,Manchester United,2022-08-27T12:30:00,Yellow card,away,Fred,90,6
https://www.xscores.com/soccer/match/brentford-vs-everton/27-08-2022/1205866,Brentford,Everton,2022-08-27T15:00:00,Yellow card,home,Yoane Wissa,54,0
https://www.xscores.com/soccer/match/brentford-vs-everton/27-08-2022/1205866,Brentford,Everton,2022-08-27T15:00:00,Yellow card,away,Jordan Pickford,81,0
https://www.xscores.com/soccer/match/brentford-vs-everton/27-08-2022/1205866,Brentford,Everton,2022-08-27T15:00:00,Yellow card,away,Anthony Gordon,90,3
https://www.xscores.com/soccer/match/brentford-vs-everton/27-08-2022/1205866,Brentford,Everton,2022-08-27T15:00:00,Yellow card,home,Aaron Hickey,90,5
https://www.xscores.com/soccer/match/brighton-vs-leeds/27-08-2022/1205865,Brighton,Leeds,2022-08-27T15:00:00,Yellow card,away,Pascal Struijk,8,0
https://www.xscores.com/soccer/match/brighton-vs-leeds/27-08-2022/1205865,Brighton,Leeds,2022-08-27T15:00:00,Yellow card,away,Marc Roca,34,0
https://www.xscores.com/soccer/match/brighton-vs-leeds/27-08-2022/1205865,Brighton,Leeds,2022-08-27T15:00:00,Yellow card,away,Brenden Aaronson,37,0
https://www.xscores.com/soccer/match/brighton-vs-leeds/27-08-2022/1205865,Brighton,Leeds,2022-08-27T15:00:00,Yellow card,away,Jesse Marsch,76,0
https://www.xscores.com/soccer/match/brighton-vs-leeds/27-08-2022/1205865,Brighton,Leeds,2022-08-27T15:00:00,Yellow card,home,Adam Webster,81,0
https://www.xscores.com/soccer/match/brighton-vs-leeds/27-08-2022/1205865,Brighton,Leeds,2022-08-27T15:00:00,Yellow card,home,Alexis Mac Allister,87,0
https://www.xscores.com/soccer/match/chelsea-vs-leicester/27-08-2022/1205864,Chelsea,Leicester,2022-08-27T15:00:00,Yellow card,home,Conor Gallagher,22,0
https://www.xscores.com/soccer/match/chelsea-vs-leicester/27-08-2022/1205864,Chelsea,Leicester,2022-08-27T15:00:00,Yellow card 2,home,Conor Gallagher,28,0
https://www.xscores.com/soccer/match/chelsea-vs-leicester/27-08-2022/1205864,Chelsea,Leicester,2022-08-27T15:00:00,Yellow card,away,Kiernan Dewsbury-Hall,31,0
https://www.xscores.com/soccer/match/chelsea-vs-leicester/27-08-2022/1205864,Chelsea,Leicester,2022-08-27T15:00:00,Yellow card,away,Dennis Praet,40,0
https://www.xscores.com/soccer/match/chelsea-vs-leicester/27-08-2022/1205864,Chelsea,Leicester,2022-08-27T15:00:00,Yellow card,home,Kai Havertz,90,3
https://www.xscores.com/soccer/match/liverpool-vs-bournemouth/27-08-2022/1205863,Liverpool,Bournemouth,2022-08-27T15:00:00,Yellow card,away,Adam Smith,35,0
https://www.xscores.com/soccer/match/manchester-city-vs-crystal-palace/27-08-2022/1205862,Manchester City,Crystal Palace,2022-08-27T15:00:00,Yellow card,home,Phil Foden,86,0
https://www.xscores.com/soccer/match/manchester-city-vs-crystal-palace/27-08-2022/1205862,Manchester City,Crystal Palace,2022-08-27T15:00:00,Yellow card,away,Jean-Philippe Mateta,86,0
https://www.xscores.com/soccer/match/manchester-city-vs-crystal-palace/27-08-2022/1205862,Manchester City,Crystal Palace,2022-08-27T15:00:00,Yellow card,away,Marc Guehi,88,0
https://www.xscores.com/soccer/match/arsenal-vs-fulham/27-08-2022/1205868,Arsenal,Fulham,2022-08-27T17:30:00,Yellow card,home,Ben White,36,0
https://www.xscores.com/soccer/match/arsenal-vs-fulham/27-08-2022/1205868,Arsenal,Fulham,2022-08-27T17:30:00,Yellow card,home,Gabriel Jesus,44,0
https://www.xscores.com/soccer/match/arsenal-vs-fulham/27-08-2022/1205868,Arsenal,Fulham,2022-08-27T17:30:00,Yellow card,away,Joao Palhinha,44,0
https://www.xscores.com/soccer/match/arsenal-vs-fulham/27-08-2022/1205868,Arsenal,Fulham,2022-08-27T17:30:00,Yellow card,away,Antonee Robinson,51,0
https://www.xscores.com/soccer/match/arsenal-vs-fulham/27-08-2022/1205868,Arsenal,Fulham,2022-08-27T17:30:00,Yellow card,away,Bobby Reid,70,0
https://www.xscores.com/soccer/match/aston-villa-vs-west-ham/28-08-2022/1205867,Aston Villa,West Ham,2022-08-28T14:00:00,Yellow card,home,Matty Cash,57,0
https://www.xscores.com/soccer/match/aston-villa-vs-west-ham/28-08-2022/1205867,Aston Villa,West Ham,2022-08-28T14:00:00,Yellow card,home,Boubacar Kamara,79,0
https://www.xscores.com/soccer/match/wolverhampton-vs-newcastle/28-08-2022/1205884,Wolverhampton,Newcastle,2022-08-28T14:00:00,Yellow card,home,Nelson Semedo,28,0
https://www.xscores.com/soccer/match/wolverhampton-vs-newcastle/28-08-2022/1205884,Wolverhampton,Newcastle,2022-08-28T14:00:00,Yellow card,away,Fabian Schaer,46,0
https://www.xscores.com/soccer/match/wolverhampton-vs-newcastle/28-08-2022/1205884,Wolverhampton,Newcastle,2022-08-28T14:00:00,Yellow card,home,Pedro Neto,58,0
https://www.xscores.com/soccer/match/nottingham-forest-vs-tottenham/28-08-2022/1205886,Nottingham Forest,Tottenham,2022-08-28T16:30:00,Yellow card,home,Steve Cook,54,0
https://www.xscores.com/soccer/match/nottingham-forest-vs-tottenham/28-08-2022/1205886,Nottingham Forest,Tottenham,2022-08-28T16:30:00,Yellow card,home,Joe Worrall,58,0
https://www.xscores.com/soccer/match/nottingham-forest-vs-tottenham/28-08-2022/1205886,Nottingham Forest,Tottenham,2022-08-28T16:30:00,Yellow card,home,Scott McKenna,61,0
https://www.xscores.com/soccer/match/nottingham-forest-vs-tottenham/28-08-2022/1205886,Nottingham Forest,Tottenham,2022-08-28T16:30:00,Yellow card,home,Lewis O'Brien,73,0
https://www.xscores.com/soccer/match/nottingham-forest-vs-tottenham/28-08-2022/1205886,Nottingham Forest,Tottenham,2022-08-28T16:30:00,Yellow card,away,Harry Kane,82,0
https://www.xscores.com/soccer/match/nottingham-forest-vs-tottenham/28-08-2022/1205886,Nottingham Forest,Tottenham,2022-08-28T16:30:00,Yellow card,home,Cheikhou Kouyate,84,0
https://www.xscores.com/soccer/match/nottingham-forest-vs-tottenham/28-08-2022/1205886,Nottingham Forest,Tottenham,2022-08-28T16:30:00,Yellow card,home,Brennan Johnson,85,0
https://www.xscores.com/soccer/match/crystal-palace-vs-brentford/30-08-2022/1205877,Crystal Palace,Brentford,2022-08-30T19:30:00,Yellow card,away,Aaron Hickey,71,0
https://www.xscores.com/soccer/match/crystal-palace-vs-brentford/30-08-2022/1205877,Crystal Palace,Brentford,2022-08-30T19:30:00,Yellow card,away,Ivan Toney,83,0
https://www.xscores.com/soccer/match/crystal-palace-vs-brentford/30-08-2022/1205877,Crystal Palace,Brentford,2022-08-30T19:30:00,Yellow card,home,Cheick Oumar Doucoure,90,5
https://www.xscores.com/soccer/match/fulham-vs-brighton/30-08-2022/1205881,Fulham,Brighton,2022-08-30T19:30:00,Yellow card,away,Pervis Estupinan,55,0
https://www.xscores.com/soccer/match/fulham-vs-brighton/30-08-2022/1205881,Fulham,Brighton,2022-08-30T19:30:00,Yellow card,home,Antonee Robinson,68,0
https://www.xscores.com/soccer/match/fulham-vs-brighton/30-08-2022/1205881,Fulham,Brighton,2022-08-30T19:30:00,Yellow card,home,Harrison Reed,83,0
https://www.xscores.com/soccer/match/southampton-vs-chelsea/30-08-2022/1205876,Southampton,Chelsea,2022-08-30T19:45:00,Yellow card,home,Mohammed Salisu,53,0
https://www.xscores.com/soccer/match/southampton-vs-chelsea/30-08-2022/1205876,Southampton,Chelsea,2022-08-30T19:45:00,Yellow card,home,James Ward-Prowse,64,0
https://www.xscores.com/soccer/match/southampton-vs-chelsea/30-08-2022/1205876,Southampton,Chelsea,2022-08-30T19:45:00,Yellow card,away,Christian Pulisic,80,0
https://www.xscores.com/soccer/match/leeds-vs-everton/30-08-2022/1205880,Leeds,Everton,2022-08-30T20:00:00,Yellow card,away,Tom Davies,20,0
https://www.xscores.com/soccer/match/leeds-vs-everton/30-08-2022/1205880,Leeds,Everton,2022-08-30T20:00:00,Yellow card,home,Tyler Adams,40,0
https://www.xscores.com/soccer/match/leeds-vs-everton/30-08-2022/1205880,Leeds,Everton,2022-08-30T20:00:00,Yellow card,home,Diego Llorente,57,0
https://www.xscores.com/soccer/match/leeds-vs-everton/30-08-2022/1205880,Leeds,Everton,2022-08-30T20:00:00,Yellow card,home,Rasmus Nissen,59,0
https://www.xscores.com/soccer/match/leeds-vs-everton/30-08-2022/1205880,Leeds,Everton,2022-08-30T20:00:00,Yellow card,away,Anthony Gordon,60,0
https://www.xscores.com/soccer/match/leeds-vs-everton/30-08-2022/1205880,Leeds,Everton,2022-08-30T20:00:00,Yellow card,away,Nathan Patterson,67,0
https://www.xscores.com/soccer/match/arsenal-vs-aston-villa/31-08-2022/1205883,Arsenal,Aston Villa,2022-08-31T19:30:00,Yellow card,away,Jacob Ramsey,13,0
https://www.xscores.com/soccer/match/arsenal-vs-aston-villa/31-08-2022/1205883,Arsenal,Aston Villa,2022-08-31T19:30:00,Yellow card,home,Martin Oedegaard,39,0
https://www.xscores.com/soccer/match/arsenal-vs-aston-villa/31-08-2022/1205883,Arsenal,Aston Villa,2022-08-31T19:30:00,Yellow card,home,William Saliba,48,0
https://www.xscores.com/soccer/match/arsenal-vs-aston-villa/31-08-2022/1205883,Arsenal,Aston Villa,2022-08-31T19:30:00,Yellow card,away,Ezri Konsa,54,0
https://www.xscores.com/soccer/match/arsenal-vs-aston-villa/31-08-2022/1205883,Arsenal,Aston Villa,2022-08-31T19:30:00,Yellow card,away,John McGinn,68,0
https://www.xscores.com/soccer/match/bournemouth-vs-wolverhampton/31-08-2022/1205882,Bournemouth,Wolverhampton,2022-08-31T19:30:00,Yellow card,home,Neto,67,0
https://www.xscores.com/soccer/match/bournemouth-vs-wolverhampton/31-08-2022/1205882,Bournemouth,Wolverhampton,2022-08-31T19:30:00,Yellow card,home,Chris Mepham,90,0
https://www.xscores.com/soccer/match/bournemouth-vs-wolverhampton/31-08-2022/1205882,Bournemouth,Wolverhampton,2022-08-31T19:30:00,Yellow card,away,Ruben Neves,90,0
https://www.xscores.com/soccer/match/manchester-city-vs-nottingham-forest/31-08-2022/1205874,Manchester City,Nottingham Forest,2022-08-31T19:30:00,Yellow card,away,Emmanuel Dennis,76,0
https://www.xscores.com/soccer/match/west-ham-vs-tottenham/31-08-2022/1205872,West Ham,Tottenham,2022-08-31T19:45:00,Yellow card,away,Yves Bissouma,21,0
https://www.xscores.com/soccer/match/west-ham-vs-tottenham/31-08-2022/1205872,West Ham,Tottenham,2022-08-31T19:45:00,Yellow card,away,Davinson Sanchez,23,0
https://www.xscores.com/soccer/match/west-ham-vs-tottenham/31-08-2022/1205872,West Ham,Tottenham,2022-08-31T19:45:00,Yellow card,away,Ben Davies,86,0
https://www.xscores.com/soccer/match/west-ham-vs-tottenham/31-08-2022/1205872,West Ham,Tottenham,2022-08-31T19:45:00,Yellow card,home,Lucas Paqueta,90,1
https://www.xscores.com/soccer/match/west-ham-vs-tottenham/31-08-2022/1205872,West Ham,Tottenham,2022-08-31T19:45:00,Yellow card,away,Richarlison,90,1
https://www.xscores.com/soccer/match/west-ham-vs-tottenham/31-08-2022/1205872,West Ham,Tottenham,2022-08-31T19:45:00,Yellow card,home,Emerson,90,1
https://www.xscores.com/soccer/match/west-ham-vs-tottenham/31-08-2022/1205872,West Ham,Tottenham,2022-08-31T19:45:00,Yellow card,away,Ivan Perisic,90,3
https://www.xscores.com/soccer/match/liverpool-vs-newcastle/31-08-2022/1205875,Liverpool,Newcastle,2022-08-31T20:00:00,Yellow card,away,Jamaal Lascelles,87,0
https://www.xscores.com/soccer/match/liverpool-vs-newcastle/31-08-2022/1205875,Liverpool,Newcastle,2022-08-31T20:00:00,Yellow card,away,Kieran Trippier,90,0
https://www.xscores.com/soccer/match/leicester-vs-manchester-united/01-09-2022/1205873,Leicester,Manchester United,2022-09-01T20:00:00,Yellow card,away,Diogo Dalot,28,0
https://www.xscores.com/soccer/match/leicester-vs-manchester-united/01-09-2022/1205873,Leicester,Manchester United,2022-09-01T20:00:00,Yellow card,away,Tyrell Malacia,43,0
https://www.xscores.com/soccer/match/leicester-vs-manchester-united/01-09-2022/1205873,Leicester,Manchester United,2022-09-01T20:00:00,Yellow card,away,Lisandro Martinez,49,0
https://www.xscores.com/soccer/match/leicester-vs-manchester-united/01-09-2022/1205873,Leicester,Manchester United,2022-09-01T20:00:00,Yellow card,home,James Maddison,87,0
https://www.xscores.com/soccer/match/everton-vs-liverpool/03-09-2022/1205894,Everton,Liverpool,2022-09-03T12:30:00,Yellow card,home,Amadou Onana,38,0
https://www.xscores.com/soccer/match/everton-vs-liverpool/03-09-2022/1205894,Everton,Liverpool,2022-09-03T12:30:00,Yellow card,away,Virgil van Dijk,76,0
https://www.xscores.com/soccer/match/everton-vs-liverpool/03-09-2022/1205894,Everton,Liverpool,2022-09-03T12:30:00,Yellow card,away,Fabinho,90,2
https://www.xscores.com/soccer/match/everton-vs-liverpool/03-09-2022/1205894,Everton,Liverpool,2022-09-03T12:30:00,Yellow card,home,Jordan Pickford,90,6
https://www.xscores.com/soccer/match/brentford-vs-leeds/03-09-2022/1205878,Brentford,Leeds,2022-09-03T15:00:00,Yellow card,away,Luis Sinisterra,28,0
https://www.xscores.com/soccer/match/brentford-vs-leeds/03-09-2022/1205878,Brentford,Leeds,2022-09-03T15:00:00,Red card,away,Jesse Marsch,64,0
https://www.xscores.com/soccer/match/brentford-vs-leeds/03-09-2022/1205878,Brentford,Leeds,2022-09-03T15:00:00,Yellow card,home,Mikkel Damsgaard,90,5
https://www.xscores.com/soccer/match/brentford-vs-leeds/03-09-2022/1205878,Brentford,Leeds,2022-09-03T15:00:00,Yellow card,home,Aaron Hickey,90,7
https://www.xscores.com/soccer/match/brentford-vs-leeds/03-09-2022/1205878,Brentford,Leeds,2022-09-03T15:00:00,Yellow card,away,Mateusz Klich,90,7
https://www.xscores.com/soccer/match/chelsea-vs-west-ham/03-09-2022/1205895,Chelsea,West Ham,2022-09-03T15:00:00,Yellow card,home,Ruben Loftus-Cheek,9,0
https://www.xscores.com/soccer/match/chelsea-vs-west-ham/03-09-2022/1205895,Chelsea,West Ham,2022-09-03T15:00:00,Yellow card,home,Marc Cucurella,35,0
https://www.xscores.com/soccer/match/chelsea-vs-west-ham/03-09-2022/1205895,Chelsea,West Ham,2022-09-03T15:00:00,Yellow card,home,Reece James,54,0
https://www.xscores.com/soccer/match/chelsea-vs-west-ham/03-09-2022/1205895,Chelsea,West Ham,2022-09-03T15:00:00,Yellow card,away,Michail Antonio,54,0
https://www.xscores.com/soccer/match/chelsea-vs-west-ham/03-09-2022/1205895,Chelsea,West Ham,2022-09-03T15:00:00,Yellow card,away,Thilo Kehrer,90,3
https://www.xscores.com/soccer/match/chelsea-vs-west-ham/03-09-2022/1205895,Chelsea,West Ham,2022-09-03T15:00:00,Yellow card,home,Kai Havertz,90,8
https://www.xscores.com/soccer/match/newcastle-vs-crystal-palace/03-09-2022/1205888,Newcastle,Crystal Palace,2022-09-03T15:00:00,Yellow card,home,Sean Longstaff,15,0
https://www.xscores.com/soccer/match/newcastle-vs-crystal-palace/03-09-2022/1205888,Newcastle,Crystal Palace,2022-09-03T15:00:00,Yellow card,away,Joel Ward,56,0
https://www.xscores.com/soccer/match/newcastle-vs-crystal-palace/03-09-2022/1205888,Newcastle,Crystal Palace,2022-09-03T15:00:00,Yellow card,home,Ryan Fraser,67,0
https://www.xscores.com/soccer/match/newcastle-vs-crystal-palace/03-09-2022/1205888,Newcastle,Crystal Palace,2022-09-03T15:00:00,Yellow card,away,Cheick Oumar Doucoure,90,6
https://www.xscores.com/soccer/match/nottingham-forest-vs-bournemouth/03-09-2022/1205889,Nottingham Forest,Bournemouth,2022-09-03T15:00:00,Yellow card,away,Neto,45,2
https://www.xscores.com/soccer/match/nottingham-forest-vs-bournemouth/03-09-2022/1205889,Nottingham Forest,Bournemouth,2022-09-03T15:00:00,Yellow card,home,Scott McKenna,45,4
https://www.xscores.com/soccer/match/nottingham-forest-vs-bournemouth/03-09-2022/1205889,Nottingham Forest,Bournemouth,2022-09-03T15:00:00,Yellow card,home,Renan Lodi,76,0
https://www.xscores.com/soccer/match/tottenham-vs-fulham/03-09-2022/1205890,Tottenham,Fulham,2022-09-03T15:00:00,Yellow card,home,Cristian Romero,27,0
https://www.xscores.com/soccer/match/tottenham-vs-fulham/03-09-2022/1205890,Tottenham,Fulham,2022-09-03T15:00:00,Yellow card,away,Kenny Tete,36,0
https://www.xscores.com/soccer/match/tottenham-vs-fulham/03-09-2022/1205890,Tottenham,Fulham,2022-09-03T15:00:00,Yellow card,away,Bobby Reid,55,0
https://www.xscores.com/soccer/match/tottenham-vs-fulham/03-09-2022/1205890,Tottenham,Fulham,2022-09-03T15:00:00,Yellow card,away,Joao Palhinha,63,0
https://www.xscores.com/soccer/match/tottenham-vs-fulham/03-09-2022/1205890,Tottenham,Fulham,2022-09-03T15:00:00,Yellow card,home,Rodrigo Bentancur,69,0
https://www.xscores.com/soccer/match/tottenham-vs-fulham/03-09-2022/1205890,Tottenham,Fulham,2022-09-03T15:00:00,Yellow card,away,Aleksandar Mitrovic,86,0
https://www.xscores.com/soccer/match/tottenham-vs-fulham/03-09-2022/1205890,Tottenham,Fulham,2022-09-03T15:00:00,Yellow card,home,Richarlison,90,1
https://www.xscores.com/soccer/match/wolverhampton-vs-southampton/03-09-2022/1205891,Wolverhampton,Southampton,2022-09-03T15:00:00,Yellow card,home,Jonny,27,0
https://www.xscores.com/soccer/match/wolverhampton-vs-southampton/03-09-2022/1205891,Wolverhampton,Southampton,2022-09-03T15:00:00,Yellow card,away,Ibrahima Diallo,45,0
https://www.xscores.com/soccer/match/wolverhampton-vs-southampton/03-09-2022/1205891,Wolverhampton,Southampton,2022-09-03T15:00:00,Yellow card,home,Joao Moutinho,76,0
https://www.xscores.com/soccer/match/wolverhampton-vs-southampton/03-09-2022/1205891,Wolverhampton,Southampton,2022-09-03T15:00:00,Yellow card,home,Ruben Neves,81,0
https://www.xscores.com/soccer/match/wolverhampton-vs-southampton/03-09-2022/1205891,Wolverhampton,Southampton,2022-09-03T15:00:00,Yellow card,home,Goncalo Guedes,90,4
https://www.xscores.com/soccer/match/wolverhampton-vs-southampton/03-09-2022/1205891,Wolverhampton,Southampton,2022-09-03T15:00:00,Yellow card,away,Armel Bella-Kotchap,90,5
https://www.xscores.com/soccer/match/aston-villa-vs-manchester-city/03-09-2022/1205879,Aston Villa,Manchester City,2022-09-03T17:30:00,Yellow card,home,Matty Cash,26,0
https://www.xscores.com/soccer/match/aston-villa-vs-manchester-city/03-09-2022/1205879,Aston Villa,Manchester City,2022-09-03T17:30:00,Yellow card,home,Lucas Digne,71,0
https://www.xscores.com/soccer/match/brighton-vs-leicester/04-09-2022/1205887,Brighton,Leicester,2022-09-04T14:00:00,Yellow card,away,Luke Thomas,3,0
https://www.xscores.com/soccer/match/brighton-vs-leicester/04-09-2022/1205887,Brighton,Leicester,2022-09-04T14:00:00,Yellow card,home,Alexis Mac Allister,12,0
https://www.xscores.com/soccer/match/manchester-united-vs-arsenal/04-09-2022/1205893,Manchester United,Arsenal,2022-09-04T16:30:00,Yellow card,away,William Saliba,24,0
https://www.xscores.com/soccer/match/manchester-united-vs-arsenal/04-09-2022/1205893,Manchester United,Arsenal,2022-09-04T16:30:00,Yellow card,home,Scott McTominay,71,0
https://www.xscores.com/soccer/match/manchester-united-vs-arsenal/04-09-2022/1205893,Manchester United,Arsenal,2022-09-04T16:30:00,Yellow card,away,Gabriel Jesus,77,0
https://www.xscores.com/soccer/match/manchester-united-vs-arsenal/04-09-2022/1205893,Manchester United,Arsenal,2022-09-04T16:30:00,Yellow card,home,Harry Maguire,81,0
https://www.xscores.com/soccer/match/manchester-united-vs-arsenal/04-09-2022/1205893,Manchester United,Arsenal,2022-09-04T16:30:00,Yellow card,away,Bukayo Saka,87,0
https://www.xscores.com/soccer/match/manchester-united-vs-arsenal/04-09-2022/1205893,Manchester United,Arsenal,2022-09-04T16:30:00,Yellow card,home,Christian Eriksen,90,4
https://www.xscores.com/soccer/match/fulham-vs-chelsea/12-01-2023/1205906,Fulham,Chelsea,2023-01-12T20:00:00,Yellow card,home,Antonee Robinson,9,0
https://www.xscores.com/soccer/match/fulham-vs-chelsea/12-01-2023/1205906,Fulham,Chelsea,2023-01-12T20:00:00,Yellow card,home,Andreas Pereira,14,0
https://www.xscores.com/soccer/match/fulham-vs-chelsea/12-01-2023/1205906,Fulham,Chelsea,2023-01-12T20:00:00,Yellow card,away,Trevoh Chalobah,36,0
https://www.xscores.com/soccer/match/fulham-vs-chelsea/12-01-2023/1205906,Fulham,Chelsea,2023-01-12T20:00:00,Red card,away,Joao Felix,58,0
https://www.xscores.com/soccer/match/fulham-vs-chelsea/12-01-2023/1205906,Fulham,Chelsea,2023-01-12T20:00:00,Yellow card,away,Lewis Hall,62,0
https://www.xscores.com/soccer/match/fulham-vs-chelsea/12-01-2023/1205906,Fulham,Chelsea,2023-01-12T20:00:00,Yellow card,away,Mason Mount,76,0
https://www.xscores.com/soccer/match/fulham-vs-chelsea/12-01-2023/1205906,Fulham,Chelsea,2023-01-12T20:00:00,Yellow card,home,Tosin Adarabioyo,84,0
https://www.xscores.com/soccer/match/fulham-vs-chelsea/12-01-2023/1205906,Fulham,Chelsea,2023-01-12T20:00:00,Yellow card,home,Bernd Leno,90,7
https://www.xscores.com/soccer/match/crystal-palace-vs-manchester-united/18-01-2023/1205905,Crystal Palace,Manchester United,2023-01-18T20:00:00,Yellow card,away,Lisandro Martinez,47,0
https://www.xscores.com/soccer/match/crystal-palace-vs-manchester-united/18-01-2023/1205905,Crystal Palace,Manchester United,2023-01-18T20:00:00,Yellow card,home,Will Hughes,77,0
https://www.xscores.com/soccer/match/crystal-palace-vs-manchester-united/18-01-2023/1205905,Crystal Palace,Manchester United,2023-01-18T20:00:00,Yellow card,away,Casemiro,80,0
https://www.xscores.com/soccer/match/manchester-city-vs-tottenham/19-01-2023/1205903,Manchester City,Tottenham,2023-01-19T20:00:00,Yellow card,home,Riyad Mahrez,21,0
https://www.xscores.com/soccer/match/manchester-city-vs-tottenham/19-01-2023/1205903,Manchester City,Tottenham,2023-01-19T20:00:00,Yellow card,away,Cristian Romero,23,0
https://www.xscores.com/soccer/match/manchester-city-vs-tottenham/19-01-2023/1205903,Manchester City,Tottenham,2023-01-19T20:00:00,Yellow card,away,Pierre-Emile Hoejbjerg,31,0
https://www.xscores.com/soccer/match/arsenal-vs-everton/01-03-2023/1205892,Arsenal,Everton,2023-03-01T19:45:00,Yellow card,away,James Tarkowski,51,0
https://www.xscores.com/soccer/match/arsenal-vs-everton/01-03-2023/1205892,Arsenal,Everton,2023-03-01T19:45:00,Yellow card,away,Ben Godfrey,66,0
https://www.xscores.com/soccer/match/liverpool-vs-wolverhampton/01-03-2023/1205909,Liverpool,Wolverhampton,2023-03-01T20:00:00,Yellow card,home,Stefan Bajcetic,15,0
https://www.xscores.com/soccer/match/liverpool-vs-wolverhampton/01-03-2023/1205909,Liverpool,Wolverhampton,2023-03-01T20:00:00,Yellow card,away,Nelson Semedo,36,0
https://www.xscores.com/soccer/match/liverpool-vs-wolverhampton/01-03-2023/1205909,Liverpool,Wolverhampton,2023-03-01T20:00:00,Yellow card,away,Pablo Sarabia,45,4
https://www.xscores.com/soccer/match/liverpool-vs-wolverhampton/01-03-2023/1205909,Liverpool,Wolverhampton,2023-03-01T20:00:00,Yellow card,home,Fabinho,53,0
https://www.xscores.com/soccer/match/liverpool-vs-wolverhampton/01-03-2023/1205909,Liverpool,Wolverhampton,2023-03-01T20:00:00,Yellow card,away,Ruben Neves,68,0
https://www.xscores.com/soccer/match/southampton-vs-brentford/15-03-2023/1205902,Southampton,Brentford,2023-03-15T19:30:00,Yellow card,away,Aaron Hickey,79,0
https://www.xscores.com/soccer/match/southampton-vs-brentford/15-03-2023/1205902,Southampton,Brentford,2023-03-15T19:30:00,Yellow card,away,Ivan Toney,90,3
https://www.xscores.com/soccer/match/southampton-vs-brentford/15-03-2023/1205902,Southampton,Brentford,2023-03-15T19:30:00,Yellow card,home,Jan Bednarek,90,3
https://www.xscores.com/soccer/match/bournemouth-vs-brighton/04-04-2023/1205904,Bournemouth,Brighton,2023-04-04T19:45:00,Yellow card,away,Jason Steele,60,0
https://www.xscores.com/soccer/match/bournemouth-vs-brighton/04-04-2023/1205904,Bournemouth,Brighton,2023-04-04T19:45:00,Yellow card,home,Lewis Cook,90,5
https://www.xscores.com/soccer/match/leeds-vs-nottingham-forest/04-04-2023/1205907,Leeds,Nottingham Forest,2023-04-04T19:45:00,Yellow card,away,Neco Williams,8,0
https://www.xscores.com/soccer/match/leeds-vs-nottingham-forest/04-04-2023/1205907,Leeds,Nottingham Forest,2023-04-04T19:45:00,Yellow card,away,Brennan Johnson,65,0
https://www.xscores.com/soccer/match/leeds-vs-nottingham-forest/04-04-2023/1205907,Leeds,Nottingham Forest,2023-04-04T19:45:00,Yellow card,away,Felipe,84,0
https://www.xscores.com/soccer/match/leeds-vs-nottingham-forest/04-04-2023/1205907,Leeds,Nottingham Forest,2023-04-04T19:45:00,Yellow card,away,Cheikhou Kouyate,89,0
https://www.xscores.com/soccer/match/leeds-vs-nottingham-forest/04-04-2023/1205907,Leeds,Nottingham Forest,2023-04-04T19:45:00,Yellow card,home,Crysencio Summerville,90,1
https://www.xscores.com/soccer/match/leicester-vs-aston-villa/04-04-2023/1205908,Leicester,Aston Villa,2023-04-04T19:45:00,Yellow card,home,Timothy Castagne,54,0
https://www.xscores.com/soccer/match/leicester-vs-aston-villa/04-04-2023/1205908,Leicester,Aston Villa,2023-04-04T19:45:00,Yellow card,home,Kiernan Dewsbury-Hall,64,0
https://www.xscores.com/soccer/match/leicester-vs-aston-villa/04-04-2023/1205908,Leicester,Aston Villa,2023-04-04T19:45:00,Yellow card 2,home,Kiernan Dewsbury-Hall,70,0
https://www.xscores.com/soccer/match/leicester-vs-aston-villa/04-04-2023/1205908,Leicester,Aston Villa,2023-04-04T19:45:00,Yellow card,home,Wout Faes,89,0
https://www.xscores.com/soccer/match/west-ham-vs-newcastle/05-04-2023/1205896,West Ham,Newcastle,2023-04-05T20:00:00,Yellow card,home,Emerson,42,0
https://www.xscores.com/soccer/match/west-ham-vs-newcastle/05-04-2023/1205896,West Ham,Newcastle,2023-04-05T20:00:00,Yellow card,away,Joelinton,52,0
https://www.xscores.com/soccer/match/west-ham-vs-newcastle/05-04-2023/1205896,West Ham,Newcastle,2023-04-05T20:00:00,Yellow card,home,Flynn Downes,88,0
https://www.xscores.com/soccer/match/aston-villa-vs-southampton/16-09-2022/1205897,Aston Villa,Southampton,2022-09-16T20:00:00,Yellow card,home,Philippe Coutinho,45,4
https://www.xscores.com/soccer/match/aston-villa-vs-southampton/16-09-2022/1205897,Aston Villa,Southampton,2022-09-16T20:00:00,Yellow card,home,Jacob Ramsey,58,0
https://www.xscores.com/soccer/match/aston-villa-vs-southampton/16-09-2022/1205897,Aston Villa,Southampton,2022-09-16T20:00:00,Yellow card,away,James Ward-Prowse,82,0
https://www.xscores.com/soccer/match/aston-villa-vs-southampton/16-09-2022/1205897,Aston Villa,Southampton,2022-09-16T20:00:00,Yellow card,home,Ashley Young,90,1
https://www.xscores.com/soccer/match/nottingham-forest-vs-fulham/16-09-2022/1205916,Nottingham Forest,Fulham,2022-09-16T20:00:00,Yellow card,home,Steve Cook,27,0
https://www.xscores.com/soccer/match/nottingham-forest-vs-fulham/16-09-2022/1205916,Nottingham Forest,Fulham,2022-09-16T20:00:00,Yellow card,home,Willy Boly,34,0
https://www.xscores.com/soccer/match/nottingham-forest-vs-fulham/16-09-2022/1205916,Nottingham Forest,Fulham,2022-09-16T20:00:00,Yellow card,away,Issa Diop,40,0
https://www.xscores.com/soccer/match/nottingham-forest-vs-fulham/16-09-2022/1205916,Nottingham Forest,Fulham,2022-09-16T20:00:00,Yellow card,away,Joao Palhinha,58,0
https://www.xscores.com/soccer/match/nottingham-forest-vs-fulham/16-09-2022/1205916,Nottingham Forest,Fulham,2022-09-16T20:00:00,Yellow card,away,Kenny Tete,63,0
https://www.xscores.com/soccer/match/nottingham-forest-vs-fulham/16-09-2022/1205916,Nottingham Forest,Fulham,2022-09-16T20:00:00,Yellow card,away,Andreas Pereira,78,0
https://www.xscores.com/soccer/match/wolverhampton-vs-manchester-city/17-09-2022/1205914,Wolverhampton,Manchester City,2022-09-17T12:30:00,Yellow card,away,Rodri,13,0
https://www.xscores.com/soccer/match/wolverhampton-vs-manchester-city/17-09-2022/1205914,Wolverhampton,Manchester City,2022-09-17T12:30:00,Red card,home,Nathan Collins,33,0
https://www.xscores.com/soccer/match/wolverhampton-vs-manchester-city/17-09-2022/1205914,Wolverhampton,Manchester City,2022-09-17T12:30:00,Yellow card,home,Matheus Nunes,65,0
https://www.xscores.com/soccer/match/wolverhampton-vs-manchester-city/17-09-2022/1205914,Wolverhampton,Manchester City,2022-09-17T12:30:00,Yellow card,home,Ruben Neves,66,0
https://www.xscores.com/soccer/match/newcastle-vs-bournemouth/17-09-2022/1205917,Newcastle,Bournemouth,2022-09-17T15:00:00,Yellow card,away,Ryan Christie,34,0
https://www.xscores.com/soccer/match/newcastle-vs-bournemouth/17-09-2022/1205917,Newcastle,Bournemouth,2022-09-17T15:00:00,Yellow card,away,Marcus Tavernier,45,3
https://www.xscores.com/soccer/match/newcastle-vs-bournemouth/17-09-2022/1205917,Newcastle,Bournemouth,2022-09-17T15:00:00,Yellow card,home,Joelinton,69,0
https://www.xscores.com/soccer/match/newcastle-vs-bournemouth/17-09-2022/1205917,Newcastle,Bournemouth,2022-09-17T15:00:00,Yellow card,home,Daniel Burn,90,7
https://www.xscores.com/soccer/match/tottenham-vs-leicester/17-09-2022/1205915,Tottenham,Leicester,2022-09-17T17:30:00,Yellow card,away,Wilfred Ndidi,49,0
https://www.xscores.com/soccer/match/tottenham-vs-leicester/17-09-2022/1205915,Tottenham,Leicester,2022-09-17T17:30:00,Yellow card,away,Patson Daka,60,0
https://www.xscores.com/soccer/match/tottenham-vs-leicester/17-09-2022/1205915,Tottenham,Leicester,2022-09-17T17:30:00,Yellow card,home,Ivan Perisic,73,0
https://www.xscores.com/soccer/match/brentford-vs-arsenal/18-09-2022/1205898,Brentford,Arsenal,2022-09-18T12:00:00,Yellow card,away,Granit Xhaka,58,0
https://www.xscores.com/soccer/match/brentford-vs-arsenal/18-09-2022/1205898,Brentford,Arsenal,2022-09-18T12:00:00,Yellow card,away,Gabriel Jesus,90,0
https://www.xscores.com/soccer/match/everton-vs-west-ham/18-09-2022/1205901,Everton,West Ham,2022-09-18T14:15:00,Yellow card,home,Conor Coady,28,0
https://www.xscores.com/soccer/match/everton-vs-west-ham/18-09-2022/1205901,Everton,West Ham,2022-09-18T14:15:00,Yellow card,home,Anthony Gordon,62,0
https://www.xscores.com/soccer/match/everton-vs-west-ham/18-09-2022/1205901,Everton,West Ham,2022-09-18T14:15:00,Yellow card,home,Dwight McNeil,90,4
https://www.xscores.com/soccer/match/everton-vs-west-ham/18-09-2022/1205901,Everton,West Ham,2022-09-18T14:15:00,Yellow card,away,Gianluca Scamacca,90,5
https://www.xscores.com/soccer/match/manchester-united-vs-leeds/08-02-2023/1205918,Manchester United,Leeds,2023-02-08T20:00:00,Yellow card,away,Weston McKennie,53,0
https://www.xscores.com/soccer/match/manchester-united-vs-leeds/08-02-2023/1205918,Manchester United,Leeds,2023-02-08T20:00:00,Yellow card,away,Tyler Adams,56,0
https://www.xscores.com/soccer/match/manchester-united-vs-leeds/08-02-2023/1205918,Manchester United,Leeds,2023-02-08T20:00:00,Yellow card,away,Junior Firpo,77,0
https://www.xscores.com/soccer/match/manchester-united-vs-leeds/08-02-2023/1205918,Manchester United,Leeds,2023-02-08T20:00:00,Yellow card,home,Marcel Sabitzer,80,0
https://www.xscores.com/soccer/match/brighton-vs-crystal-palace/15-03-2023/1205899,Brighton,Crystal Palace,2023-03-15T19:30:00,Yellow card,away,Cheick Oumar Doucoure,27,0
https://www.xscores.com/soccer/match/brighton-vs-crystal-palace/15-03-2023/1205899,Brighton,Crystal Palace,2023-03-15T19:30:00,Yellow card,home,Moises Caicedo,60,0
https://www.xscores.com/soccer/match/brighton-vs-crystal-palace/15-03-2023/1205899,Brighton,Crystal Palace,2023-03-15T19:30:00,Yellow card,away,Jordan Ayew,90,4
https://www.xscores.com/soccer/match/chelsea-vs-liverpool/04-04-2023/1205900,Chelsea,Liverpool,2023-04-04T20:00:00,Yellow card,away,Joel Matip,46,0
https://www.xscores.com/soccer/match/chelsea-vs-liverpool/04-04-2023/1205900,Chelsea,Liverpool,2023-04-04T20:00:00,Yellow card,away,Konstantinos Tsimikas,56,0
https://www.xscores.com/soccer/match/chelsea-vs-liverpool/04-04-2023/1205900,Chelsea,Liverpool,2023-04-04T20:00:00,Yellow card,away,Curtis Jones,61,0
https://www.xscores.com/soccer/match/chelsea-vs-liverpool/04-04-2023/1205900,Chelsea,Liverpool,2023-04-04T20:00:00,Yellow card,home,Mateo Kovacic,68,0
https://www.xscores.com/soccer/match/chelsea-vs-liverpool/04-04-2023/1205900,Chelsea,Liverpool,2023-04-04T20:00:00,Yellow card,away,Fabinho,74,0
https://www.xscores.com/soccer/match/arsenal-vs-tottenham/01-10-2022/1205913,Arsenal,Tottenham,2022-10-01T12:30:00,Red card,away,Emerson Royal,62,0
https://www.xscores.com/soccer/match/arsenal-vs-tottenham/01-10-2022/1205913,Arsenal,Tottenham,2022-10-01T12:30:00,Yellow card,home,William Saliba,78,0
https://www.xscores.com/soccer/match/arsenal-vs-tottenham/01-10-2022/1205913,Arsenal,Tottenham,2022-10-01T12:30:00,Yellow card,home,Gabriel Martinelli,85,0
https://www.xscores.com/soccer/match/arsenal-vs-tottenham/01-10-2022/1205913,Arsenal,Tottenham,2022-10-01T12:30:00,Yellow card,away,Eric Dier,90,3
https://www.xscores.com/soccer/match/bournemouth-vs-brentford/01-10-2022/1205912,Bournemouth,Brentford,2022-10-01T15:00:00,Yellow card,away,Ivan Toney,45,2
https://www.xscores.com/soccer/match/bournemouth-vs-brentford/01-10-2022/1205912,Bournemouth,Brentford,2022-10-01T15:00:00,Yellow card,away,Aaron Hickey,67,0
https://www.xscores.com/soccer/match/bournemouth-vs-brentford/01-10-2022/1205912,Bournemouth,Brentford,2022-10-01T15:00:00,Yellow card,home,Jefferson Lerma,75,0
https://www.xscores.com/soccer/match/crystal-palace-vs-chelsea/01-10-2022/1205911,Crystal Palace,Chelsea,2022-10-01T15:00:00,Yellow card,home,Odsonne Edouard,22,0
https://www.xscores.com/soccer/match/crystal-palace-vs-chelsea/01-10-2022/1205911,Crystal Palace,Chelsea,2022-10-01T15:00:00,Yellow card,away,Thiago Silva,33,0
https://www.xscores.com/soccer/match/crystal-palace-vs-chelsea/01-10-2022/1205911,Crystal Palace,Chelsea,2022-10-01T15:00:00,Yellow card,away,Mason Mount,52,0
https://www.xscores.com/soccer/match/crystal-palace-vs-chelsea/01-10-2022/1205911,Crystal Palace,Chelsea,2022-10-01T15:00:00,Yellow card,away,Mateo Kovacic,88,0
https://www.xscores.com/soccer/match/fulham-vs-newcastle/01-10-2022/1205910,Fulham,Newcastle,2022-10-01T15:00:00,Red card,home,Nathaniel Chalobah,8,0
https://www.xscores.com/soccer/match/fulham-vs-newcastle/01-10-2022/1205910,Fulham,Newcastle,2022-10-01T15:00:00,Yellow card,home,Aleksandar Mitrovic,12,0
https://www.xscores.com/soccer/match/fulham-vs-newcastle/01-10-2022/1205910,Fulham,Newcastle,2022-10-01T15:00:00,Yellow card,home,Harrison Reed,54,0
https://www.xscores.com/soccer/match/liverpool-vs-brighton/01-10-2022/1205962,Liverpool,Brighton,2022-10-01T15:00:00,Yellow card,away,Pervis Estupinan,29,0
https://www.xscores.com/soccer/match/liverpool-vs-brighton/01-10-2022/1205962,Liverpool,Brighton,2022-10-01T15:00:00,Yellow card,home,Trent Alexander-Arnold,86,0
https://www.xscores.com/soccer/match/southampton-vs-everton/01-10-2022/1205920,Southampton,Everton,2022-10-01T15:00:00,Yellow card,home,Ainsley Maitland-Niles,7,0
https://www.xscores.com/soccer/match/southampton-vs-everton/01-10-2022/1205920,Southampton,Everton,2022-10-01T15:00:00,Yellow card,away,Idrissa Gana Gueye,83,0
https://www.xscores.com/soccer/match/southampton-vs-everton/01-10-2022/1205920,Southampton,Everton,2022-10-01T15:00:00,Yellow card,home,Stuart Armstrong,85,0
https://www.xscores.com/soccer/match/southampton-vs-everton/01-10-2022/1205920,Southampton,Everton,2022-10-01T15:00:00,Yellow card,away,Jordan Pickford,90,5
https://www.xscores.com/soccer/match/west-ham-vs-wolverhampton/01-10-2022/1205926,West Ham,Wolverhampton,2022-10-01T17:30:00,Yellow card,away,Ruben Neves,14,0
https://www.xscores.com/soccer/match/west-ham-vs-wolverhampton/01-10-2022/1205926,West Ham,Wolverhampton,2022-10-01T17:30:00,Yellow card,away,Joao Moutinho,22,0
https://www.xscores.com/soccer/match/west-ham-vs-wolverhampton/01-10-2022/1205926,West Ham,Wolverhampton,2022-10-01T17:30:00,Yellow card,home,Declan Rice,52,0
https://www.xscores.com/soccer/match/west-ham-vs-wolverhampton/01-10-2022/1205926,West Ham,Wolverhampton,2022-10-01T17:30:00,Yellow card,home,Aaron Cresswell,83,0
https://www.xscores.com/soccer/match/manchester-city-vs-manchester-united/02-10-2022/1205964,Manchester City,Manchester United,2022-10-02T14:00:00,Yellow card,away,Diogo Dalot,2,0
https://www.xscores.com/soccer/match/manchester-city-vs-manchester-united/02-10-2022/1205964,Manchester City,Manchester United,2022-10-02T14:00:00,Yellow card,away,Tyrell Malacia,23,0
https://www.xscores.com/soccer/match/manchester-city-vs-manchester-united/02-10-2022/1205964,Manchester City,Manchester United,2022-10-02T14:00:00,Yellow card,away,Bruno Fernandes,80,0
https://www.xscores.com/soccer/match/leeds-vs-aston-villa/02-10-2022/1205919,Leeds,Aston Villa,2022-10-02T16:30:00,Yellow card,away,Ludwig Augustinsson,6,0
https://www.xscores.com/soccer/match/leeds-vs-aston-villa/02-10-2022/1205919,Leeds,Aston Villa,2022-10-02T16:30:00,Yellow card,home,Luis Sinisterra,26,0
https://www.xscores.com/soccer/match/leeds-vs-aston-villa/02-10-2022/1205919,Leeds,Aston Villa,2022-10-02T16:30:00,Yellow card,home,Marc Roca,35,0
https://www.xscores.com/soccer/match/leeds-vs-aston-villa/02-10-2022/1205919,Leeds,Aston Villa,2022-10-02T16:30:00,Yellow card,home,Rodrigo,39,0
https://www.xscores.com/soccer/match/leeds-vs-aston-villa/02-10-2022/1205919,Leeds,Aston Villa,2022-10-02T16:30:00,Yellow card 2,home,Luis Sinisterra,48,0
https://www.xscores.com/soccer/match/leeds-vs-aston-villa/02-10-2022/1205919,Leeds,Aston Villa,2022-10-02T16:30:00,Yellow card,away,Leon Bailey,64,0
https://www.xscores.com/soccer/match/leeds-vs-aston-villa/02-10-2022/1205919,Leeds,Aston Villa,2022-10-02T16:30:00,Yellow card,home,Robin Koch,83,0
https://www.xscores.com/soccer/match/leicester-vs-nottingham-forest/03-10-2022/1205960,Leicester,Nottingham Forest,2022-10-03T20:00:00,Yellow card,away,Neco Williams,18,0
https://www.xscores.com/soccer/match/leicester-vs-nottingham-forest/03-10-2022/1205960,Leicester,Nottingham Forest,2022-10-03T20:00:00,Yellow card,away,Cheikhou Kouyate,33,0
https://www.xscores.com/soccer/match/leicester-vs-nottingham-forest/03-10-2022/1205960,Leicester,Nottingham Forest,2022-10-03T20:00:00,Yellow card,away,Jesse Lingard,64,0
https://www.xscores.com/soccer/match/leicester-vs-nottingham-forest/03-10-2022/1205960,Leicester,Nottingham Forest,2022-10-03T20:00:00,Yellow card,home,Boubakary Soumare,71,0
https://www.xscores.com/soccer/match/leicester-vs-nottingham-forest/03-10-2022/1205960,Leicester,Nottingham Forest,2022-10-03T20:00:00,Yellow card,home,James Maddison,83,0
https://www.xscores.com/soccer/match/leicester-vs-nottingham-forest/03-10-2022/1205960,Leicester,Nottingham Forest,2022-10-03T20:00:00,Yellow card,away,Steve Cook,90,2
https://www.xscores.com/soccer/match/bournemouth-vs-leicester/08-10-2022/1205924,Bournemouth,Leicester,2022-10-08T15:00:00,Yellow card,home,Ryan Fredericks,40,0
https://www.xscores.com/soccer/match/bournemouth-vs-leicester/08-10-2022/1205924,Bournemouth,Leicester,2022-10-08T15:00:00,Yellow card,away,Boubakary Soumare,59,0
https://www.xscores.com/soccer/match/bournemouth-vs-leicester/08-10-2022/1205924,Bournemouth,Leicester,2022-10-08T15:00:00,Yellow card,away,James Maddison,88,0
https://www.xscores.com/soccer/match/chelsea-vs-wolverhampton/08-10-2022/1205922,Chelsea,Wolverhampton,2022-10-08T15:00:00,Yellow card,home,Cesar Azpilicueta,22,0
https://www.xscores.com/soccer/match/chelsea-vs-wolverhampton/08-10-2022/1205922,Chelsea,Wolverhampton,2022-10-08T15:00:00,Yellow card,home,Jorginho,61,0
https://www.xscores.com/soccer/match/manchester-city-vs-southampton/08-10-2022/1205936,Manchester City,Southampton,2022-10-08T15:00:00,Yellow card,away,Kyle Walker-Peters,20,0
https://www.xscores.com/soccer/match/newcastle-vs-brentford/08-10-2022/1205935,Newcastle,Brentford,2022-10-08T15:00:00,Yellow card,away,Ivan Toney,45,1
https://www.xscores.com/soccer/match/brighton-vs-tottenham/08-10-2022/1205923,Brighton,Tottenham,2022-10-08T17:30:00,Yellow card,away,Harry Kane,18,0
https://www.xscores.com/soccer/match/brighton-vs-tottenham/08-10-2022/1205923,Brighton,Tottenham,2022-10-08T17:30:00,Yellow card,away,Yves Bissouma,31,0
https://www.xscores.com/soccer/match/brighton-vs-tottenham/08-10-2022/1205923,Brighton,Tottenham,2022-10-08T17:30:00,Yellow card,home,Joel Veltman,49,0
https://www.xscores.com/soccer/match/crystal-palace-vs-leeds/09-10-2022/1205921,Crystal Palace,Leeds,2022-10-09T14:00:00,Yellow card,home,Cheick Oumar Doucoure,14,0
https://www.xscores.com/soccer/match/crystal-palace-vs-leeds/09-10-2022/1205921,Crystal Palace,Leeds,2022-10-09T14:00:00,Yellow card,home,Marc Guehi,38,0
https://www.xscores.com/soccer/match/crystal-palace-vs-leeds/09-10-2022/1205921,Crystal Palace,Leeds,2022-10-09T14:00:00,Yellow card,away,Pascal Struijk,50,0
https://www.xscores.com/soccer/match/crystal-palace-vs-leeds/09-10-2022/1205921,Crystal Palace,Leeds,2022-10-09T14:00:00,Yellow card,away,Rasmus Nissen,79,0
https://www.xscores.com/soccer/match/crystal-palace-vs-leeds/09-10-2022/1205921,Crystal Palace,Leeds,2022-10-09T14:00:00,Yellow card,home,Michael Olise,82,0
https://www.xscores.com/soccer/match/crystal-palace-vs-leeds/09-10-2022/1205921,Crystal Palace,Leeds,2022-10-09T14:00:00,Yellow card,away,Robin Koch,90,6
https://www.xscores.com/soccer/match/west-ham-vs-fulham/09-10-2022/1205933,West Ham,Fulham,2022-10-09T14:00:00,Yellow card,away,Andreas Pereira,27,0
https://www.xscores.com/soccer/match/west-ham-vs-fulham/09-10-2022/1205933,West Ham,Fulham,2022-10-09T14:00:00,Yellow card,away,Harrison Reed,58,0
https://www.xscores.com/soccer/match/west-ham-vs-fulham/09-10-2022/1205933,West Ham,Fulham,2022-10-09T14:00:00,Yellow card,away,Vinicius,66,0
https://www.xscores.com/soccer/match/west-ham-vs-fulham/09-10-2022/1205933,West Ham,Fulham,2022-10-09T14:00:00,Yellow card,home,Thilo Kehrer,83,0
https://www.xscores.com/soccer/match/arsenal-vs-liverpool/09-10-2022/1205925,Arsenal,Liverpool,2022-10-09T16:30:00,Yellow card,away,Luis Diaz,6,0
https://www.xscores.com/soccer/match/arsenal-vs-liverpool/09-10-2022/1205925,Arsenal,Liverpool,2022-10-09T16:30:00,Yellow card,home,Martin Oedegaard,45,4
https://www.xscores.com/soccer/match/arsenal-vs-liverpool/09-10-2022/1205925,Arsenal,Liverpool,2022-10-09T16:30:00,Yellow card,away,Joseph Gomez,71,0
https://www.xscores.com/soccer/match/everton-vs-manchester-united/09-10-2022/1205937,Everton,Manchester United,2022-10-09T19:00:00,Yellow card,home,Amadou Onana,51,0
https://www.xscores.com/soccer/match/everton-vs-manchester-united/09-10-2022/1205937,Everton,Manchester United,2022-10-09T19:00:00,Yellow card,home,Anthony Gordon,63,0
https://www.xscores.com/soccer/match/everton-vs-manchester-united/09-10-2022/1205937,Everton,Manchester United,2022-10-09T19:00:00,Yellow card,away,Scott McTominay,85,0
https://www.xscores.com/soccer/match/nottingham-forest-vs-aston-villa/10-10-2022/1205934,Nottingham Forest,Aston Villa,2022-10-10T20:00:00,Yellow card,home,Serge Aurier,18,0
https://www.xscores.com/soccer/match/nottingham-forest-vs-aston-villa/10-10-2022/1205934,Nottingham Forest,Aston Villa,2022-10-10T20:00:00,Yellow card,home,Steve Cook,27,0
https://www.xscores.com/soccer/match/nottingham-forest-vs-aston-villa/10-10-2022/1205934,Nottingham Forest,Aston Villa,2022-10-10T20:00:00,Yellow card,away,Ezri Konsa,45,0
https://www.xscores.com/soccer/match/nottingham-forest-vs-aston-villa/10-10-2022/1205934,Nottingham Forest,Aston Villa,2022-10-10T20:00:00,Yellow card,away,John McGinn,50,0
https://www.xscores.com/soccer/match/nottingham-forest-vs-aston-villa/10-10-2022/1205934,Nottingham Forest,Aston Villa,2022-10-10T20:00:00,Yellow card,away,Jacob Ramsey,75,0
https://www.xscores.com/soccer/match/nottingham-forest-vs-aston-villa/10-10-2022/1205934,Nottingham Forest,Aston Villa,2022-10-10T20:00:00,Yellow card,home,Ryan Yates,82,0
https://www.xscores.com/soccer/match/brentford-vs-brighton/14-10-2022/1205931,Brentford,Brighton,2022-10-14T20:00:00,Yellow card,home,Thomas Frank,45,0
https://www.xscores.com/soccer/match/brentford-vs-brighton/14-10-2022/1205931,Brentford,Brighton,2022-10-14T20:00:00,Yellow card,home,Mathias Jensen,45,1
https://www.xscores.com/soccer/match/brentford-vs-brighton/14-10-2022/1205931,Brentford,Brighton,2022-10-14T20:00:00,Yellow card,away,Moises Caicedo,45,2
https://www.xscores.com/soccer/match/brentford-vs-brighton/14-10-2022/1205931,Brentford,Brighton,2022-10-14T20:00:00,Yellow card,home,Shandon Baptiste,90,2
https://www.xscores.com/soccer/match/brentford-vs-brighton/14-10-2022/1205931,Brentford,Brighton,2022-10-14T20:00:00,Yellow card,home,Ivan Toney,90,3
https://www.xscores.com/soccer/match/leicester-vs-crystal-palace/15-10-2022/1205928,Leicester,Crystal Palace,2022-10-15T12:30:00,Yellow card,away,Joachim Andersen,11,0
https://www.xscores.com/soccer/match/leicester-vs-crystal-palace/15-10-2022/1205928,Leicester,Crystal Palace,2022-10-15T12:30:00,Yellow card,away,Cheick Oumar Doucoure,45,1
https://www.xscores.com/soccer/match/leicester-vs-crystal-palace/15-10-2022/1205928,Leicester,Crystal Palace,2022-10-15T12:30:00,Yellow card,home,Jamie Vardy,81,0
https://www.xscores.com/soccer/match/leicester-vs-crystal-palace/15-10-2022/1205928,Leicester,Crystal Palace,2022-10-15T12:30:00,Yellow card,home,James Maddison,90,4
https://www.xscores.com/soccer/match/fulham-vs-bournemouth/15-10-2022/1205930,Fulham,Bournemouth,2022-10-15T15:00:00,Yellow card,home,Bobby Reid,38,0
https://www.xscores.com/soccer/match/fulham-vs-bournemouth/15-10-2022/1205930,Fulham,Bournemouth,2022-10-15T15:00:00,Yellow card,home,Tim Ream,54,0
https://www.xscores.com/soccer/match/wolverhampton-vs-nottingham-forest/15-10-2022/1205946,Wolverhampton,Nottingham Forest,2022-10-15T15:00:00,Yellow card,away,Emmanuel Dennis,16,0
https://www.xscores.com/soccer/match/wolverhampton-vs-nottingham-forest/15-10-2022/1205946,Wolverhampton,Nottingham Forest,2022-10-15T15:00:00,Yellow card,away,Scott McKenna,67,0
https://www.xscores.com/soccer/match/wolverhampton-vs-nottingham-forest/15-10-2022/1205946,Wolverhampton,Nottingham Forest,2022-10-15T15:00:00,Yellow card,home,Daniel Podence,80,0
https://www.xscores.com/soccer/match/wolverhampton-vs-nottingham-forest/15-10-2022/1205946,Wolverhampton,Nottingham Forest,2022-10-15T15:00:00,Yellow card,home,Joe Hodge,90,7
https://www.xscores.com/soccer/match/tottenham-vs-everton/15-10-2022/1205947,Tottenham,Everton,2022-10-15T17:30:00,Yellow card,away,Neal Maupay,12,0
https://www.xscores.com/soccer/match/tottenham-vs-everton/15-10-2022/1205947,Tottenham,Everton,2022-10-15T17:30:00,Yellow card,home,Rodrigo Bentancur,37,0
https://www.xscores.com/soccer/match/tottenham-vs-everton/15-10-2022/1205947,Tottenham,Everton,2022-10-15T17:30:00,Yellow card,away,Dwight McNeil,44,0
https://www.xscores.com/soccer/match/tottenham-vs-everton/15-10-2022/1205947,Tottenham,Everton,2022-10-15T17:30:00,Yellow card,away,Idrissa Gana Gueye,54,0
https://www.xscores.com/soccer/match/tottenham-vs-everton/15-10-2022/1205947,Tottenham,Everton,2022-10-15T17:30:00,Yellow card,away,Vitalii Mykolenko,81,0
https://www.xscores.com/soccer/match/aston-villa-vs-chelsea/16-10-2022/1205932,Aston Villa,Chelsea,2022-10-16T14:00:00,Yellow card,away,Ben Chilwell,33,0
https://www.xscores.com/soccer/match/aston-villa-vs-chelsea/16-10-2022/1205932,Aston Villa,Chelsea,2022-10-16T14:00:00,Yellow card,away,Kalidou Koulibaly,61,0
https://www.xscores.com/soccer/match/aston-villa-vs-chelsea/16-10-2022/1205932,Aston Villa,Chelsea,2022-10-16T14:00:00,Yellow card,away,Mason Mount,83,0
https://www.xscores.com/soccer/match/leeds-vs-arsenal/16-10-2022/1205929,Leeds,Arsenal,2022-10-16T14:00:00,Yellow card,away,William Saliba,62,0
https://www.xscores.com/soccer/match/leeds-vs-arsenal/16-10-2022/1205929,Leeds,Arsenal,2022-10-16T14:00:00,Yellow card,away,Gabriel,90,5
https://www.xscores.com/soccer/match/manchester-united-vs-newcastle/16-10-2022/1205949,Manchester United,Newcastle,2022-10-16T14:00:00,Yellow card,away,Daniel Burn,43,0
https://www.xscores.com/soccer/match/manchester-united-vs-newcastle/16-10-2022/1205949,Manchester United,Newcastle,2022-10-16T14:00:00,Yellow card,home,Cristiano Ronaldo,49,0
https://www.xscores.com/soccer/match/manchester-united-vs-newcastle/16-10-2022/1205949,Manchester United,Newcastle,2022-10-16T14:00:00,Yellow card,home,Bruno Fernandes,65,0
https://www.xscores.com/soccer/match/manchester-united-vs-newcastle/16-10-2022/1205949,Manchester United,Newcastle,2022-10-16T14:00:00,Yellow card,home,Casemiro,69,0
https://www.xscores.com/soccer/match/southampton-vs-west-ham/16-10-2022/1205948,Southampton,West Ham,2022-10-16T14:00:00,Yellow card,home,Kyle Walker-Peters,44,0
https://www.xscores.com/soccer/match/southampton-vs-west-ham/16-10-2022/1205948,Southampton,West Ham,2022-10-16T14:00:00,Yellow card,away,Vladimir Coufal,52,0
https://www.xscores.com/soccer/match/liverpool-vs-manchester-city/16-10-2022/1205927,Liverpool,Manchester City,2022-10-16T16:30:00,Yellow card,home,Fabinho,63,0
https://www.xscores.com/soccer/match/liverpool-vs-manchester-city/16-10-2022/1205927,Liverpool,Manchester City,2022-10-16T16:30:00,Yellow card,away,Manuel Akanji,78,0
https://www.xscores.com/soccer/match/liverpool-vs-manchester-city/16-10-2022/1205927,Liverpool,Manchester City,2022-10-16T16:30:00,Yellow card,home,Thiago Alcantara,84,0
https://www.xscores.com/soccer/match/liverpool-vs-manchester-city/16-10-2022/1205927,Liverpool,Manchester City,2022-10-16T16:30:00,Red card,home,Juergen Klopp,86,0
https://www.xscores.com/soccer/match/liverpool-vs-manchester-city/16-10-2022/1205927,Liverpool,Manchester City,2022-10-16T16:30:00,Yellow card,home,Diogo Jota,90,0
https://www.xscores.com/soccer/match/brighton-vs-nottingham-forest/18-10-2022/1205938,Brighton,Nottingham Forest,2022-10-18T19:30:00,Yellow card,home,Moises Caicedo,54,0
https://www.xscores.com/soccer/match/brighton-vs-nottingham-forest/18-10-2022/1205938,Brighton,Nottingham Forest,2022-10-18T19:30:00,Yellow card,home,Alexis Mac Allister,78,0
https://www.xscores.com/soccer/match/brighton-vs-nottingham-forest/18-10-2022/1205938,Brighton,Nottingham Forest,2022-10-18T19:30:00,Yellow card,away,Remo Freuler,84,0
https://www.xscores.com/soccer/match/brighton-vs-nottingham-forest/18-10-2022/1205938,Brighton,Nottingham Forest,2022-10-18T19:30:00,Yellow card,home,Tariq Lamptey,90,0
https://www.xscores.com/soccer/match/crystal-palace-vs-wolverhampton/18-10-2022/1205941,Crystal Palace,Wolverhampton,2022-10-18T20:15:00,Yellow card,away,Boubacar Traore,39,0
https://www.xscores.com/soccer/match/crystal-palace-vs-wolverhampton/18-10-2022/1205941,Crystal Palace,Wolverhampton,2022-10-18T20:15:00,Yellow card,home,Joel Ward,39,0
https://www.xscores.com/soccer/match/crystal-palace-vs-wolverhampton/18-10-2022/1205941,Crystal Palace,Wolverhampton,2022-10-18T20:15:00,Yellow card,home,Cheick Oumar Doucoure,45,4
https://www.xscores.com/soccer/match/crystal-palace-vs-wolverhampton/18-10-2022/1205941,Crystal Palace,Wolverhampton,2022-10-18T20:15:00,Yellow card,home,Marc Guehi,90,1
https://www.xscores.com/soccer/match/bournemouth-vs-southampton/19-10-2022/1205944,Bournemouth,Southampton,2022-10-19T19:30:00,Yellow card,away,Romain Perraud,15,0
https://www.xscores.com/soccer/match/bournemouth-vs-southampton/19-10-2022/1205944,Bournemouth,Southampton,2022-10-19T19:30:00,Yellow card,home,Chris Mepham,43,0
https://www.xscores.com/soccer/match/bournemouth-vs-southampton/19-10-2022/1205944,Bournemouth,Southampton,2022-10-19T19:30:00,Yellow card,away,Ainsley Maitland-Niles,43,0
https://www.xscores.com/soccer/match/bournemouth-vs-southampton/19-10-2022/1205944,Bournemouth,Southampton,2022-10-19T19:30:00,Yellow card,away,Stuart Armstrong,90,6
https://www.xscores.com/soccer/match/newcastle-vs-everton/19-10-2022/1205942,Newcastle,Everton,2022-10-19T19:30:00,Yellow card,away,Dominic Calvert-Lewin,7,0
https://www.xscores.com/soccer/match/newcastle-vs-everton/19-10-2022/1205942,Newcastle,Everton,2022-10-19T19:30:00,Yellow card,home,Joelinton,24,0
https://www.xscores.com/soccer/match/newcastle-vs-everton/19-10-2022/1205942,Newcastle,Everton,2022-10-19T19:30:00,Yellow card,away,Anthony Gordon,44,0
https://www.xscores.com/soccer/match/newcastle-vs-everton/19-10-2022/1205942,Newcastle,Everton,2022-10-19T19:30:00,Yellow card,home,Fabian Schaer,44,0
https://www.xscores.com/soccer/match/newcastle-vs-everton/19-10-2022/1205942,Newcastle,Everton,2022-10-19T19:30:00,Yellow card,away,Idrissa Gana Gueye,64,0
https://www.xscores.com/soccer/match/newcastle-vs-everton/19-10-2022/1205942,Newcastle,Everton,2022-10-19T19:30:00,Yellow card,away,James Tarkowski,89,0
https://www.xscores.com/soccer/match/manchester-united-vs-tottenham/19-10-2022/1205963,Manchester United,Tottenham,2022-10-19T20:15:00,Yellow card,home,Casemiro,52,0
https://www.xscores.com/soccer/match/fulham-vs-aston-villa/20-10-2022/1205939,Fulham,Aston Villa,2022-10-20T19:30:00,Yellow card,away,Leon Bailey,57,0
https://www.xscores.com/soccer/match/fulham-vs-aston-villa/20-10-2022/1205939,Fulham,Aston Villa,2022-10-20T19:30:00,Yellow card,away,Tyrone Mings,60,0
https://www.xscores.com/soccer/match/fulham-vs-aston-villa/20-10-2022/1205939,Fulham,Aston Villa,2022-10-20T19:30:00,Red card,away,Douglas Luiz,62,0
https://www.xscores.com/soccer/match/leicester-vs-leeds/20-10-2022/1205940,Leicester,Leeds,2022-10-20T20:15:00,Yellow card,away,Robin Koch,43,0
https://www.xscores.com/soccer/match/leicester-vs-leeds/20-10-2022/1205940,Leicester,Leeds,2022-10-20T20:15:00,Yellow card,home,Boubakary Soumare,52,0
https://www.xscores.com/soccer/match/leicester-vs-leeds/20-10-2022/1205940,Leicester,Leeds,2022-10-20T20:15:00,Yellow card,home,Youri Tielemans,78,0
https://www.xscores.com/soccer/match/arsenal-vs-manchester-city/15-02-2023/1205945,Arsenal,Manchester City,2023-02-15T19:30:00,Yellow card,away,Kyle Walker,34,0
https://www.xscores.com/soccer/match/arsenal-vs-manchester-city/15-02-2023/1205945,Arsenal,Manchester City,2023-02-15T19:30:00,Yellow card,away,Ederson Moraes,36,0
https://www.xscores.com/soccer/match/arsenal-vs-manchester-city/15-02-2023/1205945,Arsenal,Manchester City,2023-02-15T19:30:00,Yellow card,away,Bernardo Silva,45,2
https://www.xscores.com/soccer/match/arsenal-vs-manchester-city/15-02-2023/1205945,Arsenal,Manchester City,2023-02-15T19:30:00,Yellow card,home,Takehiro Tomiyasu,48,0
https://www.xscores.com/soccer/match/arsenal-vs-manchester-city/15-02-2023/1205945,Arsenal,Manchester City,2023-02-15T19:30:00,Yellow card,away,Jack Grealish,62,0
https://www.xscores.com/soccer/match/arsenal-vs-manchester-city/15-02-2023/1205945,Arsenal,Manchester City,2023-02-15T19:30:00,Yellow card,home,Edward Nketiah,64,0
https://www.xscores.com/soccer/match/nottingham-forest-vs-liverpool/22-10-2022/1205955,Nottingham Forest,Liverpool,2022-10-22T12:30:00,Yellow card,away,Joseph Gomez,54,0
https://www.xscores.com/soccer/match/nottingham-forest-vs-liverpool/22-10-2022/1205955,Nottingham Forest,Liverpool,2022-10-22T12:30:00,Yellow card,home,Joe Worrall,88,0
https://www.xscores.com/soccer/match/nottingham-forest-vs-liverpool/22-10-2022/1205955,Nottingham Forest,Liverpool,2022-10-22T12:30:00,Yellow card,home,Remo Freuler,89,0
https://www.xscores.com/soccer/match/everton-vs-crystal-palace/22-10-2022/1205958,Everton,Crystal Palace,2022-10-22T15:00:00,Yellow card,away,Wilfried Zaha,68,0
https://www.xscores.com/soccer/match/everton-vs-crystal-palace/22-10-2022/1205958,Everton,Crystal Palace,2022-10-22T15:00:00,Yellow card,away,Marc Guehi,68,0
https://www.xscores.com/soccer/match/everton-vs-crystal-palace/22-10-2022/1205958,Everton,Crystal Palace,2022-10-22T15:00:00,Yellow card,home,James Tarkowski,68,0
https://www.xscores.com/soccer/match/everton-vs-crystal-palace/22-10-2022/1205958,Everton,Crystal Palace,2022-10-22T15:00:00,Yellow card,away,Jeffrey Schlupp,68,0
https://www.xscores.com/soccer/match/everton-vs-crystal-palace/22-10-2022/1205958,Everton,Crystal Palace,2022-10-22T15:00:00,Yellow card,home,Demarai Gray,70,0
https://www.xscores.com/soccer/match/everton-vs-crystal-palace/22-10-2022/1205958,Everton,Crystal Palace,2022-10-22T15:00:00,Yellow card,away,Jean-Philippe Mateta,80,0
https://www.xscores.com/soccer/match/everton-vs-crystal-palace/22-10-2022/1205958,Everton,Crystal Palace,2022-10-22T15:00:00,Yellow card,home,James Garner,90,2
https://www.xscores.com/soccer/match/manchester-city-vs-brighton/22-10-2022/1205956,Manchester City,Brighton,2022-10-22T15:00:00,Yellow card,away,Moises Caicedo,26,0
https://www.xscores.com/soccer/match/manchester-city-vs-brighton/22-10-2022/1205956,Manchester City,Brighton,2022-10-22T15:00:00,Yellow card,home,Riyad Mahrez,54,0
https://www.xscores.com/soccer/match/manchester-city-vs-brighton/22-10-2022/1205956,Manchester City,Brighton,2022-10-22T15:00:00,Yellow card,away,Pascal Gross,61,0
https://www.xscores.com/soccer/match/manchester-city-vs-brighton/22-10-2022/1205956,Manchester City,Brighton,2022-10-22T15:00:00,Yellow card,away,Pervis Estupinan,74,0
https://www.xscores.com/soccer/match/chelsea-vs-manchester-united/22-10-2022/1205959,Chelsea,Manchester United,2022-10-22T17:30:00,Yellow card,away,Antony,32,0
https://www.xscores.com/soccer/match/chelsea-vs-manchester-united/22-10-2022/1205959,Chelsea,Manchester United,2022-10-22T17:30:00,Yellow card,away,Fred,86,0
https://www.xscores.com/soccer/match/chelsea-vs-manchester-united/22-10-2022/1205959,Chelsea,Manchester United,2022-10-22T17:30:00,Yellow card,away,Luke Shaw,90,0
https://www.xscores.com/soccer/match/chelsea-vs-manchester-united/22-10-2022/1205959,Chelsea,Manchester United,2022-10-22T17:30:00,Yellow card,home,Jorginho,90,2
https://www.xscores.com/soccer/match/chelsea-vs-manchester-united/22-10-2022/1205959,Chelsea,Manchester United,2022-10-22T17:30:00,Yellow card,away,Lisandro Martinez,90,5
https://www.xscores.com/soccer/match/aston-villa-vs-brentford/23-10-2022/1205961,Aston Villa,Brentford,2022-10-23T14:00:00,Yellow card,home,Danny Ings,35,0
https://www.xscores.com/soccer/match/leeds-vs-fulham/23-10-2022/1205957,Leeds,Fulham,2022-10-23T14:00:00,Yellow card,home,Liam Cooper,39,0
https://www.xscores.com/soccer/match/leeds-vs-fulham/23-10-2022/1205957,Leeds,Fulham,2022-10-23T14:00:00,Yellow card,away,Antonee Robinson,62,0
https://www.xscores.com/soccer/match/southampton-vs-arsenal/23-10-2022/1205950,Southampton,Arsenal,2022-10-23T14:00:00,Yellow card,away,Bukayo Saka,29,0
https://www.xscores.com/soccer/match/southampton-vs-arsenal/23-10-2022/1205950,Southampton,Arsenal,2022-10-23T14:00:00,Yellow card,home,Theo Walcott,89,0
https://www.xscores.com/soccer/match/southampton-vs-arsenal/23-10-2022/1205950,Southampton,Arsenal,2022-10-23T14:00:00,Yellow card,home,Lyanco,90,3
https://www.xscores.com/soccer/match/wolverhampton-vs-leicester/23-10-2022/1205953,Wolverhampton,Leicester,2022-10-23T14:00:00,Yellow card,home,Jonny,7,0
https://www.xscores.com/soccer/match/wolverhampton-vs-leicester/23-10-2022/1205953,Wolverhampton,Leicester,2022-10-23T14:00:00,Yellow card,home,Nelson Semedo,85,0
https://www.xscores.com/soccer/match/wolverhampton-vs-leicester/23-10-2022/1205953,Wolverhampton,Leicester,2022-10-23T14:00:00,Yellow card,away,Wout Faes,90,3
https://www.xscores.com/soccer/match/tottenham-vs-newcastle/23-10-2022/1205951,Tottenham,Newcastle,2022-10-23T16:30:00,Yellow card,home,Rodrigo Bentancur,31,0
https://www.xscores.com/soccer/match/tottenham-vs-newcastle/23-10-2022/1205951,Tottenham,Newcastle,2022-10-23T16:30:00,Yellow card,home,Ryan Sessegnon,59,0
https://www.xscores.com/soccer/match/tottenham-vs-newcastle/23-10-2022/1205951,Tottenham,Newcastle,2022-10-23T16:30:00,Yellow card,home,Oliver Skipp,66,0
https://www.xscores.com/soccer/match/tottenham-vs-newcastle/23-10-2022/1205951,Tottenham,Newcastle,2022-10-23T16:30:00,Yellow card,away,Callum Wilson,68,0
https://www.xscores.com/soccer/match/tottenham-vs-newcastle/23-10-2022/1205951,Tottenham,Newcastle,2022-10-23T16:30:00,Yellow card,away,Nick Pope,84,0
https://www.xscores.com/soccer/match/tottenham-vs-newcastle/23-10-2022/1205951,Tottenham,Newcastle,2022-10-23T16:30:00,Yellow card,home,Emerson Royal,90,0
https://www.xscores.com/soccer/match/west-ham-vs-bournemouth/24-10-2022/1205952,West Ham,Bournemouth,2022-10-24T20:00:00,Yellow card,away,Jefferson Lerma,55,0
https://www.xscores.com/soccer/match/west-ham-vs-bournemouth/24-10-2022/1205952,West Ham,Bournemouth,2022-10-24T20:00:00,Yellow card,away,Chris Mepham,71,0
https://www.xscores.com/soccer/match/bournemouth-vs-tottenham/29-10-2022/1205971,Bournemouth,Tottenham,2022-10-29T15:00:00,Yellow card,away,Ryan Sessegnon,61,0
https://www.xscores.com/soccer/match/bournemouth-vs-tottenham/29-10-2022/1205971,Bournemouth,Tottenham,2022-10-29T15:00:00,Yellow card,away,Harry Kane,69,0
https://www.xscores.com/soccer/match/bournemouth-vs-tottenham/29-10-2022/1205971,Bournemouth,Tottenham,2022-10-29T15:00:00,Yellow card,home,Lewis Cook,82,0
https://www.xscores.com/soccer/match/brentford-vs-wolverhampton/29-10-2022/1205970,Brentford,Wolverhampton,2022-10-29T15:00:00,Yellow card,away,Nelson Semedo,1,0
https://www.xscores.com/soccer/match/brentford-vs-wolverhampton/29-10-2022/1205970,Brentford,Wolverhampton,2022-10-29T15:00:00,Yellow card,away,Daniel Podence,30,0
https://www.xscores.com/soccer/match/brentford-vs-wolverhampton/29-10-2022/1205970,Brentford,Wolverhampton,2022-10-29T15:00:00,Yellow card,home,Bryan Mbeumo,80,0
https://www.xscores.com/soccer/match/brentford-vs-wolverhampton/29-10-2022/1205970,Brentford,Wolverhampton,2022-10-29T15:00:00,Yellow card,away,Ruben Neves,84,0
https://www.xscores.com/soccer/match/brentford-vs-wolverhampton/29-10-2022/1205970,Brentford,Wolverhampton,2022-10-29T15:00:00,Yellow card,home,Mikkel Damsgaard,86,0
https://www.xscores.com/soccer/match/brentford-vs-wolverhampton/29-10-2022/1205970,Brentford,Wolverhampton,2022-10-29T15:00:00,Yellow card,home,Ivan Toney,90,3
https://www.xscores.com/soccer/match/brentford-vs-wolverhampton/29-10-2022/1205970,Brentford,Wolverhampton,2022-10-29T15:00:00,Red card,away,Diego Costa,90,7
https://www.xscores.com/soccer/match/brighton-vs-chelsea/29-10-2022/1205969,Brighton,Chelsea,2022-10-29T15:00:00,Yellow card,away,Mateo Kovacic,11,0
https://www.xscores.com/soccer/match/brighton-vs-chelsea/29-10-2022/1205969,Brighton,Chelsea,2022-10-29T15:00:00,Yellow card,away,Raheem Sterling,50,0
https://www.xscores.com/soccer/match/brighton-vs-chelsea/29-10-2022/1205969,Brighton,Chelsea,2022-10-29T15:00:00,Yellow card,home,Julio Enciso,83,0
https://www.xscores.com/soccer/match/crystal-palace-vs-southampton/29-10-2022/1205968,Crystal Palace,Southampton,2022-10-29T15:00:00,Yellow card,away,Lyanco,31,0
https://www.xscores.com/soccer/match/crystal-palace-vs-southampton/29-10-2022/1205968,Crystal Palace,Southampton,2022-10-29T15:00:00,Yellow card,home,Wilfried Zaha,31,0
https://www.xscores.com/soccer/match/crystal-palace-vs-southampton/29-10-2022/1205968,Crystal Palace,Southampton,2022-10-29T15:00:00,Yellow card,away,Mohammed Salisu,40,0
https://www.xscores.com/soccer/match/crystal-palace-vs-southampton/29-10-2022/1205968,Crystal Palace,Southampton,2022-10-29T15:00:00,Yellow card,away,Mohamed Elyounoussi,45,0
https://www.xscores.com/soccer/match/crystal-palace-vs-southampton/29-10-2022/1205968,Crystal Palace,Southampton,2022-10-29T15:00:00,Yellow card,home,Odsonne Edouard,61,0
https://www.xscores.com/soccer/match/crystal-palace-vs-southampton/29-10-2022/1205968,Crystal Palace,Southampton,2022-10-29T15:00:00,Yellow card,home,Tyrick Mitchell,82,0
https://www.xscores.com/soccer/match/newcastle-vs-aston-villa/29-10-2022/1205974,Newcastle,Aston Villa,2022-10-29T15:00:00,Yellow card,away,Ollie Watkins,45,5
https://www.xscores.com/soccer/match/newcastle-vs-aston-villa/29-10-2022/1205974,Newcastle,Aston Villa,2022-10-29T15:00:00,Yellow card,home,Joelinton,65,0
https://www.xscores.com/soccer/match/fulham-vs-everton/29-10-2022/1205967,Fulham,Everton,2022-10-29T17:30:00,Yellow card,home,Aleksandar Mitrovic,24,0
https://www.xscores.com/soccer/match/fulham-vs-everton/29-10-2022/1205967,Fulham,Everton,2022-10-29T17:30:00,Yellow card,home,Bobby Reid,58,0
https://www.xscores.com/soccer/match/fulham-vs-everton/29-10-2022/1205967,Fulham,Everton,2022-10-29T17:30:00,Yellow card,away,Amadou Onana,64,0
https://www.xscores.com/soccer/match/liverpool-vs-leeds/29-10-2022/1205972,Liverpool,Leeds,2022-10-29T19:45:00,Yellow card,away,Crysencio Summerville,90,0
https://www.xscores.com/soccer/match/arsenal-vs-nottingham-forest/30-10-2022/1205954,Arsenal,Nottingham Forest,2022-10-30T14:00:00,Yellow card,away,Morgan Gibbs-White,44,0
https://www.xscores.com/soccer/match/manchester-united-vs-west-ham/30-10-2022/1205973,Manchester United,West Ham,2022-10-30T16:15:00,Yellow card,away,Gianluca Scamacca,36,0
https://www.xscores.com/soccer/match/manchester-united-vs-west-ham/30-10-2022/1205973,Manchester United,West Ham,2022-10-30T16:15:00,Yellow card,away,Tomas Soucek,72,0
https://www.xscores.com/soccer/match/manchester-united-vs-west-ham/30-10-2022/1205973,Manchester United,West Ham,2022-10-30T16:15:00,Yellow card,away,Thilo Kehrer,78,0
https://www.xscores.com/soccer/match/manchester-united-vs-west-ham/30-10-2022/1205973,Manchester United,West Ham,2022-10-30T16:15:00,Yellow card,home,Bruno Fernandes,90,0
https://www.xscores.com/soccer/match/leeds-vs-bournemouth/05-11-2022/1205978,Leeds,Bournemouth,2022-11-05T15:00:00,Yellow card,away,Jefferson Lerma,45,1
https://www.xscores.com/soccer/match/leeds-vs-bournemouth/05-11-2022/1205978,Leeds,Bournemouth,2022-11-05T15:00:00,Yellow card,away,Chris Mepham,52,0
https://www.xscores.com/soccer/match/leeds-vs-bournemouth/05-11-2022/1205978,Leeds,Bournemouth,2022-11-05T15:00:00,Yellow card,home,Rasmus Nissen,62,0
https://www.xscores.com/soccer/match/leeds-vs-bournemouth/05-11-2022/1205978,Leeds,Bournemouth,2022-11-05T15:00:00,Yellow card,home,Joe Gelhardt,90,3
https://www.xscores.com/soccer/match/manchester-city-vs-fulham/05-11-2022/1205991,Manchester City,Fulham,2022-11-05T15:00:00,Yellow card,away,Andreas Pereira,7,0
https://www.xscores.com/soccer/match/manchester-city-vs-fulham/05-11-2022/1205991,Manchester City,Fulham,2022-11-05T15:00:00,Red card,home,Joao Cancelo,26,0
https://www.xscores.com/soccer/match/manchester-city-vs-fulham/05-11-2022/1205991,Manchester City,Fulham,2022-11-05T15:00:00,Yellow card,away,Harrison Reed,45,0
https://www.xscores.com/soccer/match/manchester-city-vs-fulham/05-11-2022/1205991,Manchester City,Fulham,2022-11-05T15:00:00,Yellow card,home,Bernardo Silva,45,3
https://www.xscores.com/soccer/match/manchester-city-vs-fulham/05-11-2022/1205991,Manchester City,Fulham,2022-11-05T15:00:00,Yellow card,away,Kenny Tete,63,0
https://www.xscores.com/soccer/match/manchester-city-vs-fulham/05-11-2022/1205991,Manchester City,Fulham,2022-11-05T15:00:00,Yellow card,away,Antonee Robinson,90,0
https://www.xscores.com/soccer/match/manchester-city-vs-fulham/05-11-2022/1205991,Manchester City,Fulham,2022-11-05T15:00:00,Yellow card,home,Erling Haaland,90,7
https://www.xscores.com/soccer/match/nottingham-forest-vs-brentford/05-11-2022/1205990,Nottingham Forest,Brentford,2022-11-05T15:00:00,Yellow card,away,Vitaly Janelt,31,0
https://www.xscores.com/soccer/match/nottingham-forest-vs-brentford/05-11-2022/1205990,Nottingham Forest,Brentford,2022-11-05T15:00:00,Yellow card,home,Ryan Yates,35,0
https://www.xscores.com/soccer/match/nottingham-forest-vs-brentford/05-11-2022/1205990,Nottingham Forest,Brentford,2022-11-05T15:00:00,Yellow card,home,Dean Henderson,45,1
https://www.xscores.com/soccer/match/nottingham-forest-vs-brentford/05-11-2022/1205990,Nottingham Forest,Brentford,2022-11-05T15:00:00,Yellow card,away,Bryan Mbeumo,70,0
https://www.xscores.com/soccer/match/wolverhampton-vs-brighton/05-11-2022/1205994,Wolverhampton,Brighton,2022-11-05T15:00:00,Red card,home,Nelson Semedo,45,5
https://www.xscores.com/soccer/match/wolverhampton-vs-brighton/05-11-2022/1205994,Wolverhampton,Brighton,2022-11-05T15:00:00,Yellow card,home,Jonny,62,0
https://www.xscores.com/soccer/match/wolverhampton-vs-brighton/05-11-2022/1205994,Wolverhampton,Brighton,2022-11-05T15:00:00,Yellow card,home,Nathan Collins,65,0
https://www.xscores.com/soccer/match/chelsea-vs-arsenal/06-11-2022/1205976,Chelsea,Arsenal,2022-11-06T12:00:00,Yellow card,home,Pierre-Emerick Aubameyang,27,0
https://www.xscores.com/soccer/match/chelsea-vs-arsenal/06-11-2022/1205976,Chelsea,Arsenal,2022-11-06T12:00:00,Yellow card,away,Bukayo Saka,42,0
https://www.xscores.com/soccer/match/chelsea-vs-arsenal/06-11-2022/1205976,Chelsea,Arsenal,2022-11-06T12:00:00,Yellow card,home,Cesar Azpilicueta,51,0
https://www.xscores.com/soccer/match/chelsea-vs-arsenal/06-11-2022/1205976,Chelsea,Arsenal,2022-11-06T12:00:00,Yellow card,home,Trevoh Chalobah,60,0
https://www.xscores.com/soccer/match/chelsea-vs-arsenal/06-11-2022/1205976,Chelsea,Arsenal,2022-11-06T12:00:00,Yellow card,away,Ben White,80,0
https://www.xscores.com/soccer/match/chelsea-vs-arsenal/06-11-2022/1205976,Chelsea,Arsenal,2022-11-06T12:00:00,Yellow card,home,Conor Gallagher,85,0
https://www.xscores.com/soccer/match/chelsea-vs-arsenal/06-11-2022/1205976,Chelsea,Arsenal,2022-11-06T12:00:00,Yellow card,home,Raheem Sterling,89,0
https://www.xscores.com/soccer/match/aston-villa-vs-manchester-united/06-11-2022/1205975,Aston Villa,Manchester United,2022-11-06T14:00:00,Yellow card,away,Luke Shaw,10,0
https://www.xscores.com/soccer/match/aston-villa-vs-manchester-united/06-11-2022/1205975,Aston Villa,Manchester United,2022-11-06T14:00:00,Yellow card,home,Leon Bailey,42,0
https://www.xscores.com/soccer/match/aston-villa-vs-manchester-united/06-11-2022/1205975,Aston Villa,Manchester United,2022-11-06T14:00:00,Yellow card,away,Cristiano Ronaldo,61,0
https://www.xscores.com/soccer/match/aston-villa-vs-manchester-united/06-11-2022/1205975,Aston Villa,Manchester United,2022-11-06T14:00:00,Yellow card,home,Tyrone Mings,61,0
https://www.xscores.com/soccer/match/aston-villa-vs-manchester-united/06-11-2022/1205975,Aston Villa,Manchester United,2022-11-06T14:00:00,Yellow card,away,Diogo Dalot,72,0
https://www.xscores.com/soccer/match/aston-villa-vs-manchester-united/06-11-2022/1205975,Aston Villa,Manchester United,2022-11-06T14:00:00,Yellow card,home,Emiliano Martinez,88,0
https://www.xscores.com/soccer/match/southampton-vs-newcastle/06-11-2022/1205989,Southampton,Newcastle,2022-11-06T14:00:00,Yellow card,home,Romeo Lavia,75,0
https://www.xscores.com/soccer/match/west-ham-vs-crystal-palace/06-11-2022/1205993,West Ham,Crystal Palace,2022-11-06T14:00:00,Yellow card,home,Craig Dawson,58,0
https://www.xscores.com/soccer/match/west-ham-vs-crystal-palace/06-11-2022/1205993,West Ham,Crystal Palace,2022-11-06T14:00:00,Yellow card,away,Jordan Ayew,88,0
https://www.xscores.com/soccer/match/manchester-city-vs-brentford/12-11-2022/1205979,Manchester City,Brentford,2022-11-12T12:30:00,Yellow card,home,Erling Haaland,37,0
https://www.xscores.com/soccer/match/manchester-city-vs-brentford/12-11-2022/1205979,Manchester City,Brentford,2022-11-12T12:30:00,Yellow card,away,Bryan Mbeumo,72,0
https://www.xscores.com/soccer/match/manchester-city-vs-brentford/12-11-2022/1205979,Manchester City,Brentford,2022-11-12T12:30:00,Yellow card,home,Joao Cancelo,84,0
https://www.xscores.com/soccer/match/manchester-city-vs-brentford/12-11-2022/1205979,Manchester City,Brentford,2022-11-12T12:30:00,Yellow card,away,Mathias Jensen,90,2
https://www.xscores.com/soccer/match/bournemouth-vs-everton/12-11-2022/1205995,Bournemouth,Everton,2022-11-12T15:00:00,Yellow card,home,Marcos Senesi,44,0
https://www.xscores.com/soccer/match/bournemouth-vs-everton/12-11-2022/1205995,Bournemouth,Everton,2022-11-12T15:00:00,Yellow card,home,Lewis Cook,45,2
https://www.xscores.com/soccer/match/liverpool-vs-southampton/12-11-2022/1205987,Liverpool,Southampton,2022-11-12T15:00:00,Yellow card,away,Duje Caleta-Car,5,0
https://www.xscores.com/soccer/match/liverpool-vs-southampton/12-11-2022/1205987,Liverpool,Southampton,2022-11-12T15:00:00,Yellow card,away,Mohammed Salisu,66,0
https://www.xscores.com/soccer/match/nottingham-forest-vs-crystal-palace/12-11-2022/1205981,Nottingham Forest,Crystal Palace,2022-11-12T15:00:00,Yellow card,away,Tyrick Mitchell,30,0
https://www.xscores.com/soccer/match/nottingham-forest-vs-crystal-palace/12-11-2022/1205981,Nottingham Forest,Crystal Palace,2022-11-12T15:00:00,Yellow card,home,Ryan Yates,61,0
https://www.xscores.com/soccer/match/nottingham-forest-vs-crystal-palace/12-11-2022/1205981,Nottingham Forest,Crystal Palace,2022-11-12T15:00:00,Yellow card,away,Joel Ward,64,0
https://www.xscores.com/soccer/match/nottingham-forest-vs-crystal-palace/12-11-2022/1205981,Nottingham Forest,Crystal Palace,2022-11-12T15:00:00,Yellow card,away,Marc Guehi,73,0
https://www.xscores.com/soccer/match/nottingham-forest-vs-crystal-palace/12-11-2022/1205981,Nottingham Forest,Crystal Palace,2022-11-12T15:00:00,Yellow card,away,Jeffrey Schlupp,88,0
https://www.xscores.com/soccer/match/tottenham-vs-leeds/12-11-2022/1205982,Tottenham,Leeds,2022-11-12T15:00:00,Yellow card,away,Marc Roca,49,0
https://www.xscores.com/soccer/match/tottenham-vs-leeds/12-11-2022/1205982,Tottenham,Leeds,2022-11-12T15:00:00,Yellow card,home,Rodrigo Bentancur,57,0
https://www.xscores.com/soccer/match/tottenham-vs-leeds/12-11-2022/1205982,Tottenham,Leeds,2022-11-12T15:00:00,Yellow card,away,Tyler Adams,71,0
https://www.xscores.com/soccer/match/tottenham-vs-leeds/12-11-2022/1205982,Tottenham,Leeds,2022-11-12T15:00:00,Yellow card 2,away,Tyler Adams,87,0
https://www.xscores.com/soccer/match/west-ham-vs-leicester/12-11-2022/1206006,West Ham,Leicester,2022-11-12T15:00:00,Yellow card,home,Craig Dawson,41,0
https://www.xscores.com/soccer/match/west-ham-vs-leicester/12-11-2022/1206006,West Ham,Leicester,2022-11-12T15:00:00,Yellow card,home,Lucas Paqueta,60,0
https://www.xscores.com/soccer/match/west-ham-vs-leicester/12-11-2022/1206006,West Ham,Leicester,2022-11-12T15:00:00,Yellow card,away,Wilfred Ndidi,62,0
https://www.xscores.com/soccer/match/west-ham-vs-leicester/12-11-2022/1206006,West Ham,Leicester,2022-11-12T15:00:00,Yellow card,home,Gianluca Scamacca,85,0
https://www.xscores.com/soccer/match/newcastle-vs-chelsea/12-11-2022/1205980,Newcastle,Chelsea,2022-11-12T17:30:00,Yellow card,away,Jorginho,30,0
https://www.xscores.com/soccer/match/newcastle-vs-chelsea/12-11-2022/1205980,Newcastle,Chelsea,2022-11-12T17:30:00,Yellow card,home,Kieran Trippier,56,0
https://www.xscores.com/soccer/match/newcastle-vs-chelsea/12-11-2022/1205980,Newcastle,Chelsea,2022-11-12T17:30:00,Yellow card,away,Kalidou Koulibaly,89,0
https://www.xscores.com/soccer/match/newcastle-vs-chelsea/12-11-2022/1205980,Newcastle,Chelsea,2022-11-12T17:30:00,Yellow card,home,Nick Pope,90,5
https://www.xscores.com/soccer/match/newcastle-vs-chelsea/12-11-2022/1205980,Newcastle,Chelsea,2022-11-12T17:30:00,Yellow card,home,Sean Longstaff,90,8
https://www.xscores.com/soccer/match/newcastle-vs-chelsea/12-11-2022/1205980,Newcastle,Chelsea,2022-11-12T17:30:00,Yellow card,home,Jamaal Lascelles,90,9
https://www.xscores.com/soccer/match/newcastle-vs-chelsea/12-11-2022/1205980,Newcastle,Chelsea,2022-11-12T17:30:00,Yellow card,home,Daniel Burn,90,9
https://www.xscores.com/soccer/match/wolverhampton-vs-arsenal/12-11-2022/1206005,Wolverhampton,Arsenal,2022-11-12T19:45:00,Yellow card,home,Toti Gomes,37,0
https://www.xscores.com/soccer/match/wolverhampton-vs-arsenal/12-11-2022/1206005,Wolverhampton,Arsenal,2022-11-12T19:45:00,Yellow card,home,Boubacar Traore,45,1
https://www.xscores.com/soccer/match/wolverhampton-vs-arsenal/12-11-2022/1206005,Wolverhampton,Arsenal,2022-11-12T19:45:00,Yellow card,away,Thomas Partey,52,0
https://www.xscores.com/soccer/match/wolverhampton-vs-arsenal/12-11-2022/1206005,Wolverhampton,Arsenal,2022-11-12T19:45:00,Yellow card,away,Gabriel,60,0
https://www.xscores.com/soccer/match/wolverhampton-vs-arsenal/12-11-2022/1206005,Wolverhampton,Arsenal,2022-11-12T19:45:00,Yellow card,home,Hugo Bueno,90,2
https://www.xscores.com/soccer/match/brighton-vs-aston-villa/13-11-2022/1205996,Brighton,Aston Villa,2022-11-13T14:00:00,Yellow card,away,Tyrone Mings,26,0
https://www.xscores.com/soccer/match/brighton-vs-aston-villa/13-11-2022/1205996,Brighton,Aston Villa,2022-11-13T14:00:00,Yellow card,home,Moises Caicedo,57,0
https://www.xscores.com/soccer/match/brighton-vs-aston-villa/13-11-2022/1205996,Brighton,Aston Villa,2022-11-13T14:00:00,Yellow card,away,Matty Cash,79,0
https://www.xscores.com/soccer/match/brighton-vs-aston-villa/13-11-2022/1205996,Brighton,Aston Villa,2022-11-13T14:00:00,Yellow card,away,Leon Bailey,80,0
https://www.xscores.com/soccer/match/brighton-vs-aston-villa/13-11-2022/1205996,Brighton,Aston Villa,2022-11-13T14:00:00,Yellow card,home,Pascal Gross,82,0
https://www.xscores.com/soccer/match/brighton-vs-aston-villa/13-11-2022/1205996,Brighton,Aston Villa,2022-11-13T14:00:00,Yellow card,away,Ashley Young,84,0
https://www.xscores.com/soccer/match/brighton-vs-aston-villa/13-11-2022/1205996,Brighton,Aston Villa,2022-11-13T14:00:00,Yellow card,away,Boubacar Kamara,85,0
https://www.xscores.com/soccer/match/brighton-vs-aston-villa/13-11-2022/1205996,Brighton,Aston Villa,2022-11-13T14:00:00,Yellow card,away,Emiliano Martinez,90,8
https://www.xscores.com/soccer/match/brighton-vs-aston-villa/13-11-2022/1205996,Brighton,Aston Villa,2022-11-13T14:00:00,Yellow card,away,John McGinn,90,8
https://www.xscores.com/soccer/match/fulham-vs-manchester-united/13-11-2022/1205988,Fulham,Manchester United,2022-11-13T16:30:00,Yellow card,home,Bobby Reid,33,0
https://www.xscores.com/soccer/match/fulham-vs-manchester-united/13-11-2022/1205988,Fulham,Manchester United,2022-11-13T16:30:00,Yellow card,away,Alejandro Garnacho,90,4
https://www.xscores.com/soccer/match/brentford-vs-tottenham/26-12-2022/1206002,Brentford,Tottenham,2022-12-26T12:30:00,Yellow card,home,Mathias Jensen,59,0
https://www.xscores.com/soccer/match/brentford-vs-tottenham/26-12-2022/1206002,Brentford,Tottenham,2022-12-26T12:30:00,Yellow card,away,Yves Bissouma,60,0
https://www.xscores.com/soccer/match/brentford-vs-tottenham/26-12-2022/1206002,Brentford,Tottenham,2022-12-26T12:30:00,Yellow card,home,Ivan Toney,63,0
https://www.xscores.com/soccer/match/brentford-vs-tottenham/26-12-2022/1206002,Brentford,Tottenham,2022-12-26T12:30:00,Yellow card,home,Bryan Mbeumo,76,0
https://www.xscores.com/soccer/match/crystal-palace-vs-fulham/26-12-2022/1206000,Crystal Palace,Fulham,2022-12-26T15:00:00,Yellow card,home,James Tomkins,20,0
https://www.xscores.com/soccer/match/crystal-palace-vs-fulham/26-12-2022/1206000,Crystal Palace,Fulham,2022-12-26T15:00:00,Red card,home,Tyrick Mitchell,34,0
https://www.xscores.com/soccer/match/crystal-palace-vs-fulham/26-12-2022/1206000,Crystal Palace,Fulham,2022-12-26T15:00:00,Yellow card 2,home,James Tomkins,57,0
https://www.xscores.com/soccer/match/everton-vs-wolverhampton/26-12-2022/1205983,Everton,Wolverhampton,2022-12-26T15:00:00,Yellow card,home,Nathan Patterson,38,0
https://www.xscores.com/soccer/match/everton-vs-wolverhampton/26-12-2022/1205983,Everton,Wolverhampton,2022-12-26T15:00:00,Yellow card,away,Daniel Podence,61,0
https://www.xscores.com/soccer/match/everton-vs-wolverhampton/26-12-2022/1205983,Everton,Wolverhampton,2022-12-26T15:00:00,Yellow card,away,Max Kilman,64,0
https://www.xscores.com/soccer/match/everton-vs-wolverhampton/26-12-2022/1205983,Everton,Wolverhampton,2022-12-26T15:00:00,Yellow card,away,Ruben Neves,79,0
https://www.xscores.com/soccer/match/everton-vs-wolverhampton/26-12-2022/1205983,Everton,Wolverhampton,2022-12-26T15:00:00,Yellow card,away,Toti Gomes,81,0
https://www.xscores.com/soccer/match/everton-vs-wolverhampton/26-12-2022/1205983,Everton,Wolverhampton,2022-12-26T15:00:00,Yellow card,away,Diego Costa,90,0
https://www.xscores.com/soccer/match/everton-vs-wolverhampton/26-12-2022/1205983,Everton,Wolverhampton,2022-12-26T15:00:00,Yellow card,away,Rayan Ait Nouri,90,6
https://www.xscores.com/soccer/match/southampton-vs-brighton/26-12-2022/1205998,Southampton,Brighton,2022-12-26T15:00:00,Yellow card,home,Joe Aribo,60,0
https://www.xscores.com/soccer/match/southampton-vs-brighton/26-12-2022/1205998,Southampton,Brighton,2022-12-26T15:00:00,Yellow card,away,Robert Sanchez,73,0
https://www.xscores.com/soccer/match/southampton-vs-brighton/26-12-2022/1205998,Southampton,Brighton,2022-12-26T15:00:00,Yellow card,away,Moises Caicedo,85,0
https://www.xscores.com/soccer/match/arsenal-vs-west-ham/26-12-2022/1206004,Arsenal,West Ham,2022-12-26T20:00:00,Yellow card,away,Jarrod Bowen,8,0
https://www.xscores.com/soccer/match/arsenal-vs-west-ham/26-12-2022/1206004,Arsenal,West Ham,2022-12-26T20:00:00,Yellow card,away,Vladimir Coufal,44,0
https://www.xscores.com/soccer/match/manchester-united-vs-nottingham-forest/27-12-2022/1205986,Manchester United,Nottingham Forest,2022-12-27T20:00:00,Yellow card,home,Tyrell Malacia,27,0
https://www.xscores.com/soccer/match/manchester-united-vs-nottingham-forest/27-12-2022/1205986,Manchester United,Nottingham Forest,2022-12-27T20:00:00,Yellow card,away,Orel Mangala,29,0
https://www.xscores.com/soccer/match/manchester-united-vs-nottingham-forest/27-12-2022/1205986,Manchester United,Nottingham Forest,2022-12-27T20:00:00,Yellow card,home,Christian Eriksen,74,0
https://www.xscores.com/soccer/match/manchester-united-vs-nottingham-forest/27-12-2022/1205986,Manchester United,Nottingham Forest,2022-12-27T20:00:00,Yellow card,home,Alejandro Garnacho,83,0
https://www.xscores.com/soccer/match/leeds-vs-manchester-city/28-12-2022/1205984,Leeds,Manchester City,2022-12-28T20:00:00,Yellow card,away,Rico Lewis,62,0
https://www.xscores.com/soccer/match/leeds-vs-manchester-city/28-12-2022/1205984,Leeds,Manchester City,2022-12-28T20:00:00,Yellow card,home,Mateusz Klich,70,0
https://www.xscores.com/soccer/match/leeds-vs-manchester-city/28-12-2022/1205984,Leeds,Manchester City,2022-12-28T20:00:00,Yellow card,home,Wilfried Gnonto,71,0
https://www.xscores.com/soccer/match/leeds-vs-manchester-city/28-12-2022/1205984,Leeds,Manchester City,2022-12-28T20:00:00,Yellow card,away,Rodri,81,0
https://www.xscores.com/soccer/match/leeds-vs-manchester-city/28-12-2022/1205984,Leeds,Manchester City,2022-12-28T20:00:00,Yellow card,home,Sam Greenwood,85,0
https://www.xscores.com/soccer/match/leeds-vs-manchester-city/28-12-2022/1205984,Leeds,Manchester City,2022-12-28T20:00:00,Yellow card,away,Cole Palmer,90,2
https://www.xscores.com/soccer/match/west-ham-vs-brentford/30-12-2022/1206015,West Ham,Brentford,2022-12-30T19:45:00,Yellow card,home,Vladimir Coufal,70,0
https://www.xscores.com/soccer/match/liverpool-vs-leicester/30-12-2022/1206016,Liverpool,Leicester,2022-12-30T20:00:00,Yellow card,away,Boubakary Soumare,67,0
https://www.xscores.com/soccer/match/wolverhampton-vs-manchester-united/31-12-2022/1206014,Wolverhampton,Manchester United,2022-12-31T12:30:00,Yellow card,home,Nelson Semedo,26,0
https://www.xscores.com/soccer/match/wolverhampton-vs-manchester-united/31-12-2022/1206014,Wolverhampton,Manchester United,2022-12-31T12:30:00,Yellow card,away,Casemiro,57,0
https://www.xscores.com/soccer/match/wolverhampton-vs-manchester-united/31-12-2022/1206014,Wolverhampton,Manchester United,2022-12-31T12:30:00,Yellow card,away,Fred,72,0
https://www.xscores.com/soccer/match/wolverhampton-vs-manchester-united/31-12-2022/1206014,Wolverhampton,Manchester United,2022-12-31T12:30:00,Yellow card,away,Marcus Rashford,88,0
https://www.xscores.com/soccer/match/bournemouth-vs-crystal-palace/31-12-2022/1205999,Bournemouth,Crystal Palace,2022-12-31T15:00:00,Yellow card,home,Lloyd Kelly,25,0
https://www.xscores.com/soccer/match/bournemouth-vs-crystal-palace/31-12-2022/1205999,Bournemouth,Crystal Palace,2022-12-31T15:00:00,Yellow card,home,Jaidon Anthony,26,0
https://www.xscores.com/soccer/match/bournemouth-vs-crystal-palace/31-12-2022/1205999,Bournemouth,Crystal Palace,2022-12-31T15:00:00,Yellow card,home,Dominic Solanke,67,0
https://www.xscores.com/soccer/match/bournemouth-vs-crystal-palace/31-12-2022/1205999,Bournemouth,Crystal Palace,2022-12-31T15:00:00,Yellow card,away,Joachim Andersen,87,0
https://www.xscores.com/soccer/match/bournemouth-vs-crystal-palace/31-12-2022/1205999,Bournemouth,Crystal Palace,2022-12-31T15:00:00,Yellow card,home,Marcos Senesi,90,0
https://www.xscores.com/soccer/match/fulham-vs-southampton/31-12-2022/1206007,Fulham,Southampton,2022-12-31T15:00:00,Yellow card,away,Mohamed Elyounoussi,70,0
https://www.xscores.com/soccer/match/manchester-city-vs-everton/31-12-2022/1206017,Manchester City,Everton,2022-12-31T15:00:00,Yellow card,home,Bernardo Silva,16,0
https://www.xscores.com/soccer/match/manchester-city-vs-everton/31-12-2022/1206017,Manchester City,Everton,2022-12-31T15:00:00,Yellow card,home,Kevin De Bruyne,30,0
https://www.xscores.com/soccer/match/manchester-city-vs-everton/31-12-2022/1206017,Manchester City,Everton,2022-12-31T15:00:00,Yellow card,away,Nathan Patterson,33,0
https://www.xscores.com/soccer/match/manchester-city-vs-everton/31-12-2022/1206017,Manchester City,Everton,2022-12-31T15:00:00,Yellow card,home,Erling Haaland,44,0
https://www.xscores.com/soccer/match/manchester-city-vs-everton/31-12-2022/1206017,Manchester City,Everton,2022-12-31T15:00:00,Yellow card,away,James Tarkowski,45,0
https://www.xscores.com/soccer/match/manchester-city-vs-everton/31-12-2022/1206017,Manchester City,Everton,2022-12-31T15:00:00,Yellow card,away,Amadou Onana,63,0
https://www.xscores.com/soccer/match/manchester-city-vs-everton/31-12-2022/1206017,Manchester City,Everton,2022-12-31T15:00:00,Yellow card,away,Neal Maupay,90,10
https://www.xscores.com/soccer/match/newcastle-vs-leeds/31-12-2022/1206018,Newcastle,Leeds,2022-12-31T15:00:00,Yellow card,home,Kieran Trippier,42,0
https://www.xscores.com/soccer/match/newcastle-vs-leeds/31-12-2022/1206018,Newcastle,Leeds,2022-12-31T15:00:00,Yellow card,away,Luke Ayling,45,1
https://www.xscores.com/soccer/match/newcastle-vs-leeds/31-12-2022/1206018,Newcastle,Leeds,2022-12-31T15:00:00,Yellow card,away,Pascal Struijk,59,0
https://www.xscores.com/soccer/match/newcastle-vs-leeds/31-12-2022/1206018,Newcastle,Leeds,2022-12-31T15:00:00,Yellow card,away,Marc Roca,64,0
https://www.xscores.com/soccer/match/newcastle-vs-leeds/31-12-2022/1206018,Newcastle,Leeds,2022-12-31T15:00:00,Yellow card,away,Wilfried Gnonto,67,0
https://www.xscores.com/soccer/match/newcastle-vs-leeds/31-12-2022/1206018,Newcastle,Leeds,2022-12-31T15:00:00,Yellow card,home,Callum Wilson,90,5
https://www.xscores.com/soccer/match/newcastle-vs-leeds/31-12-2022/1206018,Newcastle,Leeds,2022-12-31T15:00:00,Yellow card,away,Illan Meslier,90,5
https://www.xscores.com/soccer/match/newcastle-vs-leeds/31-12-2022/1206018,Newcastle,Leeds,2022-12-31T15:00:00,Yellow card,home,Bruno Guimaraes,90,5
https://www.xscores.com/soccer/match/brighton-vs-arsenal/31-12-2022/1205997,Brighton,Arsenal,2022-12-31T17:30:00,Yellow card,home,Billy Gilmour,45,0
https://www.xscores.com/soccer/match/brighton-vs-arsenal/31-12-2022/1205997,Brighton,Arsenal,2022-12-31T17:30:00,Yellow card,away,Gabriel,45,1
https://www.xscores.com/soccer/match/brighton-vs-arsenal/31-12-2022/1205997,Brighton,Arsenal,2022-12-31T17:30:00,Yellow card,away,Thomas Partey,45,2
https://www.xscores.com/soccer/match/brighton-vs-arsenal/31-12-2022/1205997,Brighton,Arsenal,2022-12-31T17:30:00,Yellow card,away,Bukayo Saka,54,0
https://www.xscores.com/soccer/match/brighton-vs-arsenal/31-12-2022/1205997,Brighton,Arsenal,2022-12-31T17:30:00,Yellow card,home,Solly March,57,0
https://www.xscores.com/soccer/match/brighton-vs-arsenal/31-12-2022/1205997,Brighton,Arsenal,2022-12-31T17:30:00,Yellow card,home,Jeremy Sarmiento,81,0
https://www.xscores.com/soccer/match/tottenham-vs-aston-villa/01-01-2023/1206020,Tottenham,Aston Villa,2023-01-01T14:00:00,Yellow card,home,Cristian Romero,28,0
https://www.xscores.com/soccer/match/tottenham-vs-aston-villa/01-01-2023/1206020,Tottenham,Aston Villa,2023-01-01T14:00:00,Yellow card,home,Clement Lenglet,31,0
https://www.xscores.com/soccer/match/tottenham-vs-aston-villa/01-01-2023/1206020,Tottenham,Aston Villa,2023-01-01T14:00:00,Yellow card,home,Ben Davies,37,0
https://www.xscores.com/soccer/match/tottenham-vs-aston-villa/01-01-2023/1206020,Tottenham,Aston Villa,2023-01-01T14:00:00,Yellow card,away,Tyrone Mings,56,0
https://www.xscores.com/soccer/match/tottenham-vs-aston-villa/01-01-2023/1206020,Tottenham,Aston Villa,2023-01-01T14:00:00,Yellow card,home,Yves Bissouma,59,0
https://www.xscores.com/soccer/match/tottenham-vs-aston-villa/01-01-2023/1206020,Tottenham,Aston Villa,2023-01-01T14:00:00,Yellow card,away,Ezri Konsa,66,0
https://www.xscores.com/soccer/match/tottenham-vs-aston-villa/01-01-2023/1206020,Tottenham,Aston Villa,2023-01-01T14:00:00,Yellow card,away,Calum Chambers,90,3
https://www.xscores.com/soccer/match/nottingham-forest-vs-chelsea/01-01-2023/1206019,Nottingham Forest,Chelsea,2023-01-01T16:30:00,Yellow card,home,Ryan Yates,43,0
https://www.xscores.com/soccer/match/nottingham-forest-vs-chelsea/01-01-2023/1206019,Nottingham Forest,Chelsea,2023-01-01T16:30:00,Yellow card,away,Cesar Azpilicueta,53,0
https://www.xscores.com/soccer/match/nottingham-forest-vs-chelsea/01-01-2023/1206019,Nottingham Forest,Chelsea,2023-01-01T16:30:00,Yellow card,away,Conor Gallagher,90,0
https://www.xscores.com/soccer/match/nottingham-forest-vs-chelsea/01-01-2023/1206019,Nottingham Forest,Chelsea,2023-01-01T16:30:00,Yellow card,home,Renan Lodi,90,3
https://www.xscores.com/soccer/match/brentford-vs-liverpool/02-01-2023/1206009,Brentford,Liverpool,2023-01-02T17:30:00,Yellow card,home,Mathias Joergensen,2,0
https://www.xscores.com/soccer/match/brentford-vs-liverpool/02-01-2023/1206009,Brentford,Liverpool,2023-01-02T17:30:00,Yellow card,away,Harvey Elliott,9,0
https://www.xscores.com/soccer/match/brentford-vs-liverpool/02-01-2023/1206009,Brentford,Liverpool,2023-01-02T17:30:00,Yellow card,away,Thiago Alcantara,57,0
https://www.xscores.com/soccer/match/brentford-vs-liverpool/02-01-2023/1206009,Brentford,Liverpool,2023-01-02T17:30:00,Yellow card,away,Darwin Nunez,72,0
https://www.xscores.com/soccer/match/arsenal-vs-newcastle/03-01-2023/1206013,Arsenal,Newcastle,2023-01-03T19:45:00,Yellow card,away,Bruno Guimaraes,27,0
https://www.xscores.com/soccer/match/arsenal-vs-newcastle/03-01-2023/1206013,Arsenal,Newcastle,2023-01-03T19:45:00,Yellow card,away,Callum Wilson,28,0
https://www.xscores.com/soccer/match/arsenal-vs-newcastle/03-01-2023/1206013,Arsenal,Newcastle,2023-01-03T19:45:00,Yellow card,home,Edward Nketiah,32,0
https://www.xscores.com/soccer/match/arsenal-vs-newcastle/03-01-2023/1206013,Arsenal,Newcastle,2023-01-03T19:45:00,Yellow card,home,Martin Oedegaard,40,0
https://www.xscores.com/soccer/match/arsenal-vs-newcastle/03-01-2023/1206013,Arsenal,Newcastle,2023-01-03T19:45:00,Yellow card,home,Granit Xhaka,42,0
https://www.xscores.com/soccer/match/arsenal-vs-newcastle/03-01-2023/1206013,Arsenal,Newcastle,2023-01-03T19:45:00,Yellow card,away,Joelinton,58,0
https://www.xscores.com/soccer/match/arsenal-vs-newcastle/03-01-2023/1206013,Arsenal,Newcastle,2023-01-03T19:45:00,Yellow card,away,Miguel Almiron,59,0
https://www.xscores.com/soccer/match/arsenal-vs-newcastle/03-01-2023/1206013,Arsenal,Newcastle,2023-01-03T19:45:00,Yellow card,home,Oleksandr Zinchenko,90,6
https://www.xscores.com/soccer/match/arsenal-vs-newcastle/03-01-2023/1206013,Arsenal,Newcastle,2023-01-03T19:45:00,Yellow card,away,Jamaal Lascelles,90,7
https://www.xscores.com/soccer/match/everton-vs-brighton/03-01-2023/1206012,Everton,Brighton,2023-01-03T19:45:00,Yellow card,away,Evan Ferguson,45,0
https://www.xscores.com/soccer/match/everton-vs-brighton/03-01-2023/1206012,Everton,Brighton,2023-01-03T19:45:00,Yellow card,home,Isaac Price,74,0
https://www.xscores.com/soccer/match/everton-vs-brighton/03-01-2023/1206012,Everton,Brighton,2023-01-03T19:45:00,Yellow card,home,Alex Iwobi,75,0
https://www.xscores.com/soccer/match/everton-vs-brighton/03-01-2023/1206012,Everton,Brighton,2023-01-03T19:45:00,Yellow card,home,Abdoulaye Doucoure,90,0
https://www.xscores.com/soccer/match/leicester-vs-fulham/03-01-2023/1206030,Leicester,Fulham,2023-01-03T19:45:00,Yellow card,away,Tosin Adarabioyo,52,0
https://www.xscores.com/soccer/match/leicester-vs-fulham/03-01-2023/1206030,Leicester,Fulham,2023-01-03T19:45:00,Yellow card,away,Joao Palhinha,60,0
https://www.xscores.com/soccer/match/leicester-vs-fulham/03-01-2023/1206030,Leicester,Fulham,2023-01-03T19:45:00,Yellow card,home,Wilfred Ndidi,61,0
https://www.xscores.com/soccer/match/leicester-vs-fulham/03-01-2023/1206030,Leicester,Fulham,2023-01-03T19:45:00,Yellow card,away,Tom Cairney,62,0
https://www.xscores.com/soccer/match/leicester-vs-fulham/03-01-2023/1206030,Leicester,Fulham,2023-01-03T19:45:00,Yellow card,away,Kenny Tete,68,0
https://www.xscores.com/soccer/match/leicester-vs-fulham/03-01-2023/1206030,Leicester,Fulham,2023-01-03T19:45:00,Yellow card,home,Timothy Castagne,74,0
https://www.xscores.com/soccer/match/leicester-vs-fulham/03-01-2023/1206030,Leicester,Fulham,2023-01-03T19:45:00,Yellow card,away,Aleksandar Mitrovic,78,0
https://www.xscores.com/soccer/match/leicester-vs-fulham/03-01-2023/1206030,Leicester,Fulham,2023-01-03T19:45:00,Yellow card,away,Bernd Leno,90,6
https://www.xscores.com/soccer/match/manchester-united-vs-bournemouth/03-01-2023/1206029,Manchester United,Bournemouth,2023-01-03T20:00:00,Yellow card,away,Philip Billing,36,0
https://www.xscores.com/soccer/match/manchester-united-vs-bournemouth/03-01-2023/1206029,Manchester United,Bournemouth,2023-01-03T20:00:00,Yellow card,away,Adam Smith,46,0
https://www.xscores.com/soccer/match/manchester-united-vs-bournemouth/03-01-2023/1206029,Manchester United,Bournemouth,2023-01-03T20:00:00,Yellow card,away,Jack Stacey,75,0
https://www.xscores.com/soccer/match/southampton-vs-nottingham-forest/04-01-2023/1206028,Southampton,Nottingham Forest,2023-01-04T19:30:00,Yellow card,away,Remo Freuler,42,0
https://www.xscores.com/soccer/match/southampton-vs-nottingham-forest/04-01-2023/1206028,Southampton,Nottingham Forest,2023-01-04T19:30:00,Yellow card,home,Romain Perraud,45,0
https://www.xscores.com/soccer/match/southampton-vs-nottingham-forest/04-01-2023/1206028,Southampton,Nottingham Forest,2023-01-04T19:30:00,Yellow card,away,Brennan Johnson,45,0
https://www.xscores.com/soccer/match/southampton-vs-nottingham-forest/04-01-2023/1206028,Southampton,Nottingham Forest,2023-01-04T19:30:00,Yellow card,home,Stuart Armstrong,89,0
https://www.xscores.com/soccer/match/leeds-vs-west-ham/04-01-2023/1206031,Leeds,West Ham,2023-01-04T19:45:00,Yellow card,home,Rodrigo,8,0
https://www.xscores.com/soccer/match/leeds-vs-west-ham/04-01-2023/1206031,Leeds,West Ham,2023-01-04T19:45:00,Yellow card,home,Liam Cooper,40,0
https://www.xscores.com/soccer/match/leeds-vs-west-ham/04-01-2023/1206031,Leeds,West Ham,2023-01-04T19:45:00,Yellow card,home,Crysencio Summerville,59,0
https://www.xscores.com/soccer/match/leeds-vs-west-ham/04-01-2023/1206031,Leeds,West Ham,2023-01-04T19:45:00,Yellow card,home,Jesse Marsch,82,0
https://www.xscores.com/soccer/match/leeds-vs-west-ham/04-01-2023/1206031,Leeds,West Ham,2023-01-04T19:45:00,Yellow card,away,Naif Aguerd,90,5
https://www.xscores.com/soccer/match/aston-villa-vs-wolverhampton/04-01-2023/1206008,Aston Villa,Wolverhampton,2023-01-04T20:00:00,Yellow card,away,Hee-Chan Hwang,36,0
https://www.xscores.com/soccer/match/aston-villa-vs-wolverhampton/04-01-2023/1206008,Aston Villa,Wolverhampton,2023-01-04T20:00:00,Yellow card,away,Max Kilman,45,1
https://www.xscores.com/soccer/match/aston-villa-vs-wolverhampton/04-01-2023/1206008,Aston Villa,Wolverhampton,2023-01-04T20:00:00,Yellow card,away,Diego Costa,52,0
https://www.xscores.com/soccer/match/aston-villa-vs-wolverhampton/04-01-2023/1206008,Aston Villa,Wolverhampton,2023-01-04T20:00:00,Yellow card,home,Philippe Coutinho,82,0
https://www.xscores.com/soccer/match/crystal-palace-vs-tottenham/04-01-2023/1206011,Crystal Palace,Tottenham,2023-01-04T20:00:00,Yellow card,away,Oliver Skipp,42,0
https://www.xscores.com/soccer/match/crystal-palace-vs-tottenham/04-01-2023/1206011,Crystal Palace,Tottenham,2023-01-04T20:00:00,Yellow card,home,Jeffrey Schlupp,61,0
https://www.xscores.com/soccer/match/crystal-palace-vs-tottenham/04-01-2023/1206011,Crystal Palace,Tottenham,2023-01-04T20:00:00,Yellow card,away,Bryan Gil,77,0
https://www.xscores.com/soccer/match/chelsea-vs-manchester-city/05-01-2023/1206010,Chelsea,Manchester City,2023-01-05T20:00:00,Yellow card,home,Mateo Kovacic,89,0
https://www.xscores.com/soccer/match/chelsea-vs-manchester-city/05-01-2023/1206010,Chelsea,Manchester City,2023-01-05T20:00:00,Yellow card,home,Kalidou Koulibaly,90,4
https://www.xscores.com/soccer/match/aston-villa-vs-leeds/13-01-2023/1206027,Aston Villa,Leeds,2023-01-13T20:00:00,Yellow card,away,Robin Koch,33,0
https://www.xscores.com/soccer/match/aston-villa-vs-leeds/13-01-2023/1206027,Aston Villa,Leeds,2023-01-13T20:00:00,Yellow card,home,Boubacar Kamara,63,0
https://www.xscores.com/soccer/match/aston-villa-vs-leeds/13-01-2023/1206027,Aston Villa,Leeds,2023-01-13T20:00:00,Yellow card,away,Illan Meslier,89,0
https://www.xscores.com/soccer/match/aston-villa-vs-leeds/13-01-2023/1206027,Aston Villa,Leeds,2023-01-13T20:00:00,Yellow card,home,Emiliano Martinez,90,2
https://www.xscores.com/soccer/match/manchester-united-vs-manchester-city/14-01-2023/1206022,Manchester United,Manchester City,2023-01-14T12:30:00,Yellow card,home,Christian Eriksen,64,0
https://www.xscores.com/soccer/match/manchester-united-vs-manchester-city/14-01-2023/1206022,Manchester United,Manchester City,2023-01-14T12:30:00,Yellow card,home,Fred,88,0
https://www.xscores.com/soccer/match/manchester-united-vs-manchester-city/14-01-2023/1206022,Manchester United,Manchester City,2023-01-14T12:30:00,Yellow card,home,Casemiro,89,0
https://www.xscores.com/soccer/match/brighton-vs-liverpool/14-01-2023/1206025,Brighton,Liverpool,2023-01-14T15:00:00,Yellow card,home,Lewis Dunk,17,0
https://www.xscores.com/soccer/match/brighton-vs-liverpool/14-01-2023/1206025,Brighton,Liverpool,2023-01-14T15:00:00,Yellow card,away,Joel Matip,18,0
https://www.xscores.com/soccer/match/brighton-vs-liverpool/14-01-2023/1206025,Brighton,Liverpool,2023-01-14T15:00:00,Yellow card,away,Jordan Henderson,30,0
https://www.xscores.com/soccer/match/brighton-vs-liverpool/14-01-2023/1206025,Brighton,Liverpool,2023-01-14T15:00:00,Yellow card,away,Trent Alexander-Arnold,65,0
https://www.xscores.com/soccer/match/everton-vs-southampton/14-01-2023/1206023,Everton,Southampton,2023-01-14T15:00:00,Yellow card,away,Romeo Lavia,14,0
https://www.xscores.com/soccer/match/everton-vs-southampton/14-01-2023/1206023,Everton,Southampton,2023-01-14T15:00:00,Yellow card,away,Ibrahima Diallo,69,0
https://www.xscores.com/soccer/match/everton-vs-southampton/14-01-2023/1206023,Everton,Southampton,2023-01-14T15:00:00,Yellow card,away,Lyanco,90,2
https://www.xscores.com/soccer/match/nottingham-forest-vs-leicester/14-01-2023/1206043,Nottingham Forest,Leicester,2023-01-14T15:00:00,Yellow card,away,Youri Tielemans,29,0
https://www.xscores.com/soccer/match/nottingham-forest-vs-leicester/14-01-2023/1206043,Nottingham Forest,Leicester,2023-01-14T15:00:00,Yellow card,away,Daniel Amartey,77,0
https://www.xscores.com/soccer/match/nottingham-forest-vs-leicester/14-01-2023/1206043,Nottingham Forest,Leicester,2023-01-14T15:00:00,Yellow card,home,Brennan Johnson,86,0
https://www.xscores.com/soccer/match/wolverhampton-vs-west-ham/14-01-2023/1206041,Wolverhampton,West Ham,2023-01-14T15:00:00,Yellow card,away,Naif Aguerd,70,0
https://www.xscores.com/soccer/match/wolverhampton-vs-west-ham/14-01-2023/1206041,Wolverhampton,West Ham,2023-01-14T15:00:00,Yellow card,away,Declan Rice,90,3
https://www.xscores.com/soccer/match/brentford-vs-bournemouth/14-01-2023/1206026,Brentford,Bournemouth,2023-01-14T17:30:00,Yellow card,away,Neto,38,0
https://www.xscores.com/soccer/match/brentford-vs-bournemouth/14-01-2023/1206026,Brentford,Bournemouth,2023-01-14T17:30:00,Yellow card,home,David Raya,69,0
https://www.xscores.com/soccer/match/chelsea-vs-crystal-palace/15-01-2023/1206024,Chelsea,Crystal Palace,2023-01-15T14:00:00,Yellow card,away,Cheick Oumar Doucoure,26,0
https://www.xscores.com/soccer/match/chelsea-vs-crystal-palace/15-01-2023/1206024,Chelsea,Crystal Palace,2023-01-15T14:00:00,Yellow card,away,Nathaniel Clyne,42,0
https://www.xscores.com/soccer/match/chelsea-vs-crystal-palace/15-01-2023/1206024,Chelsea,Crystal Palace,2023-01-15T14:00:00,Yellow card,home,Jorginho,49,0
https://www.xscores.com/soccer/match/chelsea-vs-crystal-palace/15-01-2023/1206024,Chelsea,Crystal Palace,2023-01-15T14:00:00,Yellow card,away,Eberechi Eze,52,0
https://www.xscores.com/soccer/match/chelsea-vs-crystal-palace/15-01-2023/1206024,Chelsea,Crystal Palace,2023-01-15T14:00:00,Yellow card,away,Will Hughes,83,0
https://www.xscores.com/soccer/match/chelsea-vs-crystal-palace/15-01-2023/1206024,Chelsea,Crystal Palace,2023-01-15T14:00:00,Yellow card,home,Conor Gallagher,84,0
https://www.xscores.com/soccer/match/chelsea-vs-crystal-palace/15-01-2023/1206024,Chelsea,Crystal Palace,2023-01-15T14:00:00,Yellow card,away,Marc Guehi,88,0
https://www.xscores.com/soccer/match/newcastle-vs-fulham/15-01-2023/1206021,Newcastle,Fulham,2023-01-15T14:00:00,Yellow card,away,Layvin Kurzawa,48,0
https://www.xscores.com/soccer/match/newcastle-vs-fulham/15-01-2023/1206021,Newcastle,Fulham,2023-01-15T14:00:00,Yellow card,away,Tim Ream,60,0
https://www.xscores.com/soccer/match/newcastle-vs-fulham/15-01-2023/1206021,Newcastle,Fulham,2023-01-15T14:00:00,Yellow card,away,Andreas Pereira,63,0
https://www.xscores.com/soccer/match/newcastle-vs-fulham/15-01-2023/1206021,Newcastle,Fulham,2023-01-15T14:00:00,Yellow card,home,Nick Pope,69,0
https://www.xscores.com/soccer/match/tottenham-vs-arsenal/15-01-2023/1206042,Tottenham,Arsenal,2023-01-15T16:30:00,Yellow card,home,Cristian Romero,35,0
https://www.xscores.com/soccer/match/tottenham-vs-arsenal/15-01-2023/1206042,Tottenham,Arsenal,2023-01-15T16:30:00,Yellow card,home,Ryan Sessegnon,45,1
https://www.xscores.com/soccer/match/tottenham-vs-arsenal/15-01-2023/1206042,Tottenham,Arsenal,2023-01-15T16:30:00,Yellow card,home,Pape Sarr,53,0
https://www.xscores.com/soccer/match/tottenham-vs-arsenal/15-01-2023/1206042,Tottenham,Arsenal,2023-01-15T16:30:00,Yellow card,away,Gabriel Martinelli,70,0
https://www.xscores.com/soccer/match/tottenham-vs-arsenal/15-01-2023/1206042,Tottenham,Arsenal,2023-01-15T16:30:00,Yellow card,home,Clement Lenglet,72,0
https://www.xscores.com/soccer/match/tottenham-vs-arsenal/15-01-2023/1206042,Tottenham,Arsenal,2023-01-15T16:30:00,Yellow card,away,Gabriel,90,1
https://www.xscores.com/soccer/match/liverpool-vs-chelsea/21-01-2023/1206034,Liverpool,Chelsea,2023-01-21T12:30:00,Yellow card,home,Stefan Bajcetic,34,0
https://www.xscores.com/soccer/match/liverpool-vs-chelsea/21-01-2023/1206034,Liverpool,Chelsea,2023-01-21T12:30:00,Yellow card,home,James Milner,66,0
https://www.xscores.com/soccer/match/liverpool-vs-chelsea/21-01-2023/1206034,Liverpool,Chelsea,2023-01-21T12:30:00,Yellow card,away,Trevoh Chalobah,80,0
https://www.xscores.com/soccer/match/liverpool-vs-chelsea/21-01-2023/1206034,Liverpool,Chelsea,2023-01-21T12:30:00,Yellow card,home,Curtis Jones,90,0
https://www.xscores.com/soccer/match/bournemouth-vs-nottingham-forest/21-01-2023/1206039,Bournemouth,Nottingham Forest,2023-01-21T15:00:00,Yellow card,home,Lloyd Kelly,32,0
https://www.xscores.com/soccer/match/bournemouth-vs-nottingham-forest/21-01-2023/1206039,Bournemouth,Nottingham Forest,2023-01-21T15:00:00,Yellow card,away,Joe Worrall,36,0
https://www.xscores.com/soccer/match/bournemouth-vs-nottingham-forest/21-01-2023/1206039,Bournemouth,Nottingham Forest,2023-01-21T15:00:00,Yellow card,away,Gustavo Scarpa,86,0
https://www.xscores.com/soccer/match/leicester-vs-brighton/21-01-2023/1206033,Leicester,Brighton,2023-01-21T15:00:00,Yellow card,away,Alexis Mac Allister,90,3
https://www.xscores.com/soccer/match/southampton-vs-aston-villa/21-01-2023/1206036,Southampton,Aston Villa,2023-01-21T15:00:00,Yellow card,home,Lyanco,13,0
https://www.xscores.com/soccer/match/southampton-vs-aston-villa/21-01-2023/1206036,Southampton,Aston Villa,2023-01-21T15:00:00,Yellow card,away,Douglas Luiz,64,0
https://www.xscores.com/soccer/match/southampton-vs-aston-villa/21-01-2023/1206036,Southampton,Aston Villa,2023-01-21T15:00:00,Yellow card,away,Alex Moreno,82,0
https://www.xscores.com/soccer/match/west-ham-vs-everton/21-01-2023/1206044,West Ham,Everton,2023-01-21T15:00:00,Yellow card,home,Lucas Paqueta,50,0
https://www.xscores.com/soccer/match/west-ham-vs-everton/21-01-2023/1206044,West Ham,Everton,2023-01-21T15:00:00,Yellow card,away,James Tarkowski,67,0
https://www.xscores.com/soccer/match/crystal-palace-vs-newcastle/21-01-2023/1206038,Crystal Palace,Newcastle,2023-01-21T17:30:00,Yellow card,home,Marc Guehi,4,0
https://www.xscores.com/soccer/match/crystal-palace-vs-newcastle/21-01-2023/1206038,Crystal Palace,Newcastle,2023-01-21T17:30:00,Yellow card,away,Kieran Trippier,57,0
https://www.xscores.com/soccer/match/crystal-palace-vs-newcastle/21-01-2023/1206038,Crystal Palace,Newcastle,2023-01-21T17:30:00,Yellow card,home,Will Hughes,75,0
https://www.xscores.com/soccer/match/crystal-palace-vs-newcastle/21-01-2023/1206038,Crystal Palace,Newcastle,2023-01-21T17:30:00,Yellow card,home,Cheick Oumar Doucoure,87,0
https://www.xscores.com/soccer/match/crystal-palace-vs-newcastle/21-01-2023/1206038,Crystal Palace,Newcastle,2023-01-21T17:30:00,Yellow card,home,Michael Olise,90,4
https://www.xscores.com/soccer/match/crystal-palace-vs-newcastle/21-01-2023/1206038,Crystal Palace,Newcastle,2023-01-21T17:30:00,Yellow card,away,Joelinton,90,4
https://www.xscores.com/soccer/match/leeds-vs-brentford/22-01-2023/1206032,Leeds,Brentford,2023-01-22T14:00:00,Yellow card,home,Rodrigo,64,0
https://www.xscores.com/soccer/match/leeds-vs-brentford/22-01-2023/1206032,Leeds,Brentford,2023-01-22T14:00:00,Yellow card,away,Ivan Toney,71,0
https://www.xscores.com/soccer/match/leeds-vs-brentford/22-01-2023/1206032,Leeds,Brentford,2023-01-22T14:00:00,Yellow card,home,Robin Koch,83,0
https://www.xscores.com/soccer/match/leeds-vs-brentford/22-01-2023/1206032,Leeds,Brentford,2023-01-22T14:00:00,Yellow card,away,Yoane Wissa,88,0
https://www.xscores.com/soccer/match/manchester-city-vs-wolverhampton/22-01-2023/1206035,Manchester City,Wolverhampton,2023-01-22T14:00:00,Yellow card,away,Max Kilman,10,0
https://www.xscores.com/soccer/match/manchester-city-vs-wolverhampton/22-01-2023/1206035,Manchester City,Wolverhampton,2023-01-22T14:00:00,Yellow card,away,Mario Lemina,13,0
https://www.xscores.com/soccer/match/manchester-city-vs-wolverhampton/22-01-2023/1206035,Manchester City,Wolverhampton,2023-01-22T14:00:00,Yellow card,away,Julen Lopetegui,14,0
https://www.xscores.com/soccer/match/manchester-city-vs-wolverhampton/22-01-2023/1206035,Manchester City,Wolverhampton,2023-01-22T14:00:00,Yellow card,home,Rodri,25,0
https://www.xscores.com/soccer/match/arsenal-vs-manchester-united/22-01-2023/1206040,Arsenal,Manchester United,2023-01-22T16:30:00,Yellow card,home,Ben White,19,0
https://www.xscores.com/soccer/match/arsenal-vs-manchester-united/22-01-2023/1206040,Arsenal,Manchester United,2023-01-22T16:30:00,Yellow card,away,Antony,47,0
https://www.xscores.com/soccer/match/arsenal-vs-manchester-united/22-01-2023/1206040,Arsenal,Manchester United,2023-01-22T16:30:00,Yellow card,away,Luke Shaw,83,0
https://www.xscores.com/soccer/match/fulham-vs-tottenham/23-01-2023/1206037,Fulham,Tottenham,2023-01-23T20:15:00,Yellow card,home,Joao Palhinha,17,0
https://www.xscores.com/soccer/match/fulham-vs-tottenham/23-01-2023/1206037,Fulham,Tottenham,2023-01-23T20:15:00,Yellow card,away,Heung-Min Son,28,0
https://www.xscores.com/soccer/match/fulham-vs-tottenham/23-01-2023/1206037,Fulham,Tottenham,2023-01-23T20:15:00,Yellow card,away,Cristian Romero,70,0
https://www.xscores.com/soccer/match/fulham-vs-tottenham/23-01-2023/1206037,Fulham,Tottenham,2023-01-23T20:15:00,Yellow card,away,Rodrigo Bentancur,78,0
https://www.xscores.com/soccer/match/chelsea-vs-fulham/03-02-2023/1206063,Chelsea,Fulham,2023-02-03T20:00:00,Yellow card,away,Joao Palhinha,22,0
https://www.xscores.com/soccer/match/chelsea-vs-fulham/03-02-2023/1206063,Chelsea,Fulham,2023-02-03T20:00:00,Yellow card,away,Andreas Pereira,51,0
https://www.xscores.com/soccer/match/chelsea-vs-fulham/03-02-2023/1206063,Chelsea,Fulham,2023-02-03T20:00:00,Yellow card,home,Conor Gallagher,64,0
https://www.xscores.com/soccer/match/chelsea-vs-fulham/03-02-2023/1206063,Chelsea,Fulham,2023-02-03T20:00:00,Yellow card,away,Bobby Reid,67,0
https://www.xscores.com/soccer/match/chelsea-vs-fulham/03-02-2023/1206063,Chelsea,Fulham,2023-02-03T20:00:00,Yellow card,away,Harry Wilson,90,3
https://www.xscores.com/soccer/match/everton-vs-arsenal/04-02-2023/1206050,Everton,Arsenal,2023-02-04T12:30:00,Yellow card,home,Vitalii Mykolenko,63,0
https://www.xscores.com/soccer/match/everton-vs-arsenal/04-02-2023/1206050,Everton,Arsenal,2023-02-04T12:30:00,Yellow card,home,Amadou Onana,69,0
https://www.xscores.com/soccer/match/everton-vs-arsenal/04-02-2023/1206050,Everton,Arsenal,2023-02-04T12:30:00,Yellow card,home,Jordan Pickford,86,0
https://www.xscores.com/soccer/match/everton-vs-arsenal/04-02-2023/1206050,Everton,Arsenal,2023-02-04T12:30:00,Yellow card,home,Neal Maupay,90,6
https://www.xscores.com/soccer/match/everton-vs-arsenal/04-02-2023/1206050,Everton,Arsenal,2023-02-04T12:30:00,Yellow card,away,Oleksandr Zinchenko,90,6
https://www.xscores.com/soccer/match/aston-villa-vs-leicester/04-02-2023/1206053,Aston Villa,Leicester,2023-02-04T15:00:00,Yellow card,away,Timothy Castagne,56,0
https://www.xscores.com/soccer/match/aston-villa-vs-leicester/04-02-2023/1206053,Aston Villa,Leicester,2023-02-04T15:00:00,Yellow card,away,Caglar Soyuncu,86,0
https://www.xscores.com/soccer/match/aston-villa-vs-leicester/04-02-2023/1206053,Aston Villa,Leicester,2023-02-04T15:00:00,Yellow card,away,Youri Tielemans,88,0
https://www.xscores.com/soccer/match/brentford-vs-southampton/04-02-2023/1206052,Brentford,Southampton,2023-02-04T15:00:00,Yellow card,away,Romeo Lavia,59,0
https://www.xscores.com/soccer/match/brentford-vs-southampton/04-02-2023/1206052,Brentford,Southampton,2023-02-04T15:00:00,Yellow card,home,Ivan Toney,64,0
https://www.xscores.com/soccer/match/brentford-vs-southampton/04-02-2023/1206052,Brentford,Southampton,2023-02-04T15:00:00,Yellow card,away,Mohammed Salisu,90,0
https://www.xscores.com/soccer/match/brighton-vs-bournemouth/04-02-2023/1206051,Brighton,Bournemouth,2023-02-04T15:00:00,Yellow card,home,Joel Veltman,9,0
https://www.xscores.com/soccer/match/brighton-vs-bournemouth/04-02-2023/1206051,Brighton,Bournemouth,2023-02-04T15:00:00,Yellow card,home,Lewis Dunk,70,0
https://www.xscores.com/soccer/match/brighton-vs-bournemouth/04-02-2023/1206051,Brighton,Bournemouth,2023-02-04T15:00:00,Yellow card,home,Moises Caicedo,79,0
https://www.xscores.com/soccer/match/brighton-vs-bournemouth/04-02-2023/1206051,Brighton,Bournemouth,2023-02-04T15:00:00,Yellow card,away,Adam Smith,84,0
https://www.xscores.com/soccer/match/manchester-united-vs-crystal-palace/04-02-2023/1206049,Manchester United,Crystal Palace,2023-02-04T15:00:00,Yellow card,away,Tyrick Mitchell,45,1
https://www.xscores.com/soccer/match/manchester-united-vs-crystal-palace/04-02-2023/1206049,Manchester United,Crystal Palace,2023-02-04T15:00:00,Yellow card,away,Jeffrey Schlupp,67,0
https://www.xscores.com/soccer/match/manchester-united-vs-crystal-palace/04-02-2023/1206049,Manchester United,Crystal Palace,2023-02-04T15:00:00,Yellow card,home,Antony,67,0
https://www.xscores.com/soccer/match/manchester-united-vs-crystal-palace/04-02-2023/1206049,Manchester United,Crystal Palace,2023-02-04T15:00:00,Red card,home,Casemiro,70,0
https://www.xscores.com/soccer/match/wolverhampton-vs-liverpool/04-02-2023/1206045,Wolverhampton,Liverpool,2023-02-04T15:00:00,Yellow card,home,Craig Dawson,45,4
https://www.xscores.com/soccer/match/wolverhampton-vs-liverpool/04-02-2023/1206045,Wolverhampton,Liverpool,2023-02-04T15:00:00,Yellow card,away,Joseph Gomez,75,0
https://www.xscores.com/soccer/match/newcastle-vs-west-ham/04-02-2023/1206048,Newcastle,West Ham,2023-02-04T17:30:00,Yellow card,home,Joseph Willock,45,0
https://www.xscores.com/soccer/match/newcastle-vs-west-ham/04-02-2023/1206048,Newcastle,West Ham,2023-02-04T17:30:00,Yellow card,home,Joelinton,57,0
https://www.xscores.com/soccer/match/newcastle-vs-west-ham/04-02-2023/1206048,Newcastle,West Ham,2023-02-04T17:30:00,Yellow card,away,Naif Aguerd,90,1
https://www.xscores.com/soccer/match/nottingham-forest-vs-leeds/05-02-2023/1206047,Nottingham Forest,Leeds,2023-02-05T14:00:00,Yellow card,away,Pascal Struijk,13,0
https://www.xscores.com/soccer/match/nottingham-forest-vs-leeds/05-02-2023/1206047,Nottingham Forest,Leeds,2023-02-05T14:00:00,Yellow card,home,Danilo,30,0
https://www.xscores.com/soccer/match/nottingham-forest-vs-leeds/05-02-2023/1206047,Nottingham Forest,Leeds,2023-02-05T14:00:00,Yellow card,home,Willy Boly,52,0
https://www.xscores.com/soccer/match/nottingham-forest-vs-leeds/05-02-2023/1206047,Nottingham Forest,Leeds,2023-02-05T14:00:00,Yellow card,home,Neco Williams,55,0
https://www.xscores.com/soccer/match/nottingham-forest-vs-leeds/05-02-2023/1206047,Nottingham Forest,Leeds,2023-02-05T14:00:00,Yellow card,away,Maximilian Woeber,77,0
https://www.xscores.com/soccer/match/nottingham-forest-vs-leeds/05-02-2023/1206047,Nottingham Forest,Leeds,2023-02-05T14:00:00,Yellow card,home,Sam Surridge,90,1
https://www.xscores.com/soccer/match/tottenham-vs-manchester-city/05-02-2023/1206046,Tottenham,Manchester City,2023-02-05T16:30:00,Yellow card,home,Rodrigo Bentancur,23,0
https://www.xscores.com/soccer/match/tottenham-vs-manchester-city/05-02-2023/1206046,Tottenham,Manchester City,2023-02-05T16:30:00,Yellow card,home,Cristian Romero,26,0
https://www.xscores.com/soccer/match/tottenham-vs-manchester-city/05-02-2023/1206046,Tottenham,Manchester City,2023-02-05T16:30:00,Yellow card,home,Ivan Perisic,75,0
https://www.xscores.com/soccer/match/tottenham-vs-manchester-city/05-02-2023/1206046,Tottenham,Manchester City,2023-02-05T16:30:00,Yellow card,away,Ederson Moraes,83,0
https://www.xscores.com/soccer/match/tottenham-vs-manchester-city/05-02-2023/1206046,Tottenham,Manchester City,2023-02-05T16:30:00,Yellow card 2,home,Cristian Romero,87,0
https://www.xscores.com/soccer/match/tottenham-vs-manchester-city/05-02-2023/1206046,Tottenham,Manchester City,2023-02-05T16:30:00,Yellow card,away,Kyle Walker,90,7
https://www.xscores.com/soccer/match/tottenham-vs-manchester-city/05-02-2023/1206046,Tottenham,Manchester City,2023-02-05T16:30:00,Yellow card,away,Jack Grealish,90,7
https://www.xscores.com/soccer/match/west-ham-vs-chelsea/11-02-2023/1206064,West Ham,Chelsea,2023-02-11T12:30:00,Yellow card,home,Vladimir Coufal,55,0
https://www.xscores.com/soccer/match/west-ham-vs-chelsea/11-02-2023/1206064,West Ham,Chelsea,2023-02-11T12:30:00,Yellow card,away,Benoit Badiashile,64,0
https://www.xscores.com/soccer/match/arsenal-vs-brentford/11-02-2023/1206062,Arsenal,Brentford,2023-02-11T15:00:00,Yellow card,away,Christian Noergaard,90,6
https://www.xscores.com/soccer/match/arsenal-vs-brentford/11-02-2023/1206062,Arsenal,Brentford,2023-02-11T15:00:00,Yellow card,away,Kevin Schade,90,8
https://www.xscores.com/soccer/match/crystal-palace-vs-brighton/11-02-2023/1206060,Crystal Palace,Brighton,2023-02-11T15:00:00,Yellow card,away,Alexis Mac Allister,7,0
https://www.xscores.com/soccer/match/crystal-palace-vs-brighton/11-02-2023/1206060,Crystal Palace,Brighton,2023-02-11T15:00:00,Yellow card,home,Will Hughes,27,0
https://www.xscores.com/soccer/match/crystal-palace-vs-brighton/11-02-2023/1206060,Crystal Palace,Brighton,2023-02-11T15:00:00,Yellow card,home,Albert Sambi Lokonga,59,0
https://www.xscores.com/soccer/match/crystal-palace-vs-brighton/11-02-2023/1206060,Crystal Palace,Brighton,2023-02-11T15:00:00,Yellow card,home,Cheick Oumar Doucoure,82,0
https://www.xscores.com/soccer/match/crystal-palace-vs-brighton/11-02-2023/1206060,Crystal Palace,Brighton,2023-02-11T15:00:00,Yellow card,home,Tyrick Mitchell,89,0
https://www.xscores.com/soccer/match/fulham-vs-nottingham-forest/11-02-2023/1206059,Fulham,Nottingham Forest,2023-02-11T15:00:00,Yellow card,away,Serge Aurier,15,0
https://www.xscores.com/soccer/match/leicester-vs-tottenham/11-02-2023/1206057,Leicester,Tottenham,2023-02-11T15:00:00,Yellow card,away,Rodrigo Bentancur,4,0
https://www.xscores.com/soccer/match/leicester-vs-tottenham/11-02-2023/1206057,Leicester,Tottenham,2023-02-11T15:00:00,Yellow card,home,Wout Faes,12,0
https://www.xscores.com/soccer/match/leicester-vs-tottenham/11-02-2023/1206057,Leicester,Tottenham,2023-02-11T15:00:00,Yellow card,home,James Maddison,40,0
https://www.xscores.com/soccer/match/leicester-vs-tottenham/11-02-2023/1206057,Leicester,Tottenham,2023-02-11T15:00:00,Yellow card,away,Eric Dier,55,0
https://www.xscores.com/soccer/match/leicester-vs-tottenham/11-02-2023/1206057,Leicester,Tottenham,2023-02-11T15:00:00,Yellow card,home,Kiernan Dewsbury-Hall,59,0
https://www.xscores.com/soccer/match/leicester-vs-tottenham/11-02-2023/1206057,Leicester,Tottenham,2023-02-11T15:00:00,Yellow card,home,Harvey Barnes,66,0
https://www.xscores.com/soccer/match/leicester-vs-tottenham/11-02-2023/1206057,Leicester,Tottenham,2023-02-11T15:00:00,Yellow card,home,Harry Souttar,74,0
https://www.xscores.com/soccer/match/southampton-vs-wolverhampton/11-02-2023/1206054,Southampton,Wolverhampton,2023-02-11T15:00:00,Yellow card,away,Mario Lemina,9,0
https://www.xscores.com/soccer/match/southampton-vs-wolverhampton/11-02-2023/1206054,Southampton,Wolverhampton,2023-02-11T15:00:00,Yellow card,away,Nelson Semedo,23,0
https://www.xscores.com/soccer/match/southampton-vs-wolverhampton/11-02-2023/1206054,Southampton,Wolverhampton,2023-02-11T15:00:00,Yellow card 2,away,Mario Lemina,27,0
https://www.xscores.com/soccer/match/southampton-vs-wolverhampton/11-02-2023/1206054,Southampton,Wolverhampton,2023-02-11T15:00:00,Yellow card,away,Rayan Ait Nouri,30,0
https://www.xscores.com/soccer/match/southampton-vs-wolverhampton/11-02-2023/1206054,Southampton,Wolverhampton,2023-02-11T15:00:00,Yellow card,home,James Ward-Prowse,35,0
https://www.xscores.com/soccer/match/southampton-vs-wolverhampton/11-02-2023/1206054,Southampton,Wolverhampton,2023-02-11T15:00:00,Yellow card,home,Ainsley Maitland-Niles,37,0
https://www.xscores.com/soccer/match/southampton-vs-wolverhampton/11-02-2023/1206054,Southampton,Wolverhampton,2023-02-11T15:00:00,Yellow card,away,Pedro Neto,88,0
https://www.xscores.com/soccer/match/bournemouth-vs-newcastle/11-02-2023/1206061,Bournemouth,Newcastle,2023-02-11T17:30:00,Yellow card,away,Anthony Gordon,60,0
https://www.xscores.com/soccer/match/bournemouth-vs-newcastle/11-02-2023/1206061,Bournemouth,Newcastle,2023-02-11T17:30:00,Yellow card,home,Adam Smith,74,0
https://www.xscores.com/soccer/match/bournemouth-vs-newcastle/11-02-2023/1206061,Bournemouth,Newcastle,2023-02-11T17:30:00,Yellow card,away,Sven Botman,87,0
https://www.xscores.com/soccer/match/bournemouth-vs-newcastle/11-02-2023/1206061,Bournemouth,Newcastle,2023-02-11T17:30:00,Yellow card,away,Joelinton,90,4
https://www.xscores.com/soccer/match/bournemouth-vs-newcastle/11-02-2023/1206061,Bournemouth,Newcastle,2023-02-11T17:30:00,Yellow card,home,Jack Stephens,90,7
https://www.xscores.com/soccer/match/leeds-vs-manchester-united/12-02-2023/1206058,Leeds,Manchester United,2023-02-12T14:00:00,Yellow card,home,Junior Firpo,18,0
https://www.xscores.com/soccer/match/leeds-vs-manchester-united/12-02-2023/1206058,Leeds,Manchester United,2023-02-12T14:00:00,Yellow card,away,Fred,21,0
https://www.xscores.com/soccer/match/leeds-vs-manchester-united/12-02-2023/1206058,Leeds,Manchester United,2023-02-12T14:00:00,Yellow card,home,Weston McKennie,40,0
https://www.xscores.com/soccer/match/manchester-city-vs-aston-villa/12-02-2023/1206055,Manchester City,Aston Villa,2023-02-12T16:30:00,Yellow card,away,Lucas Digne,37,0
https://www.xscores.com/soccer/match/manchester-city-vs-aston-villa/12-02-2023/1206055,Manchester City,Aston Villa,2023-02-12T16:30:00,Yellow card,home,Ruben Dias,41,0
https://www.xscores.com/soccer/match/manchester-city-vs-aston-villa/12-02-2023/1206055,Manchester City,Aston Villa,2023-02-12T16:30:00,Yellow card,away,Ezri Konsa,63,0
https://www.xscores.com/soccer/match/liverpool-vs-everton/13-02-2023/1206056,Liverpool,Everton,2023-02-13T20:00:00,Yellow card,away,Conor Coady,67,0
https://www.xscores.com/soccer/match/liverpool-vs-everton/13-02-2023/1206056,Liverpool,Everton,2023-02-13T20:00:00,Yellow card,away,Abdoulaye Doucoure,84,0
https://www.xscores.com/soccer/match/liverpool-vs-everton/13-02-2023/1206056,Liverpool,Everton,2023-02-13T20:00:00,Yellow card,home,Andrew Robertson,87,0
https://www.xscores.com/soccer/match/liverpool-vs-everton/13-02-2023/1206056,Liverpool,Everton,2023-02-13T20:00:00,Yellow card,away,Jordan Pickford,87,0
https://www.xscores.com/soccer/match/aston-villa-vs-arsenal/18-02-2023/1206071,Aston Villa,Arsenal,2023-02-18T12:30:00,Yellow card,away,Bukayo Saka,45,3
https://www.xscores.com/soccer/match/aston-villa-vs-arsenal/18-02-2023/1206071,Aston Villa,Arsenal,2023-02-18T12:30:00,Yellow card,home,Douglas Luiz,45,3
https://www.xscores.com/soccer/match/aston-villa-vs-arsenal/18-02-2023/1206071,Aston Villa,Arsenal,2023-02-18T12:30:00,Yellow card,home,Emiliano Martinez,84,0
https://www.xscores.com/soccer/match/aston-villa-vs-arsenal/18-02-2023/1206071,Aston Villa,Arsenal,2023-02-18T12:30:00,Yellow card,away,Granit Xhaka,90,4
https://www.xscores.com/soccer/match/brentford-vs-crystal-palace/18-02-2023/1206070,Brentford,Crystal Palace,2023-02-18T15:00:00,Yellow card,home,Ben Mee,3,0
https://www.xscores.com/soccer/match/brentford-vs-crystal-palace/18-02-2023/1206070,Brentford,Crystal Palace,2023-02-18T15:00:00,Yellow card,away,Jordan Ayew,13,0
https://www.xscores.com/soccer/match/brentford-vs-crystal-palace/18-02-2023/1206070,Brentford,Crystal Palace,2023-02-18T15:00:00,Yellow card,away,Joachim Andersen,35,0
https://www.xscores.com/soccer/match/brentford-vs-crystal-palace/18-02-2023/1206070,Brentford,Crystal Palace,2023-02-18T15:00:00,Yellow card,home,Christian Noergaard,75,0
https://www.xscores.com/soccer/match/brighton-vs-fulham/18-02-2023/1206065,Brighton,Fulham,2023-02-18T15:00:00,Yellow card,away,Issa Diop,70,0
https://www.xscores.com/soccer/match/brighton-vs-fulham/18-02-2023/1206065,Brighton,Fulham,2023-02-18T15:00:00,Yellow card,away,Vinicius,82,0
https://www.xscores.com/soccer/match/brighton-vs-fulham/18-02-2023/1206065,Brighton,Fulham,2023-02-18T15:00:00,Yellow card,away,Antonee Robinson,84,0
https://www.xscores.com/soccer/match/brighton-vs-fulham/18-02-2023/1206065,Brighton,Fulham,2023-02-18T15:00:00,Yellow card,away,Joao Palhinha,90,1
https://www.xscores.com/soccer/match/brighton-vs-fulham/18-02-2023/1206065,Brighton,Fulham,2023-02-18T15:00:00,Yellow card,away,Willian,90,6
https://www.xscores.com/soccer/match/chelsea-vs-southampton/18-02-2023/1206066,Chelsea,Southampton,2023-02-18T15:00:00,Yellow card,home,Kalidou Koulibaly,4,0
https://www.xscores.com/soccer/match/chelsea-vs-southampton/18-02-2023/1206066,Chelsea,Southampton,2023-02-18T15:00:00,Yellow card,away,Armel Bella-Kotchap,16,0
https://www.xscores.com/soccer/match/chelsea-vs-southampton/18-02-2023/1206066,Chelsea,Southampton,2023-02-18T15:00:00,Yellow card,away,Stuart Armstrong,45,4
https://www.xscores.com/soccer/match/chelsea-vs-southampton/18-02-2023/1206066,Chelsea,Southampton,2023-02-18T15:00:00,Yellow card,away,Sekou Mara,75,0
https://www.xscores.com/soccer/match/chelsea-vs-southampton/18-02-2023/1206066,Chelsea,Southampton,2023-02-18T15:00:00,Yellow card,away,Romeo Lavia,87,0
https://www.xscores.com/soccer/match/chelsea-vs-southampton/18-02-2023/1206066,Chelsea,Southampton,2023-02-18T15:00:00,Yellow card,home,Kepa Arrizabalaga,87,0
https://www.xscores.com/soccer/match/chelsea-vs-southampton/18-02-2023/1206066,Chelsea,Southampton,2023-02-18T15:00:00,Yellow card,away,James Ward-Prowse,90,7
https://www.xscores.com/soccer/match/chelsea-vs-southampton/18-02-2023/1206066,Chelsea,Southampton,2023-02-18T15:00:00,Yellow card,home,Mateo Kovacic,90,7
https://www.xscores.com/soccer/match/chelsea-vs-southampton/18-02-2023/1206066,Chelsea,Southampton,2023-02-18T15:00:00,Yellow card,away,Romain Perraud,90,8
https://www.xscores.com/soccer/match/everton-vs-leeds/18-02-2023/1206067,Everton,Leeds,2023-02-18T15:00:00,Yellow card,away,Tyler Adams,43,0
https://www.xscores.com/soccer/match/everton-vs-leeds/18-02-2023/1206067,Everton,Leeds,2023-02-18T15:00:00,Yellow card,home,Dwight McNeil,44,0
https://www.xscores.com/soccer/match/everton-vs-leeds/18-02-2023/1206067,Everton,Leeds,2023-02-18T15:00:00,Yellow card,home,Abdoulaye Doucoure,44,0
https://www.xscores.com/soccer/match/everton-vs-leeds/18-02-2023/1206067,Everton,Leeds,2023-02-18T15:00:00,Yellow card,away,Weston McKennie,44,0
https://www.xscores.com/soccer/match/everton-vs-leeds/18-02-2023/1206067,Everton,Leeds,2023-02-18T15:00:00,Yellow card,away,Wilfried Gnonto,90,5
https://www.xscores.com/soccer/match/nottingham-forest-vs-manchester-city/18-02-2023/1206083,Nottingham Forest,Manchester City,2023-02-18T15:00:00,Yellow card,home,Joe Worrall,14,0
https://www.xscores.com/soccer/match/wolverhampton-vs-bournemouth/18-02-2023/1206081,Wolverhampton,Bournemouth,2023-02-18T15:00:00,Yellow card,away,Philip Billing,29,0
https://www.xscores.com/soccer/match/wolverhampton-vs-bournemouth/18-02-2023/1206081,Wolverhampton,Bournemouth,2023-02-18T15:00:00,Yellow card,away,Adam Smith,70,0
https://www.xscores.com/soccer/match/wolverhampton-vs-bournemouth/18-02-2023/1206081,Wolverhampton,Bournemouth,2023-02-18T15:00:00,Yellow card,home,Rayan Ait Nouri,72,0
https://www.xscores.com/soccer/match/wolverhampton-vs-bournemouth/18-02-2023/1206081,Wolverhampton,Bournemouth,2023-02-18T15:00:00,Yellow card,away,Marcos Senesi,74,0
https://www.xscores.com/soccer/match/wolverhampton-vs-bournemouth/18-02-2023/1206081,Wolverhampton,Bournemouth,2023-02-18T15:00:00,Yellow card,home,Joao Gomes,74,0
https://www.xscores.com/soccer/match/wolverhampton-vs-bournemouth/18-02-2023/1206081,Wolverhampton,Bournemouth,2023-02-18T15:00:00,Yellow card,home,Pablo Sarabia,86,0
https://www.xscores.com/soccer/match/newcastle-vs-liverpool/18-02-2023/1206069,Newcastle,Liverpool,2023-02-18T17:30:00,Yellow card,away,Fabinho,20,0
https://www.xscores.com/soccer/match/newcastle-vs-liverpool/18-02-2023/1206069,Newcastle,Liverpool,2023-02-18T17:30:00,Red card,home,Nick Pope,22,0
https://www.xscores.com/soccer/match/newcastle-vs-liverpool/18-02-2023/1206069,Newcastle,Liverpool,2023-02-18T17:30:00,Yellow card,home,Miguel Almiron,37,0
https://www.xscores.com/soccer/match/manchester-united-vs-leicester/19-02-2023/1206068,Manchester United,Leicester,2023-02-19T14:00:00,Yellow card,away,Wout Faes,45,2
https://www.xscores.com/soccer/match/manchester-united-vs-leicester/19-02-2023/1206068,Manchester United,Leicester,2023-02-19T14:00:00,Yellow card,away,Nampalys Mendy,48,0
https://www.xscores.com/soccer/match/tottenham-vs-west-ham/19-02-2023/1206082,Tottenham,West Ham,2023-02-19T16:30:00,Yellow card,home,Oliver Skipp,9,0
https://www.xscores.com/soccer/match/tottenham-vs-west-ham/19-02-2023/1206082,Tottenham,West Ham,2023-02-19T16:30:00,Yellow card,away,Michail Antonio,62,0
https://www.xscores.com/soccer/match/tottenham-vs-west-ham/19-02-2023/1206082,Tottenham,West Ham,2023-02-19T16:30:00,Yellow card,home,Ivan Perisic,90,3
https://www.xscores.com/soccer/match/fulham-vs-wolverhampton/24-02-2023/1206077,Fulham,Wolverhampton,2023-02-24T20:00:00,Yellow card,home,Joao Palhinha,19,0
https://www.xscores.com/soccer/match/fulham-vs-wolverhampton/24-02-2023/1206077,Fulham,Wolverhampton,2023-02-24T20:00:00,Yellow card,home,Andreas Pereira,72,0
https://www.xscores.com/soccer/match/everton-vs-aston-villa/25-02-2023/1206078,Everton,Aston Villa,2023-02-25T15:00:00,Yellow card,home,Amadou Onana,2,0
https://www.xscores.com/soccer/match/everton-vs-aston-villa/25-02-2023/1206078,Everton,Aston Villa,2023-02-25T15:00:00,Yellow card,home,Abdoulaye Doucoure,75,0
https://www.xscores.com/soccer/match/everton-vs-aston-villa/25-02-2023/1206078,Everton,Aston Villa,2023-02-25T15:00:00,Yellow card,away,Emiliano Martinez,77,0
https://www.xscores.com/soccer/match/leeds-vs-southampton/25-02-2023/1206072,Leeds,Southampton,2023-02-25T15:00:00,Yellow card,away,Stuart Armstrong,58,0
https://www.xscores.com/soccer/match/leeds-vs-southampton/25-02-2023/1206072,Leeds,Southampton,2023-02-25T15:00:00,Yellow card,home,Wilfried Gnonto,78,0
https://www.xscores.com/soccer/match/leeds-vs-southampton/25-02-2023/1206072,Leeds,Southampton,2023-02-25T15:00:00,Yellow card,home,Patrick Bamford,83,0
https://www.xscores.com/soccer/match/leeds-vs-southampton/25-02-2023/1206072,Leeds,Southampton,2023-02-25T15:00:00,Yellow card,away,Romeo Lavia,85,0
https://www.xscores.com/soccer/match/leeds-vs-southampton/25-02-2023/1206072,Leeds,Southampton,2023-02-25T15:00:00,Yellow card,away,Armel Bella-Kotchap,90,4
https://www.xscores.com/soccer/match/leeds-vs-southampton/25-02-2023/1206072,Leeds,Southampton,2023-02-25T15:00:00,Yellow card,away,Ibrahima Diallo,90,5
https://www.xscores.com/soccer/match/leicester-vs-arsenal/25-02-2023/1206073,Leicester,Arsenal,2023-02-25T15:00:00,Yellow card,away,Gabriel Martinelli,38,0
https://www.xscores.com/soccer/match/bournemouth-vs-manchester-city/25-02-2023/1206080,Bournemouth,Manchester City,2023-02-25T17:30:00,Yellow card,home,Dango Ouattara,48,0
https://www.xscores.com/soccer/match/bournemouth-vs-manchester-city/25-02-2023/1206080,Bournemouth,Manchester City,2023-02-25T17:30:00,Yellow card,home,Chris Mepham,58,0
https://www.xscores.com/soccer/match/bournemouth-vs-manchester-city/25-02-2023/1206080,Bournemouth,Manchester City,2023-02-25T17:30:00,Yellow card,away,Kalvin Phillips,60,0
https://www.xscores.com/soccer/match/bournemouth-vs-manchester-city/25-02-2023/1206080,Bournemouth,Manchester City,2023-02-25T17:30:00,Yellow card,away,Manuel Akanji,63,0
https://www.xscores.com/soccer/match/crystal-palace-vs-liverpool/25-02-2023/1206079,Crystal Palace,Liverpool,2023-02-25T19:45:00,Yellow card,away,Naby Keita,23,0
https://www.xscores.com/soccer/match/crystal-palace-vs-liverpool/25-02-2023/1206079,Crystal Palace,Liverpool,2023-02-25T19:45:00,Yellow card,home,Nathaniel Clyne,26,0
https://www.xscores.com/soccer/match/crystal-palace-vs-liverpool/25-02-2023/1206079,Crystal Palace,Liverpool,2023-02-25T19:45:00,Yellow card,away,Jordan Henderson,67,0
https://www.xscores.com/soccer/match/crystal-palace-vs-liverpool/25-02-2023/1206079,Crystal Palace,Liverpool,2023-02-25T19:45:00,Yellow card,away,Fabinho,77,0
https://www.xscores.com/soccer/match/crystal-palace-vs-liverpool/25-02-2023/1206079,Crystal Palace,Liverpool,2023-02-25T19:45:00,Yellow card,away,Joel Matip,82,0
https://www.xscores.com/soccer/match/crystal-palace-vs-liverpool/25-02-2023/1206079,Crystal Palace,Liverpool,2023-02-25T19:45:00,Yellow card,away,Andrew Robertson,90,3
https://www.xscores.com/soccer/match/crystal-palace-vs-liverpool/25-02-2023/1206079,Crystal Palace,Liverpool,2023-02-25T19:45:00,Yellow card,home,Joachim Andersen,90,4
https://www.xscores.com/soccer/match/tottenham-vs-chelsea/26-02-2023/1206076,Tottenham,Chelsea,2023-02-26T13:30:00,Yellow card,away,Kai Havertz,45,3
https://www.xscores.com/soccer/match/tottenham-vs-chelsea/26-02-2023/1206076,Tottenham,Chelsea,2023-02-26T13:30:00,Yellow card,home,Emerson Royal,45,3
https://www.xscores.com/soccer/match/tottenham-vs-chelsea/26-02-2023/1206076,Tottenham,Chelsea,2023-02-26T13:30:00,Yellow card,away,Hakim Ziyech,45,6
https://www.xscores.com/soccer/match/tottenham-vs-chelsea/26-02-2023/1206076,Tottenham,Chelsea,2023-02-26T13:30:00,Yellow card,home,Ben Davies,59,0
https://www.xscores.com/soccer/match/tottenham-vs-chelsea/26-02-2023/1206076,Tottenham,Chelsea,2023-02-26T13:30:00,Yellow card,away,Mason Mount,74,0
https://www.xscores.com/soccer/match/manchester-united-vs-brentford/05-04-2023/1206074,Manchester United,Brentford,2023-04-05T20:00:00,Yellow card,home,Luke Shaw,24,0
https://www.xscores.com/soccer/match/manchester-united-vs-brentford/05-04-2023/1206074,Manchester United,Brentford,2023-04-05T20:00:00,Yellow card,home,Scott McTominay,42,0
https://www.xscores.com/soccer/match/manchester-united-vs-brentford/05-04-2023/1206074,Manchester United,Brentford,2023-04-05T20:00:00,Yellow card,away,Mikkel Damsgaard,50,0
https://www.xscores.com/soccer/match/manchester-united-vs-brentford/05-04-2023/1206074,Manchester United,Brentford,2023-04-05T20:00:00,Yellow card,home,Bruno Fernandes,59,0
https://www.xscores.com/soccer/match/manchester-united-vs-brentford/05-04-2023/1206074,Manchester United,Brentford,2023-04-05T20:00:00,Yellow card,away,Christian Noergaard,61,0
https://www.xscores.com/soccer/match/newcastle-vs-brighton/18-05-2023/1206075,Newcastle,Brighton,2023-05-18T19:30:00,Yellow card,home,Bruno Guimaraes,30,0
https://www.xscores.com/soccer/match/newcastle-vs-brighton/18-05-2023/1206075,Newcastle,Brighton,2023-05-18T19:30:00,Yellow card,away,Deniz Undav,45,2
https://www.xscores.com/soccer/match/newcastle-vs-brighton/18-05-2023/1206075,Newcastle,Brighton,2023-05-18T19:30:00,Yellow card,home,Fabian Schaer,45,3
https://www.xscores.com/soccer/match/newcastle-vs-brighton/18-05-2023/1206075,Newcastle,Brighton,2023-05-18T19:30:00,Yellow card,away,Pascal Gross,57,0
https://www.xscores.com/soccer/match/newcastle-vs-brighton/18-05-2023/1206075,Newcastle,Brighton,2023-05-18T19:30:00,Yellow card,away,Alexis Mac Allister,64,0
https://www.xscores.com/soccer/match/newcastle-vs-brighton/18-05-2023/1206075,Newcastle,Brighton,2023-05-18T19:30:00,Yellow card,away,Jan Paul van Hecke,80,0
https://www.xscores.com/soccer/match/manchester-city-vs-newcastle/04-03-2023/1206089,Manchester City,Newcastle,2023-03-04T12:30:00,Yellow card,away,Joelinton,53,0
https://www.xscores.com/soccer/match/manchester-city-vs-newcastle/04-03-2023/1206089,Manchester City,Newcastle,2023-03-04T12:30:00,Yellow card,home,Nathan Ake,58,0
https://www.xscores.com/soccer/match/manchester-city-vs-newcastle/04-03-2023/1206089,Manchester City,Newcastle,2023-03-04T12:30:00,Yellow card,home,Erling Haaland,74,0
https://www.xscores.com/soccer/match/manchester-city-vs-newcastle/04-03-2023/1206089,Manchester City,Newcastle,2023-03-04T12:30:00,Yellow card,away,Daniel Burn,74,0
https://www.xscores.com/soccer/match/manchester-city-vs-newcastle/04-03-2023/1206089,Manchester City,Newcastle,2023-03-04T12:30:00,Yellow card,away,Bruno Guimaraes,76,0
https://www.xscores.com/soccer/match/manchester-city-vs-newcastle/04-03-2023/1206089,Manchester City,Newcastle,2023-03-04T12:30:00,Yellow card,away,Jamaal Lascelles,90,1
https://www.xscores.com/soccer/match/arsenal-vs-bournemouth/04-03-2023/1206095,Arsenal,Bournemouth,2023-03-04T15:00:00,Yellow card,away,Neto,64,0
https://www.xscores.com/soccer/match/arsenal-vs-bournemouth/04-03-2023/1206095,Arsenal,Bournemouth,2023-03-04T15:00:00,Yellow card,away,Chris Mepham,86,0
https://www.xscores.com/soccer/match/aston-villa-vs-crystal-palace/04-03-2023/1206094,Aston Villa,Crystal Palace,2023-03-04T15:00:00,Yellow card,away,Cheick Oumar Doucoure,57,0
https://www.xscores.com/soccer/match/aston-villa-vs-crystal-palace/04-03-2023/1206094,Aston Villa,Crystal Palace,2023-03-04T15:00:00,Yellow card 2,away,Cheick Oumar Doucoure,62,0
https://www.xscores.com/soccer/match/aston-villa-vs-crystal-palace/04-03-2023/1206094,Aston Villa,Crystal Palace,2023-03-04T15:00:00,Yellow card,home,Alex Moreno,66,0
https://www.xscores.com/soccer/match/aston-villa-vs-crystal-palace/04-03-2023/1206094,Aston Villa,Crystal Palace,2023-03-04T15:00:00,Yellow card,away,Eberechi Eze,69,0
https://www.xscores.com/soccer/match/aston-villa-vs-crystal-palace/04-03-2023/1206094,Aston Villa,Crystal Palace,2023-03-04T15:00:00,Yellow card,home,Douglas Luiz,80,0
https://www.xscores.com/soccer/match/aston-villa-vs-crystal-palace/04-03-2023/1206094,Aston Villa,Crystal Palace,2023-03-04T15:00:00,Yellow card,away,Naouirou Ahamada,82,0
https://www.xscores.com/soccer/match/aston-villa-vs-crystal-palace/04-03-2023/1206094,Aston Villa,Crystal Palace,2023-03-04T15:00:00,Yellow card,away,Wilfried Zaha,87,0
https://www.xscores.com/soccer/match/brighton-vs-west-ham/04-03-2023/1206092,Brighton,West Ham,2023-03-04T15:00:00,Yellow card,away,Tomas Soucek,55,0
https://www.xscores.com/soccer/match/brighton-vs-west-ham/04-03-2023/1206092,Brighton,West Ham,2023-03-04T15:00:00,Yellow card,away,Jarrod Bowen,58,0
https://www.xscores.com/soccer/match/brighton-vs-west-ham/04-03-2023/1206092,Brighton,West Ham,2023-03-04T15:00:00,Yellow card,away,Declan Rice,60,0
https://www.xscores.com/soccer/match/chelsea-vs-leeds/04-03-2023/1206091,Chelsea,Leeds,2023-03-04T15:00:00,Yellow card,home,Wesley Fofana,35,0
https://www.xscores.com/soccer/match/chelsea-vs-leeds/04-03-2023/1206091,Chelsea,Leeds,2023-03-04T15:00:00,Yellow card,home,Conor Gallagher,90,4
https://www.xscores.com/soccer/match/wolverhampton-vs-tottenham/04-03-2023/1206086,Wolverhampton,Tottenham,2023-03-04T15:00:00,Yellow card,home,Ruben Neves,45,4
https://www.xscores.com/soccer/match/wolverhampton-vs-tottenham/04-03-2023/1206086,Wolverhampton,Tottenham,2023-03-04T15:00:00,Yellow card,away,Dejan Kulusevski,61,0
https://www.xscores.com/soccer/match/southampton-vs-leicester/04-03-2023/1206085,Southampton,Leicester,2023-03-04T17:30:00,Yellow card,home,Carlos Alcaraz,21,0
https://www.xscores.com/soccer/match/southampton-vs-leicester/04-03-2023/1206085,Southampton,Leicester,2023-03-04T17:30:00,Yellow card,away,Harvey Barnes,43,0
https://www.xscores.com/soccer/match/southampton-vs-leicester/04-03-2023/1206085,Southampton,Leicester,2023-03-04T17:30:00,Yellow card,away,James Maddison,45,4
https://www.xscores.com/soccer/match/southampton-vs-leicester/04-03-2023/1206085,Southampton,Leicester,2023-03-04T17:30:00,Yellow card,home,Che Adams,62,0
https://www.xscores.com/soccer/match/southampton-vs-leicester/04-03-2023/1206085,Southampton,Leicester,2023-03-04T17:30:00,Yellow card,home,Adam Armstrong,77,0
https://www.xscores.com/soccer/match/southampton-vs-leicester/04-03-2023/1206085,Southampton,Leicester,2023-03-04T17:30:00,Yellow card,home,James Ward-Prowse,90,4
https://www.xscores.com/soccer/match/nottingham-forest-vs-everton/05-03-2023/1206084,Nottingham Forest,Everton,2023-03-05T14:00:00,Yellow card,away,Ben Godfrey,42,0
https://www.xscores.com/soccer/match/nottingham-forest-vs-everton/05-03-2023/1206084,Nottingham Forest,Everton,2023-03-05T14:00:00,Yellow card,home,Morgan Gibbs-White,51,0
https://www.xscores.com/soccer/match/nottingham-forest-vs-everton/05-03-2023/1206084,Nottingham Forest,Everton,2023-03-05T14:00:00,Yellow card,away,Dwight McNeil,52,0
https://www.xscores.com/soccer/match/nottingham-forest-vs-everton/05-03-2023/1206084,Nottingham Forest,Everton,2023-03-05T14:00:00,Yellow card,home,Renan Lodi,55,0
https://www.xscores.com/soccer/match/nottingham-forest-vs-everton/05-03-2023/1206084,Nottingham Forest,Everton,2023-03-05T14:00:00,Yellow card,away,Demarai Gray,56,0
https://www.xscores.com/soccer/match/nottingham-forest-vs-everton/05-03-2023/1206084,Nottingham Forest,Everton,2023-03-05T14:00:00,Yellow card,away,James Tarkowski,57,0
https://www.xscores.com/soccer/match/nottingham-forest-vs-everton/05-03-2023/1206084,Nottingham Forest,Everton,2023-03-05T14:00:00,Yellow card,home,Felipe,79,0
https://www.xscores.com/soccer/match/nottingham-forest-vs-everton/05-03-2023/1206084,Nottingham Forest,Everton,2023-03-05T14:00:00,Yellow card,away,Tom Davies,90,4
https://www.xscores.com/soccer/match/liverpool-vs-manchester-united/05-03-2023/1206090,Liverpool,Manchester United,2023-03-05T16:30:00,Yellow card,home,Fabinho,41,0
https://www.xscores.com/soccer/match/liverpool-vs-manchester-united/05-03-2023/1206090,Liverpool,Manchester United,2023-03-05T16:30:00,Yellow card,away,Antony,53,0
https://www.xscores.com/soccer/match/liverpool-vs-manchester-united/05-03-2023/1206090,Liverpool,Manchester United,2023-03-05T16:30:00,Yellow card,away,Lisandro Martinez,61,0
https://www.xscores.com/soccer/match/liverpool-vs-manchester-united/05-03-2023/1206090,Liverpool,Manchester United,2023-03-05T16:30:00,Yellow card,away,Scott McTominay,64,0
https://www.xscores.com/soccer/match/liverpool-vs-manchester-united/05-03-2023/1206090,Liverpool,Manchester United,2023-03-05T16:30:00,Yellow card,home,Mohamed Salah,84,0
https://www.xscores.com/soccer/match/brentford-vs-fulham/06-03-2023/1206093,Brentford,Fulham,2023-03-06T20:00:00,Yellow card,away,Willian,25,0
https://www.xscores.com/soccer/match/brentford-vs-fulham/06-03-2023/1206093,Brentford,Fulham,2023-03-06T20:00:00,Yellow card,away,Sasa Lukic,35,0
https://www.xscores.com/soccer/match/brentford-vs-fulham/06-03-2023/1206093,Brentford,Fulham,2023-03-06T20:00:00,Yellow card,away,Aleksandar Mitrovic,61,0
https://www.xscores.com/soccer/match/bournemouth-vs-liverpool/11-03-2023/1206087,Bournemouth,Liverpool,2023-03-11T12:30:00,Yellow card,home,Philip Billing,46,0
https://www.xscores.com/soccer/match/bournemouth-vs-liverpool/11-03-2023/1206087,Bournemouth,Liverpool,2023-03-11T12:30:00,Yellow card,home,Jaidon Anthony,51,0
https://www.xscores.com/soccer/match/bournemouth-vs-liverpool/11-03-2023/1206087,Bournemouth,Liverpool,2023-03-11T12:30:00,Yellow card,away,Ibrahima Konate,75,0
https://www.xscores.com/soccer/match/everton-vs-brentford/11-03-2023/1206101,Everton,Brentford,2023-03-11T15:00:00,Yellow card,away,Christian Noergaard,45,1
https://www.xscores.com/soccer/match/everton-vs-brentford/11-03-2023/1206101,Everton,Brentford,2023-03-11T15:00:00,Yellow card,home,Seamus Coleman,61,0
https://www.xscores.com/soccer/match/everton-vs-brentford/11-03-2023/1206101,Everton,Brentford,2023-03-11T15:00:00,Yellow card,home,Abdoulaye Doucoure,71,0
https://www.xscores.com/soccer/match/leeds-vs-brighton/11-03-2023/1206099,Leeds,Brighton,2023-03-11T15:00:00,Yellow card,away,Moises Caicedo,83,0
https://www.xscores.com/soccer/match/leeds-vs-brighton/11-03-2023/1206099,Leeds,Brighton,2023-03-11T15:00:00,Yellow card,home,Junior Firpo,90,0
https://www.xscores.com/soccer/match/leicester-vs-chelsea/11-03-2023/1206098,Leicester,Chelsea,2023-03-11T15:00:00,Yellow card,away,Wesley Fofana,13,0
https://www.xscores.com/soccer/match/leicester-vs-chelsea/11-03-2023/1206098,Leicester,Chelsea,2023-03-11T15:00:00,Yellow card,home,Wout Faes,19,0
https://www.xscores.com/soccer/match/leicester-vs-chelsea/11-03-2023/1206098,Leicester,Chelsea,2023-03-11T15:00:00,Yellow card,away,Marc Cucurella,31,0
https://www.xscores.com/soccer/match/leicester-vs-chelsea/11-03-2023/1206098,Leicester,Chelsea,2023-03-11T15:00:00,Yellow card,home,Ricardo Pereira,51,0
https://www.xscores.com/soccer/match/leicester-vs-chelsea/11-03-2023/1206098,Leicester,Chelsea,2023-03-11T15:00:00,Yellow card 2,home,Wout Faes,87,0
https://www.xscores.com/soccer/match/tottenham-vs-nottingham-forest/11-03-2023/1206103,Tottenham,Nottingham Forest,2023-03-11T15:00:00,Yellow card,away,Renan Lodi,55,0
https://www.xscores.com/soccer/match/tottenham-vs-nottingham-forest/11-03-2023/1206103,Tottenham,Nottingham Forest,2023-03-11T15:00:00,Yellow card,home,Oliver Skipp,69,0
https://www.xscores.com/soccer/match/tottenham-vs-nottingham-forest/11-03-2023/1206103,Tottenham,Nottingham Forest,2023-03-11T15:00:00,Yellow card,home,Eric Dier,71,0
https://www.xscores.com/soccer/match/tottenham-vs-nottingham-forest/11-03-2023/1206103,Tottenham,Nottingham Forest,2023-03-11T15:00:00,Yellow card,home,Pierre-Emile Hoejbjerg,90,1
https://www.xscores.com/soccer/match/tottenham-vs-nottingham-forest/11-03-2023/1206103,Tottenham,Nottingham Forest,2023-03-11T15:00:00,Yellow card,away,Steve Cooper,90,9
https://www.xscores.com/soccer/match/crystal-palace-vs-manchester-city/11-03-2023/1206088,Crystal Palace,Manchester City,2023-03-11T17:30:00,Yellow card,home,Luka Milivojevic,30,0
https://www.xscores.com/soccer/match/crystal-palace-vs-manchester-city/11-03-2023/1206088,Crystal Palace,Manchester City,2023-03-11T17:30:00,Yellow card,away,Ruben Dias,59,0
https://www.xscores.com/soccer/match/crystal-palace-vs-manchester-city/11-03-2023/1206088,Crystal Palace,Manchester City,2023-03-11T17:30:00,Yellow card,away,Nathan Ake,65,0
https://www.xscores.com/soccer/match/crystal-palace-vs-manchester-city/11-03-2023/1206088,Crystal Palace,Manchester City,2023-03-11T17:30:00,Yellow card,home,Joachim Andersen,90,3
https://www.xscores.com/soccer/match/fulham-vs-arsenal/12-03-2023/1206100,Fulham,Arsenal,2023-03-12T14:00:00,Yellow card,away,Martin Oedegaard,74,0
https://www.xscores.com/soccer/match/manchester-united-vs-southampton/12-03-2023/1206097,Manchester United,Southampton,2023-03-12T14:00:00,Yellow card,home,Lisandro Martinez,10,0
https://www.xscores.com/soccer/match/manchester-united-vs-southampton/12-03-2023/1206097,Manchester United,Southampton,2023-03-12T14:00:00,Red card,home,Casemiro,34,0
https://www.xscores.com/soccer/match/manchester-united-vs-southampton/12-03-2023/1206097,Manchester United,Southampton,2023-03-12T14:00:00,Yellow card,home,Luke Shaw,90,6
https://www.xscores.com/soccer/match/west-ham-vs-aston-villa/12-03-2023/1206114,West Ham,Aston Villa,2023-03-12T14:00:00,Yellow card,home,Lucas Paqueta,70,0
https://www.xscores.com/soccer/match/newcastle-vs-wolverhampton/12-03-2023/1206102,Newcastle,Wolverhampton,2023-03-12T16:30:00,Yellow card,away,Daniel Podence,44,0
https://www.xscores.com/soccer/match/newcastle-vs-wolverhampton/12-03-2023/1206102,Newcastle,Wolverhampton,2023-03-12T16:30:00,Yellow card,away,Nelson Semedo,58,0
https://www.xscores.com/soccer/match/newcastle-vs-wolverhampton/12-03-2023/1206102,Newcastle,Wolverhampton,2023-03-12T16:30:00,Yellow card,home,Alexander Isak,68,0
https://www.xscores.com/soccer/match/nottingham-forest-vs-newcastle/17-03-2023/1206107,Nottingham Forest,Newcastle,2023-03-17T20:00:00,Yellow card,home,Emmanuel Dennis,22,0
https://www.xscores.com/soccer/match/nottingham-forest-vs-newcastle/17-03-2023/1206107,Nottingham Forest,Newcastle,2023-03-17T20:00:00,Yellow card,away,Daniel Burn,33,0
https://www.xscores.com/soccer/match/nottingham-forest-vs-newcastle/17-03-2023/1206107,Nottingham Forest,Newcastle,2023-03-17T20:00:00,Yellow card,home,Morgan Gibbs-White,59,0
https://www.xscores.com/soccer/match/nottingham-forest-vs-newcastle/17-03-2023/1206107,Nottingham Forest,Newcastle,2023-03-17T20:00:00,Yellow card,home,Jonjo Shelvey,90,2
https://www.xscores.com/soccer/match/nottingham-forest-vs-newcastle/17-03-2023/1206107,Nottingham Forest,Newcastle,2023-03-17T20:00:00,Yellow card,home,Keylor Navas,90,3
https://www.xscores.com/soccer/match/nottingham-forest-vs-newcastle/17-03-2023/1206107,Nottingham Forest,Newcastle,2023-03-17T20:00:00,Yellow card,home,Renan Lodi,90,6
https://www.xscores.com/soccer/match/aston-villa-vs-bournemouth/18-03-2023/1206116,Aston Villa,Bournemouth,2023-03-18T15:00:00,Yellow card,away,Philip Billing,14,0
https://www.xscores.com/soccer/match/aston-villa-vs-bournemouth/18-03-2023/1206116,Aston Villa,Bournemouth,2023-03-18T15:00:00,Yellow card,home,John McGinn,36,0
https://www.xscores.com/soccer/match/aston-villa-vs-bournemouth/18-03-2023/1206116,Aston Villa,Bournemouth,2023-03-18T15:00:00,Yellow card,away,Jefferson Lerma,58,0
https://www.xscores.com/soccer/match/aston-villa-vs-bournemouth/18-03-2023/1206116,Aston Villa,Bournemouth,2023-03-18T15:00:00,Yellow card,away,Marcos Senesi,66,0
https://www.xscores.com/soccer/match/aston-villa-vs-bournemouth/18-03-2023/1206116,Aston Villa,Bournemouth,2023-03-18T15:00:00,Yellow card,away,Jack Stephens,79,0
https://www.xscores.com/soccer/match/brentford-vs-leicester/18-03-2023/1206117,Brentford,Leicester,2023-03-18T15:00:00,Yellow card,away,James Maddison,22,0
https://www.xscores.com/soccer/match/brentford-vs-leicester/18-03-2023/1206117,Brentford,Leicester,2023-03-18T15:00:00,Yellow card,home,Christian Noergaard,40,0
https://www.xscores.com/soccer/match/brentford-vs-leicester/18-03-2023/1206117,Brentford,Leicester,2023-03-18T15:00:00,Yellow card,away,Boubakary Soumare,84,0
https://www.xscores.com/soccer/match/brentford-vs-leicester/18-03-2023/1206117,Brentford,Leicester,2023-03-18T15:00:00,Yellow card,home,Shandon Baptiste,89,0
https://www.xscores.com/soccer/match/brentford-vs-leicester/18-03-2023/1206117,Brentford,Leicester,2023-03-18T15:00:00,Yellow card 2,home,Shandon Baptiste,90,2
https://www.xscores.com/soccer/match/southampton-vs-tottenham/18-03-2023/1206106,Southampton,Tottenham,2023-03-18T15:00:00,Yellow card,away,Oliver Skipp,85,0
https://www.xscores.com/soccer/match/southampton-vs-tottenham/18-03-2023/1206106,Southampton,Tottenham,2023-03-18T15:00:00,Yellow card,home,Kamaldeen Sulemana,87,0
https://www.xscores.com/soccer/match/wolverhampton-vs-leeds/18-03-2023/1206105,Wolverhampton,Leeds,2023-03-18T15:00:00,Yellow card,away,Luke Ayling,24,0
https://www.xscores.com/soccer/match/wolverhampton-vs-leeds/18-03-2023/1206105,Wolverhampton,Leeds,2023-03-18T15:00:00,Yellow card,home,Craig Dawson,37,0
https://www.xscores.com/soccer/match/wolverhampton-vs-leeds/18-03-2023/1206105,Wolverhampton,Leeds,2023-03-18T15:00:00,Yellow card,away,Junior Firpo,45,2
https://www.xscores.com/soccer/match/wolverhampton-vs-leeds/18-03-2023/1206105,Wolverhampton,Leeds,2023-03-18T15:00:00,Yellow card,away,Weston McKennie,45,3
https://www.xscores.com/soccer/match/wolverhampton-vs-leeds/18-03-2023/1206105,Wolverhampton,Leeds,2023-03-18T15:00:00,Yellow card,home,Nelson Semedo,53,0
https://www.xscores.com/soccer/match/wolverhampton-vs-leeds/18-03-2023/1206105,Wolverhampton,Leeds,2023-03-18T15:00:00,Yellow card,away,Marc Roca,75,0
https://www.xscores.com/soccer/match/wolverhampton-vs-leeds/18-03-2023/1206105,Wolverhampton,Leeds,2023-03-18T15:00:00,Red card,home,Jonny,84,0
https://www.xscores.com/soccer/match/wolverhampton-vs-leeds/18-03-2023/1206105,Wolverhampton,Leeds,2023-03-18T15:00:00,Yellow card,home,Joao Gomes,87,0
https://www.xscores.com/soccer/match/wolverhampton-vs-leeds/18-03-2023/1206105,Wolverhampton,Leeds,2023-03-18T15:00:00,Red card,home,Matheus Nunes,90,10
https://www.xscores.com/soccer/match/wolverhampton-vs-leeds/18-03-2023/1206105,Wolverhampton,Leeds,2023-03-18T15:00:00,Yellow card,away,Illan Meslier,90,12
https://www.xscores.com/soccer/match/chelsea-vs-everton/18-03-2023/1206120,Chelsea,Everton,2023-03-18T17:30:00,Yellow card,away,Idrissa Gana Gueye,29,0
https://www.xscores.com/soccer/match/chelsea-vs-everton/18-03-2023/1206120,Chelsea,Everton,2023-03-18T17:30:00,Yellow card,away,Dwight McNeil,45,1
https://www.xscores.com/soccer/match/chelsea-vs-everton/18-03-2023/1206120,Chelsea,Everton,2023-03-18T17:30:00,Yellow card,home,Kalidou Koulibaly,57,0
https://www.xscores.com/soccer/match/chelsea-vs-everton/18-03-2023/1206120,Chelsea,Everton,2023-03-18T17:30:00,Yellow card,home,Reece James,74,0
https://www.xscores.com/soccer/match/arsenal-vs-crystal-palace/19-03-2023/1206115,Arsenal,Crystal Palace,2023-03-19T14:00:00,Yellow card,away,James Tomkins,59,0
https://www.xscores.com/soccer/match/manchester-city-vs-west-ham/03-05-2023/1206118,Manchester City,West Ham,2023-05-03T20:00:00,Yellow card,away,Flynn Downes,49,0
https://www.xscores.com/soccer/match/brighton-vs-manchester-united/04-05-2023/1206108,Brighton,Manchester United,2023-05-04T20:00:00,Yellow card,away,Casemiro,44,0
https://www.xscores.com/soccer/match/brighton-vs-manchester-united/04-05-2023/1206108,Brighton,Manchester United,2023-05-04T20:00:00,Yellow card,home,Adam Webster,52,0
https://www.xscores.com/soccer/match/brighton-vs-manchester-united/04-05-2023/1206108,Brighton,Manchester United,2023-05-04T20:00:00,Yellow card,away,Diogo Dalot,59,0
https://www.xscores.com/soccer/match/brighton-vs-manchester-united/04-05-2023/1206108,Brighton,Manchester United,2023-05-04T20:00:00,Yellow card,away,Antony,70,0
https://www.xscores.com/soccer/match/brighton-vs-manchester-united/04-05-2023/1206108,Brighton,Manchester United,2023-05-04T20:00:00,Yellow card,home,Lewis Dunk,70,0
https://www.xscores.com/soccer/match/brighton-vs-manchester-united/04-05-2023/1206108,Brighton,Manchester United,2023-05-04T20:00:00,Yellow card,home,Levi Colwill,77,0
https://www.xscores.com/soccer/match/brighton-vs-manchester-united/04-05-2023/1206108,Brighton,Manchester United,2023-05-04T20:00:00,Yellow card,home,Moises Caicedo,87,0
https://www.xscores.com/soccer/match/brighton-vs-manchester-united/04-05-2023/1206108,Brighton,Manchester United,2023-05-04T20:00:00,Yellow card,away,Luke Shaw,90,4
https://www.xscores.com/soccer/match/manchester-city-vs-liverpool/01-04-2023/1206121,Manchester City,Liverpool,2023-04-01T12:30:00,Yellow card,away,Mohamed Salah,19,0
https://www.xscores.com/soccer/match/manchester-city-vs-liverpool/01-04-2023/1206121,Manchester City,Liverpool,2023-04-01T12:30:00,Yellow card,home,Rodri,33,0
https://www.xscores.com/soccer/match/arsenal-vs-leeds/01-04-2023/1206104,Arsenal,Leeds,2023-04-01T15:00:00,Yellow card,away,Robin Koch,45,0
https://www.xscores.com/soccer/match/arsenal-vs-leeds/01-04-2023/1206104,Arsenal,Leeds,2023-04-01T15:00:00,Yellow card,away,Patrick Bamford,90,1
https://www.xscores.com/soccer/match/bournemouth-vs-fulham/01-04-2023/1206113,Bournemouth,Fulham,2023-04-01T15:00:00,Yellow card,away,Andreas Pereira,59,0
https://www.xscores.com/soccer/match/bournemouth-vs-fulham/01-04-2023/1206113,Bournemouth,Fulham,2023-04-01T15:00:00,Yellow card,home,Jefferson Lerma,60,0
https://www.xscores.com/soccer/match/bournemouth-vs-fulham/01-04-2023/1206113,Bournemouth,Fulham,2023-04-01T15:00:00,Yellow card,away,Kenny Tete,67,0
https://www.xscores.com/soccer/match/bournemouth-vs-fulham/01-04-2023/1206113,Bournemouth,Fulham,2023-04-01T15:00:00,Yellow card,away,Tom Cairney,81,0
https://www.xscores.com/soccer/match/bournemouth-vs-fulham/01-04-2023/1206113,Bournemouth,Fulham,2023-04-01T15:00:00,Yellow card,away,Antonee Robinson,90,2
https://www.xscores.com/soccer/match/brighton-vs-brentford/01-04-2023/1206112,Brighton,Brentford,2023-04-01T15:00:00,Yellow card,away,Aaron Hickey,89,0
https://www.xscores.com/soccer/match/brighton-vs-brentford/01-04-2023/1206112,Brighton,Brentford,2023-04-01T15:00:00,Yellow card,home,Pascal Gross,90,4
https://www.xscores.com/soccer/match/brighton-vs-brentford/01-04-2023/1206112,Brighton,Brentford,2023-04-01T15:00:00,Yellow card,home,Alexis Mac Allister,90,6
https://www.xscores.com/soccer/match/crystal-palace-vs-leicester/01-04-2023/1206110,Crystal Palace,Leicester,2023-04-01T15:00:00,Yellow card,away,Victor Kristiansen,29,0
https://www.xscores.com/soccer/match/crystal-palace-vs-leicester/01-04-2023/1206110,Crystal Palace,Leicester,2023-04-01T15:00:00,Yellow card,away,Harry Souttar,68,0
https://www.xscores.com/soccer/match/crystal-palace-vs-leicester/01-04-2023/1206110,Crystal Palace,Leicester,2023-04-01T15:00:00,Yellow card,home,Eberechi Eze,81,0
https://www.xscores.com/soccer/match/crystal-palace-vs-leicester/01-04-2023/1206110,Crystal Palace,Leicester,2023-04-01T15:00:00,Yellow card,away,Kiernan Dewsbury-Hall,83,0
https://www.xscores.com/soccer/match/crystal-palace-vs-leicester/01-04-2023/1206110,Crystal Palace,Leicester,2023-04-01T15:00:00,Yellow card,home,Marc Guehi,88,0
https://www.xscores.com/soccer/match/crystal-palace-vs-leicester/01-04-2023/1206110,Crystal Palace,Leicester,2023-04-01T15:00:00,Yellow card,away,Wilfred Ndidi,89,0
https://www.xscores.com/soccer/match/crystal-palace-vs-leicester/01-04-2023/1206110,Crystal Palace,Leicester,2023-04-01T15:00:00,Yellow card,home,Jean-Philippe Mateta,90,5
https://www.xscores.com/soccer/match/nottingham-forest-vs-wolverhampton/01-04-2023/1206128,Nottingham Forest,Wolverhampton,2023-04-01T15:00:00,Yellow card,home,Remo Freuler,35,0
https://www.xscores.com/soccer/match/nottingham-forest-vs-wolverhampton/01-04-2023/1206128,Nottingham Forest,Wolverhampton,2023-04-01T15:00:00,Yellow card,home,Brennan Johnson,40,0
https://www.xscores.com/soccer/match/nottingham-forest-vs-wolverhampton/01-04-2023/1206128,Nottingham Forest,Wolverhampton,2023-04-01T15:00:00,Yellow card,away,Ruben Neves,42,0
https://www.xscores.com/soccer/match/nottingham-forest-vs-wolverhampton/01-04-2023/1206128,Nottingham Forest,Wolverhampton,2023-04-01T15:00:00,Yellow card,away,Joao Moutinho,45,0
https://www.xscores.com/soccer/match/nottingham-forest-vs-wolverhampton/01-04-2023/1206128,Nottingham Forest,Wolverhampton,2023-04-01T15:00:00,Yellow card,home,Harry Toffolo,49,0
https://www.xscores.com/soccer/match/nottingham-forest-vs-wolverhampton/01-04-2023/1206128,Nottingham Forest,Wolverhampton,2023-04-01T15:00:00,Yellow card,away,Nelson Semedo,79,0
https://www.xscores.com/soccer/match/nottingham-forest-vs-wolverhampton/01-04-2023/1206128,Nottingham Forest,Wolverhampton,2023-04-01T15:00:00,Yellow card,away,Pablo Sarabia,85,0
https://www.xscores.com/soccer/match/nottingham-forest-vs-wolverhampton/01-04-2023/1206128,Nottingham Forest,Wolverhampton,2023-04-01T15:00:00,Yellow card,away,Toti Gomes,90,3
https://www.xscores.com/soccer/match/chelsea-vs-aston-villa/01-04-2023/1206111,Chelsea,Aston Villa,2023-04-01T17:30:00,Yellow card,away,Boubacar Kamara,4,0
https://www.xscores.com/soccer/match/chelsea-vs-aston-villa/01-04-2023/1206111,Chelsea,Aston Villa,2023-04-01T17:30:00,Yellow card,home,Mateo Kovacic,39,0
https://www.xscores.com/soccer/match/chelsea-vs-aston-villa/01-04-2023/1206111,Chelsea,Aston Villa,2023-04-01T17:30:00,Yellow card,home,Ben Chilwell,54,0
https://www.xscores.com/soccer/match/chelsea-vs-aston-villa/01-04-2023/1206111,Chelsea,Aston Villa,2023-04-01T17:30:00,Yellow card,home,Enzo Fernandez,68,0
https://www.xscores.com/soccer/match/chelsea-vs-aston-villa/01-04-2023/1206111,Chelsea,Aston Villa,2023-04-01T17:30:00,Yellow card,away,Calum Chambers,84,0
https://www.xscores.com/soccer/match/chelsea-vs-aston-villa/01-04-2023/1206111,Chelsea,Aston Villa,2023-04-01T17:30:00,Yellow card,away,Lucas Digne,90,3
https://www.xscores.com/soccer/match/west-ham-vs-southampton/02-04-2023/1206127,West Ham,Southampton,2023-04-02T14:00:00,Yellow card,away,Duje Caleta-Car,43,0
https://www.xscores.com/soccer/match/west-ham-vs-southampton/02-04-2023/1206127,West Ham,Southampton,2023-04-02T14:00:00,Yellow card,away,Jan Bednarek,74,0
https://www.xscores.com/soccer/match/everton-vs-tottenham/03-04-2023/1206109,Everton,Tottenham,2023-04-03T20:00:00,Red card,home,Abdoulaye Doucoure,58,0
https://www.xscores.com/soccer/match/everton-vs-tottenham/03-04-2023/1206109,Everton,Tottenham,2023-04-03T20:00:00,Yellow card,away,Harry Kane,60,0
https://www.xscores.com/soccer/match/everton-vs-tottenham/03-04-2023/1206109,Everton,Tottenham,2023-04-03T20:00:00,Yellow card,away,Clement Lenglet,64,0
https://www.xscores.com/soccer/match/everton-vs-tottenham/03-04-2023/1206109,Everton,Tottenham,2023-04-03T20:00:00,Yellow card,away,Cristian Romero,79,0
https://www.xscores.com/soccer/match/everton-vs-tottenham/03-04-2023/1206109,Everton,Tottenham,2023-04-03T20:00:00,Red card,away,Lucas Moura,88,0
https://www.xscores.com/soccer/match/aston-villa-vs-nottingham-forest/08-04-2023/1206122,Aston Villa,Nottingham Forest,2023-04-08T15:00:00,Yellow card,home,Alex Moreno,35,0
https://www.xscores.com/soccer/match/aston-villa-vs-nottingham-forest/08-04-2023/1206122,Aston Villa,Nottingham Forest,2023-04-08T15:00:00,Yellow card,away,Jonjo Shelvey,36,0
https://www.xscores.com/soccer/match/aston-villa-vs-nottingham-forest/08-04-2023/1206122,Aston Villa,Nottingham Forest,2023-04-08T15:00:00,Yellow card,away,Taiwo Awoniyi,85,0
https://www.xscores.com/soccer/match/aston-villa-vs-nottingham-forest/08-04-2023/1206122,Aston Villa,Nottingham Forest,2023-04-08T15:00:00,Yellow card,home,Ezri Konsa,85,0
https://www.xscores.com/soccer/match/aston-villa-vs-nottingham-forest/08-04-2023/1206122,Aston Villa,Nottingham Forest,2023-04-08T15:00:00,Yellow card,away,Orel Mangala,90,0
https://www.xscores.com/soccer/match/aston-villa-vs-nottingham-forest/08-04-2023/1206122,Aston Villa,Nottingham Forest,2023-04-08T15:00:00,Yellow card,away,Harry Toffolo,90,1
https://www.xscores.com/soccer/match/aston-villa-vs-nottingham-forest/08-04-2023/1206122,Aston Villa,Nottingham Forest,2023-04-08T15:00:00,Yellow card,home,Ollie Watkins,90,5
https://www.xscores.com/soccer/match/brentford-vs-newcastle/08-04-2023/1206123,Brentford,Newcastle,2023-04-08T15:00:00,Yellow card,away,Sven Botman,28,0
https://www.xscores.com/soccer/match/brentford-vs-newcastle/08-04-2023/1206123,Brentford,Newcastle,2023-04-08T15:00:00,Yellow card,away,Alexander Isak,87,0
https://www.xscores.com/soccer/match/fulham-vs-west-ham/08-04-2023/1206124,Fulham,West Ham,2023-04-08T15:00:00,Yellow card,home,Vinicius,62,0
https://www.xscores.com/soccer/match/fulham-vs-west-ham/08-04-2023/1206124,Fulham,West Ham,2023-04-08T15:00:00,Yellow card,away,Declan Rice,73,0
https://www.xscores.com/soccer/match/leicester-vs-bournemouth/08-04-2023/1206126,Leicester,Bournemouth,2023-04-08T15:00:00,Yellow card,away,Joe Rothwell,33,0
https://www.xscores.com/soccer/match/leicester-vs-bournemouth/08-04-2023/1206126,Leicester,Bournemouth,2023-04-08T15:00:00,Yellow card,away,Lloyd Kelly,79,0
https://www.xscores.com/soccer/match/leicester-vs-bournemouth/08-04-2023/1206126,Leicester,Bournemouth,2023-04-08T15:00:00,Yellow card,away,Adam Smith,80,0
https://www.xscores.com/soccer/match/tottenham-vs-brighton/08-04-2023/1206137,Tottenham,Brighton,2023-04-08T15:00:00,Red card,home,Cristian Stellini,59,0
https://www.xscores.com/soccer/match/tottenham-vs-brighton/08-04-2023/1206137,Tottenham,Brighton,2023-04-08T15:00:00,Yellow card,away,Pascal Gross,64,0
https://www.xscores.com/soccer/match/tottenham-vs-brighton/08-04-2023/1206137,Tottenham,Brighton,2023-04-08T15:00:00,Yellow card,home,Ivan Perisic,67,0
https://www.xscores.com/soccer/match/tottenham-vs-brighton/08-04-2023/1206137,Tottenham,Brighton,2023-04-08T15:00:00,Yellow card,home,Pierre-Emile Hoejbjerg,87,0
https://www.xscores.com/soccer/match/tottenham-vs-brighton/08-04-2023/1206137,Tottenham,Brighton,2023-04-08T15:00:00,Yellow card,home,Cristian Romero,90,1
https://www.xscores.com/soccer/match/wolverhampton-vs-chelsea/08-04-2023/1206136,Wolverhampton,Chelsea,2023-04-08T15:00:00,Yellow card,home,Mario Lemina,39,0
https://www.xscores.com/soccer/match/wolverhampton-vs-chelsea/08-04-2023/1206136,Wolverhampton,Chelsea,2023-04-08T15:00:00,Yellow card,away,Marc Cucurella,49,0
https://www.xscores.com/soccer/match/wolverhampton-vs-chelsea/08-04-2023/1206136,Wolverhampton,Chelsea,2023-04-08T15:00:00,Yellow card,home,Joao Gomes,59,0
https://www.xscores.com/soccer/match/wolverhampton-vs-chelsea/08-04-2023/1206136,Wolverhampton,Chelsea,2023-04-08T15:00:00,Yellow card,away,Raheem Sterling,63,0
https://www.xscores.com/soccer/match/wolverhampton-vs-chelsea/08-04-2023/1206136,Wolverhampton,Chelsea,2023-04-08T15:00:00,Yellow card,away,Conor Gallagher,67,0
https://www.xscores.com/soccer/match/wolverhampton-vs-chelsea/08-04-2023/1206136,Wolverhampton,Chelsea,2023-04-08T15:00:00,Yellow card,away,Mateo Kovacic,87,0
https://www.xscores.com/soccer/match/wolverhampton-vs-chelsea/08-04-2023/1206136,Wolverhampton,Chelsea,2023-04-08T15:00:00,Yellow card,away,Ben Chilwell,89,0
https://www.xscores.com/soccer/match/southampton-vs-manchester-city/08-04-2023/1206138,Southampton,Manchester City,2023-04-08T17:30:00,Yellow card,away,John Stones,36,0
https://www.xscores.com/soccer/match/southampton-vs-manchester-city/08-04-2023/1206138,Southampton,Manchester City,2023-04-08T17:30:00,Yellow card,away,Erling Haaland,56,0
https://www.xscores.com/soccer/match/leeds-vs-crystal-palace/09-04-2023/1206125,Leeds,Crystal Palace,2023-04-09T14:00:00,Yellow card,home,Junior Firpo,44,0
https://www.xscores.com/soccer/match/leeds-vs-crystal-palace/09-04-2023/1206125,Leeds,Crystal Palace,2023-04-09T14:00:00,Yellow card,away,Joel Ward,50,0
https://www.xscores.com/soccer/match/leeds-vs-crystal-palace/09-04-2023/1206125,Leeds,Crystal Palace,2023-04-09T14:00:00,Yellow card,home,Weston McKennie,86,0
https://www.xscores.com/soccer/match/leeds-vs-crystal-palace/09-04-2023/1206125,Leeds,Crystal Palace,2023-04-09T14:00:00,Yellow card,home,Wilfried Gnonto,90,1
https://www.xscores.com/soccer/match/liverpool-vs-arsenal/09-04-2023/1206140,Liverpool,Arsenal,2023-04-09T16:30:00,Yellow card,away,Ben White,23,0
https://www.xscores.com/soccer/match/liverpool-vs-arsenal/09-04-2023/1206140,Liverpool,Arsenal,2023-04-09T16:30:00,Yellow card,home,Virgil van Dijk,31,0
https://www.xscores.com/soccer/match/liverpool-vs-arsenal/09-04-2023/1206140,Liverpool,Arsenal,2023-04-09T16:30:00,Yellow card,away,Granit Xhaka,41,0
https://www.xscores.com/soccer/match/liverpool-vs-arsenal/09-04-2023/1206140,Liverpool,Arsenal,2023-04-09T16:30:00,Yellow card,home,Trent Alexander-Arnold,41,0
https://www.xscores.com/soccer/match/liverpool-vs-arsenal/09-04-2023/1206140,Liverpool,Arsenal,2023-04-09T16:30:00,Yellow card,home,Andrew Robertson,45,5
https://www.xscores.com/soccer/match/liverpool-vs-arsenal/09-04-2023/1206140,Liverpool,Arsenal,2023-04-09T16:30:00,Yellow card,away,Aaron Ramsdale,53,0
https://www.xscores.com/soccer/match/liverpool-vs-arsenal/09-04-2023/1206140,Liverpool,Arsenal,2023-04-09T16:30:00,Yellow card,home,Fabinho,55,0
https://www.xscores.com/soccer/match/liverpool-vs-arsenal/09-04-2023/1206140,Liverpool,Arsenal,2023-04-09T16:30:00,Yellow card,away,Bukayo Saka,84,0
https://www.xscores.com/soccer/match/aston-villa-vs-newcastle/15-04-2023/1206135,Aston Villa,Newcastle,2023-04-15T12:30:00,Yellow card,away,Fabian Schaer,22,0
https://www.xscores.com/soccer/match/aston-villa-vs-newcastle/15-04-2023/1206135,Aston Villa,Newcastle,2023-04-15T12:30:00,Yellow card,home,Jhon Duran,90,3
https://www.xscores.com/soccer/match/chelsea-vs-brighton/15-04-2023/1206134,Chelsea,Brighton,2023-04-15T15:00:00,Yellow card,away,Joel Veltman,4,0
https://www.xscores.com/soccer/match/chelsea-vs-brighton/15-04-2023/1206134,Chelsea,Brighton,2023-04-15T15:00:00,Yellow card,home,Conor Gallagher,45,0
https://www.xscores.com/soccer/match/chelsea-vs-brighton/15-04-2023/1206134,Chelsea,Brighton,2023-04-15T15:00:00,Yellow card,home,Trevoh Chalobah,51,0
https://www.xscores.com/soccer/match/chelsea-vs-brighton/15-04-2023/1206134,Chelsea,Brighton,2023-04-15T15:00:00,Yellow card,away,Robert Sanchez,77,0
https://www.xscores.com/soccer/match/everton-vs-fulham/15-04-2023/1206133,Everton,Fulham,2023-04-15T15:00:00,Yellow card,home,Idrissa Gana Gueye,27,0
https://www.xscores.com/soccer/match/everton-vs-fulham/15-04-2023/1206133,Everton,Fulham,2023-04-15T15:00:00,Yellow card,home,Demarai Gray,70,0
https://www.xscores.com/soccer/match/everton-vs-fulham/15-04-2023/1206133,Everton,Fulham,2023-04-15T15:00:00,Yellow card,home,Vitalii Mykolenko,80,0
https://www.xscores.com/soccer/match/everton-vs-fulham/15-04-2023/1206133,Everton,Fulham,2023-04-15T15:00:00,Yellow card,away,Tosin Adarabioyo,81,0
https://www.xscores.com/soccer/match/everton-vs-fulham/15-04-2023/1206133,Everton,Fulham,2023-04-15T15:00:00,Yellow card,away,Bernd Leno,90,6
https://www.xscores.com/soccer/match/southampton-vs-crystal-palace/15-04-2023/1206149,Southampton,Crystal Palace,2023-04-15T15:00:00,Yellow card,away,Joachim Andersen,43,0
https://www.xscores.com/soccer/match/southampton-vs-crystal-palace/15-04-2023/1206149,Southampton,Crystal Palace,2023-04-15T15:00:00,Yellow card,home,Romeo Lavia,52,0
https://www.xscores.com/soccer/match/southampton-vs-crystal-palace/15-04-2023/1206149,Southampton,Crystal Palace,2023-04-15T15:00:00,Yellow card,home,Jan Bednarek,90,0
https://www.xscores.com/soccer/match/southampton-vs-crystal-palace/15-04-2023/1206149,Southampton,Crystal Palace,2023-04-15T15:00:00,Yellow card,home,Armel Bella-Kotchap,90,2
https://www.xscores.com/soccer/match/wolverhampton-vs-brentford/15-04-2023/1206152,Wolverhampton,Brentford,2023-04-15T15:00:00,Yellow card,away,Mathias Jensen,12,0
https://www.xscores.com/soccer/match/wolverhampton-vs-brentford/15-04-2023/1206152,Wolverhampton,Brentford,2023-04-15T15:00:00,Yellow card,home,Joao Gomes,35,0
https://www.xscores.com/soccer/match/tottenham-vs-bournemouth/15-04-2023/1206150,Tottenham,Bournemouth,2023-04-15T15:15:00,Yellow card,away,Ryan Christie,45,0
https://www.xscores.com/soccer/match/tottenham-vs-bournemouth/15-04-2023/1206150,Tottenham,Bournemouth,2023-04-15T15:15:00,Yellow card,away,Jack Stephens,45,2
https://www.xscores.com/soccer/match/tottenham-vs-bournemouth/15-04-2023/1206150,Tottenham,Bournemouth,2023-04-15T15:15:00,Yellow card,home,Ivan Perisic,58,0
https://www.xscores.com/soccer/match/tottenham-vs-bournemouth/15-04-2023/1206150,Tottenham,Bournemouth,2023-04-15T15:15:00,Yellow card,away,Joe Rothwell,90,2
https://www.xscores.com/soccer/match/manchester-city-vs-leicester/15-04-2023/1206131,Manchester City,Leicester,2023-04-15T17:30:00,Yellow card,home,Bernardo Silva,45,0
https://www.xscores.com/soccer/match/manchester-city-vs-leicester/15-04-2023/1206131,Manchester City,Leicester,2023-04-15T17:30:00,Yellow card,away,Caglar Soyuncu,89,0
https://www.xscores.com/soccer/match/west-ham-vs-arsenal/16-04-2023/1206151,West Ham,Arsenal,2023-04-16T14:00:00,Yellow card,away,Thomas Partey,35,0
https://www.xscores.com/soccer/match/west-ham-vs-arsenal/16-04-2023/1206151,West Ham,Arsenal,2023-04-16T14:00:00,Yellow card,away,Gabriel Jesus,45,4
https://www.xscores.com/soccer/match/west-ham-vs-arsenal/16-04-2023/1206151,West Ham,Arsenal,2023-04-16T14:00:00,Yellow card,home,Aaron Cresswell,82,0
https://www.xscores.com/soccer/match/nottingham-forest-vs-manchester-united/16-04-2023/1206130,Nottingham Forest,Manchester United,2023-04-16T16:30:00,Yellow card,away,Harry Maguire,3,0
https://www.xscores.com/soccer/match/nottingham-forest-vs-manchester-united/16-04-2023/1206130,Nottingham Forest,Manchester United,2023-04-16T16:30:00,Yellow card,home,Neco Williams,67,0
https://www.xscores.com/soccer/match/nottingham-forest-vs-manchester-united/16-04-2023/1206130,Nottingham Forest,Manchester United,2023-04-16T16:30:00,Yellow card,home,Orel Mangala,83,0
https://www.xscores.com/soccer/match/nottingham-forest-vs-manchester-united/16-04-2023/1206130,Nottingham Forest,Manchester United,2023-04-16T16:30:00,Yellow card,away,Wout Weghorst,90,3
https://www.xscores.com/soccer/match/leeds-vs-liverpool/17-04-2023/1206132,Leeds,Liverpool,2023-04-17T20:00:00,Yellow card,away,Fabinho,42,0
https://www.xscores.com/soccer/match/arsenal-vs-southampton/21-04-2023/1206153,Arsenal,Southampton,2023-04-21T20:00:00,Yellow card,away,Carlos Alcaraz,27,0
https://www.xscores.com/soccer/match/arsenal-vs-southampton/21-04-2023/1206153,Arsenal,Southampton,2023-04-21T20:00:00,Yellow card,away,Romain Perraud,32,0
https://www.xscores.com/soccer/match/arsenal-vs-southampton/21-04-2023/1206153,Arsenal,Southampton,2023-04-21T20:00:00,Yellow card,away,Kyle Walker-Peters,42,0
https://www.xscores.com/soccer/match/arsenal-vs-southampton/21-04-2023/1206153,Arsenal,Southampton,2023-04-21T20:00:00,Yellow card,home,Oleksandr Zinchenko,45,4
https://www.xscores.com/soccer/match/arsenal-vs-southampton/21-04-2023/1206153,Arsenal,Southampton,2023-04-21T20:00:00,Yellow card,away,Adam Armstrong,76,0
https://www.xscores.com/soccer/match/arsenal-vs-southampton/21-04-2023/1206153,Arsenal,Southampton,2023-04-21T20:00:00,Yellow card,away,Ibrahima Diallo,90,4
https://www.xscores.com/soccer/match/fulham-vs-leeds/22-04-2023/1206142,Fulham,Leeds,2023-04-22T12:30:00,Yellow card,home,Joao Palhinha,16,0
https://www.xscores.com/soccer/match/fulham-vs-leeds/22-04-2023/1206142,Fulham,Leeds,2023-04-22T12:30:00,Yellow card,away,Weston McKennie,37,0
https://www.xscores.com/soccer/match/fulham-vs-leeds/22-04-2023/1206142,Fulham,Leeds,2023-04-22T12:30:00,Yellow card,away,Maximilian Woeber,62,0
https://www.xscores.com/soccer/match/fulham-vs-leeds/22-04-2023/1206142,Fulham,Leeds,2023-04-22T12:30:00,Yellow card,away,Liam Cooper,67,0
https://www.xscores.com/soccer/match/fulham-vs-leeds/22-04-2023/1206142,Fulham,Leeds,2023-04-22T12:30:00,Yellow card,away,Marc Roca,90,4
https://www.xscores.com/soccer/match/brentford-vs-aston-villa/22-04-2023/1206147,Brentford,Aston Villa,2023-04-22T15:00:00,Yellow card,home,Christian Noergaard,23,0
https://www.xscores.com/soccer/match/brentford-vs-aston-villa/22-04-2023/1206147,Brentford,Aston Villa,2023-04-22T15:00:00,Yellow card,away,Ashley Young,29,0
https://www.xscores.com/soccer/match/brentford-vs-aston-villa/22-04-2023/1206147,Brentford,Aston Villa,2023-04-22T15:00:00,Yellow card,home,Kevin Schade,55,0
https://www.xscores.com/soccer/match/brentford-vs-aston-villa/22-04-2023/1206147,Brentford,Aston Villa,2023-04-22T15:00:00,Yellow card,away,Douglas Luiz,70,0
https://www.xscores.com/soccer/match/brentford-vs-aston-villa/22-04-2023/1206147,Brentford,Aston Villa,2023-04-22T15:00:00,Yellow card,home,Vitaly Janelt,71,0
https://www.xscores.com/soccer/match/crystal-palace-vs-everton/22-04-2023/1206141,Crystal Palace,Everton,2023-04-22T15:00:00,Yellow card,home,Tyrick Mitchell,27,0
https://www.xscores.com/soccer/match/crystal-palace-vs-everton/22-04-2023/1206141,Crystal Palace,Everton,2023-04-22T15:00:00,Yellow card,away,Mason Holgate,37,0
https://www.xscores.com/soccer/match/crystal-palace-vs-everton/22-04-2023/1206141,Crystal Palace,Everton,2023-04-22T15:00:00,Yellow card,away,Dominic Calvert-Lewin,63,0
https://www.xscores.com/soccer/match/crystal-palace-vs-everton/22-04-2023/1206141,Crystal Palace,Everton,2023-04-22T15:00:00,Yellow card 2,away,Mason Holgate,80,0
https://www.xscores.com/soccer/match/leicester-vs-wolverhampton/22-04-2023/1206143,Leicester,Wolverhampton,2023-04-22T15:00:00,Yellow card,away,Jose Sa,34,0
https://www.xscores.com/soccer/match/leicester-vs-wolverhampton/22-04-2023/1206143,Leicester,Wolverhampton,2023-04-22T15:00:00,Yellow card,away,Toti Gomes,42,0
https://www.xscores.com/soccer/match/leicester-vs-wolverhampton/22-04-2023/1206143,Leicester,Wolverhampton,2023-04-22T15:00:00,Yellow card,home,Boubakary Soumare,60,0
https://www.xscores.com/soccer/match/leicester-vs-wolverhampton/22-04-2023/1206143,Leicester,Wolverhampton,2023-04-22T15:00:00,Yellow card,away,Matheus Cunha,65,0
https://www.xscores.com/soccer/match/liverpool-vs-nottingham-forest/22-04-2023/1206144,Liverpool,Nottingham Forest,2023-04-22T15:00:00,Yellow card,away,Neco Williams,83,0
https://www.xscores.com/soccer/match/bournemouth-vs-west-ham/23-04-2023/1206148,Bournemouth,West Ham,2023-04-23T14:00:00,Yellow card,home,Kieffer Moore,48,0
https://www.xscores.com/soccer/match/bournemouth-vs-west-ham/23-04-2023/1206148,Bournemouth,West Ham,2023-04-23T14:00:00,Yellow card,away,Naif Aguerd,56,0
https://www.xscores.com/soccer/match/bournemouth-vs-west-ham/23-04-2023/1206148,Bournemouth,West Ham,2023-04-23T14:00:00,Yellow card,away,Lukasz Fabianski,67,0
https://www.xscores.com/soccer/match/newcastle-vs-tottenham/23-04-2023/1206163,Newcastle,Tottenham,2023-04-23T14:00:00,Yellow card,away,Dejan Kulusevski,28,0
https://www.xscores.com/soccer/match/newcastle-vs-tottenham/23-04-2023/1206163,Newcastle,Tottenham,2023-04-23T14:00:00,Yellow card,away,Oliver Skipp,34,0
https://www.xscores.com/soccer/match/newcastle-vs-tottenham/23-04-2023/1206163,Newcastle,Tottenham,2023-04-23T14:00:00,Yellow card,away,Cristian Romero,74,0
https://www.xscores.com/soccer/match/brighton-vs-manchester-city/24-05-2023/1206146,Brighton,Manchester City,2023-05-24T20:00:00,Yellow card,away,Bernardo Silva,41,0
https://www.xscores.com/soccer/match/brighton-vs-manchester-city/24-05-2023/1206146,Brighton,Manchester City,2023-05-24T20:00:00,Yellow card,away,Pep Guardiola,83,0
https://www.xscores.com/soccer/match/brighton-vs-manchester-city/24-05-2023/1206146,Brighton,Manchester City,2023-05-24T20:00:00,Yellow card,home,Joel Veltman,89,0
https://www.xscores.com/soccer/match/brighton-vs-manchester-city/24-05-2023/1206146,Brighton,Manchester City,2023-05-24T20:00:00,Yellow card,home,Jan Paul van Hecke,90,1
https://www.xscores.com/soccer/match/manchester-united-vs-chelsea/25-05-2023/1206145,Manchester United,Chelsea,2023-05-25T20:00:00,Yellow card,away,Enzo Fernandez,75,0
https://www.xscores.com/soccer/match/manchester-united-vs-chelsea/25-05-2023/1206145,Manchester United,Chelsea,2023-05-25T20:00:00,Yellow card,home,Tyrell Malacia,75,0
https://www.xscores.com/soccer/match/wolverhampton-vs-crystal-palace/25-04-2023/1206157,Wolverhampton,Crystal Palace,2023-04-25T19:30:00,Yellow card,away,Luka Milivojevic,13,0
https://www.xscores.com/soccer/match/wolverhampton-vs-crystal-palace/25-04-2023/1206157,Wolverhampton,Crystal Palace,2023-04-25T19:30:00,Yellow card,away,Albert Sambi Lokonga,36,0
https://www.xscores.com/soccer/match/wolverhampton-vs-crystal-palace/25-04-2023/1206157,Wolverhampton,Crystal Palace,2023-04-25T19:30:00,Yellow card,away,Jeffrey Schlupp,70,0
https://www.xscores.com/soccer/match/wolverhampton-vs-crystal-palace/25-04-2023/1206157,Wolverhampton,Crystal Palace,2023-04-25T19:30:00,Yellow card,home,Diego Costa,75,0
https://www.xscores.com/soccer/match/wolverhampton-vs-crystal-palace/25-04-2023/1206157,Wolverhampton,Crystal Palace,2023-04-25T19:30:00,Yellow card,home,Jose Sa,76,0
https://www.xscores.com/soccer/match/wolverhampton-vs-crystal-palace/25-04-2023/1206157,Wolverhampton,Crystal Palace,2023-04-25T19:30:00,Yellow card,home,Toti Gomes,84,0
https://www.xscores.com/soccer/match/wolverhampton-vs-crystal-palace/25-04-2023/1206157,Wolverhampton,Crystal Palace,2023-04-25T19:30:00,Yellow card,away,Sam Johnstone,90,2
https://www.xscores.com/soccer/match/wolverhampton-vs-crystal-palace/25-04-2023/1206157,Wolverhampton,Crystal Palace,2023-04-25T19:30:00,Yellow card,home,Joao Gomes,90,2
https://www.xscores.com/soccer/match/wolverhampton-vs-crystal-palace/25-04-2023/1206157,Wolverhampton,Crystal Palace,2023-04-25T19:30:00,Yellow card,home,Ruben Neves,90,4
https://www.xscores.com/soccer/match/aston-villa-vs-fulham/25-04-2023/1206156,Aston Villa,Fulham,2023-04-25T19:45:00,Yellow card,away,Bobby Reid,45,2
https://www.xscores.com/soccer/match/aston-villa-vs-fulham/25-04-2023/1206156,Aston Villa,Fulham,2023-04-25T19:45:00,Yellow card,home,Ashley Young,74,0
https://www.xscores.com/soccer/match/aston-villa-vs-fulham/25-04-2023/1206156,Aston Villa,Fulham,2023-04-25T19:45:00,Yellow card,away,Joao Palhinha,79,0
https://www.xscores.com/soccer/match/aston-villa-vs-fulham/25-04-2023/1206156,Aston Villa,Fulham,2023-04-25T19:45:00,Yellow card,home,Emiliano Martinez,88,0
https://www.xscores.com/soccer/match/aston-villa-vs-fulham/25-04-2023/1206156,Aston Villa,Fulham,2023-04-25T19:45:00,Yellow card,home,Bertrand Traore,89,0
https://www.xscores.com/soccer/match/leeds-vs-leicester/25-04-2023/1206161,Leeds,Leicester,2023-04-25T20:00:00,Yellow card,home,Luke Ayling,41,0
https://www.xscores.com/soccer/match/leeds-vs-leicester/25-04-2023/1206161,Leeds,Leicester,2023-04-25T20:00:00,Yellow card,home,Rodrigo,45,2
https://www.xscores.com/soccer/match/leeds-vs-leicester/25-04-2023/1206161,Leeds,Leicester,2023-04-25T20:00:00,Yellow card,away,Boubakary Soumare,52,0
https://www.xscores.com/soccer/match/leeds-vs-leicester/25-04-2023/1206161,Leeds,Leicester,2023-04-25T20:00:00,Yellow card,home,Marc Roca,53,0
https://www.xscores.com/soccer/match/leeds-vs-leicester/25-04-2023/1206161,Leeds,Leicester,2023-04-25T20:00:00,Yellow card,home,Liam Cooper,60,0
https://www.xscores.com/soccer/match/leeds-vs-leicester/25-04-2023/1206161,Leeds,Leicester,2023-04-25T20:00:00,Yellow card,away,Youri Tielemans,67,0
https://www.xscores.com/soccer/match/nottingham-forest-vs-brighton/26-04-2023/1206160,Nottingham Forest,Brighton,2023-04-26T19:30:00,Yellow card,home,Felipe,4,0
https://www.xscores.com/soccer/match/nottingham-forest-vs-brighton/26-04-2023/1206160,Nottingham Forest,Brighton,2023-04-26T19:30:00,Yellow card,home,Keylor Navas,90,14
https://www.xscores.com/soccer/match/chelsea-vs-brentford/26-04-2023/1206155,Chelsea,Brentford,2023-04-26T19:45:00,Yellow card,away,Mathias Jensen,46,0
https://www.xscores.com/soccer/match/chelsea-vs-brentford/26-04-2023/1206155,Chelsea,Brentford,2023-04-26T19:45:00,Yellow card,home,Wesley Fofana,72,0
https://www.xscores.com/soccer/match/chelsea-vs-brentford/26-04-2023/1206155,Chelsea,Brentford,2023-04-26T19:45:00,Yellow card,away,Rico Henry,73,0
https://www.xscores.com/soccer/match/manchester-city-vs-arsenal/26-04-2023/1206164,Manchester City,Arsenal,2023-04-26T20:00:00,Yellow card,home,Ruben Dias,45,5
https://www.xscores.com/soccer/match/manchester-city-vs-arsenal/26-04-2023/1206164,Manchester City,Arsenal,2023-04-26T20:00:00,Yellow card,home,Jack Grealish,75,0
https://www.xscores.com/soccer/match/manchester-city-vs-arsenal/26-04-2023/1206164,Manchester City,Arsenal,2023-04-26T20:00:00,Yellow card,away,Thomas Partey,76,0
https://www.xscores.com/soccer/match/manchester-city-vs-arsenal/26-04-2023/1206164,Manchester City,Arsenal,2023-04-26T20:00:00,Yellow card,home,Rodri,88,0
https://www.xscores.com/soccer/match/everton-vs-newcastle/27-04-2023/1206162,Everton,Newcastle,2023-04-27T19:45:00,Yellow card,home,Amadou Onana,40,0
https://www.xscores.com/soccer/match/everton-vs-newcastle/27-04-2023/1206162,Everton,Newcastle,2023-04-27T19:45:00,Yellow card,away,Matt Targett,53,0
https://www.xscores.com/soccer/match/everton-vs-newcastle/27-04-2023/1206162,Everton,Newcastle,2023-04-27T19:45:00,Yellow card,home,Neal Maupay,90,5
https://www.xscores.com/soccer/match/southampton-vs-bournemouth/27-04-2023/1206154,Southampton,Bournemouth,2023-04-27T19:45:00,Yellow card,away,Marcos Senesi,65,0
https://www.xscores.com/soccer/match/southampton-vs-bournemouth/27-04-2023/1206154,Southampton,Bournemouth,2023-04-27T19:45:00,Yellow card,away,Jefferson Lerma,77,0
https://www.xscores.com/soccer/match/southampton-vs-bournemouth/27-04-2023/1206154,Southampton,Bournemouth,2023-04-27T19:45:00,Yellow card,away,Matias Vina,86,0
https://www.xscores.com/soccer/match/tottenham-vs-manchester-united/27-04-2023/1206159,Tottenham,Manchester United,2023-04-27T20:15:00,Yellow card,home,Pierre-Emile Hoejbjerg,41,0
https://www.xscores.com/soccer/match/tottenham-vs-manchester-united/27-04-2023/1206159,Tottenham,Manchester United,2023-04-27T20:15:00,Yellow card,away,Aaron Wan-Bissaka,43,0
https://www.xscores.com/soccer/match/tottenham-vs-manchester-united/27-04-2023/1206159,Tottenham,Manchester United,2023-04-27T20:15:00,Yellow card,away,Victor Lindelof,59,0
https://www.xscores.com/soccer/match/crystal-palace-vs-west-ham/29-04-2023/1206166,Crystal Palace,West Ham,2023-04-29T12:45:00,Yellow card,home,Jordan Ayew,15,0
https://www.xscores.com/soccer/match/crystal-palace-vs-west-ham/29-04-2023/1206166,Crystal Palace,West Ham,2023-04-29T12:45:00,Yellow card,away,Tomas Soucek,24,0
https://www.xscores.com/soccer/match/crystal-palace-vs-west-ham/29-04-2023/1206166,Crystal Palace,West Ham,2023-04-29T12:45:00,Yellow card,away,Vladimir Coufal,58,0
https://www.xscores.com/soccer/match/brentford-vs-nottingham-forest/29-04-2023/1206168,Brentford,Nottingham Forest,2023-04-29T15:00:00,Yellow card,home,Rico Henry,29,0
https://www.xscores.com/soccer/match/brentford-vs-nottingham-forest/29-04-2023/1206168,Brentford,Nottingham Forest,2023-04-29T15:00:00,Yellow card,away,Felipe,34,0
https://www.xscores.com/soccer/match/brentford-vs-nottingham-forest/29-04-2023/1206168,Brentford,Nottingham Forest,2023-04-29T15:00:00,Yellow card,away,Andre Ayew,56,0
https://www.xscores.com/soccer/match/brighton-vs-wolverhampton/29-04-2023/1206167,Brighton,Wolverhampton,2023-04-29T15:00:00,Yellow card,home,Joel Veltman,45,5
https://www.xscores.com/soccer/match/brighton-vs-wolverhampton/29-04-2023/1206167,Brighton,Wolverhampton,2023-04-29T15:00:00,Yellow card,away,Adama Traore,90,1
https://www.xscores.com/soccer/match/bournemouth-vs-leeds/30-04-2023/1206169,Bournemouth,Leeds,2023-04-30T14:00:00,Yellow card,home,Adam Smith,55,0
https://www.xscores.com/soccer/match/fulham-vs-manchester-city/30-04-2023/1206165,Fulham,Manchester City,2023-04-30T14:00:00,Yellow card,home,Kenny Tete,70,0
https://www.xscores.com/soccer/match/fulham-vs-manchester-city/30-04-2023/1206165,Fulham,Manchester City,2023-04-30T14:00:00,Yellow card,away,Jack Grealish,70,0
https://www.xscores.com/soccer/match/fulham-vs-manchester-city/30-04-2023/1206165,Fulham,Manchester City,2023-04-30T14:00:00,Yellow card,away,Ederson Moraes,90,6
https://www.xscores.com/soccer/match/fulham-vs-manchester-city/30-04-2023/1206165,Fulham,Manchester City,2023-04-30T14:00:00,Yellow card,away,Kyle Walker,90,8
https://www.xscores.com/soccer/match/manchester-united-vs-aston-villa/30-04-2023/1206184,Manchester United,Aston Villa,2023-04-30T14:00:00,Yellow card,home,Fred,87,0
https://www.xscores.com/soccer/match/manchester-united-vs-aston-villa/30-04-2023/1206184,Manchester United,Aston Villa,2023-04-30T14:00:00,Yellow card,home,Tyrell Malacia,90,5
https://www.xscores.com/soccer/match/newcastle-vs-southampton/30-04-2023/1206185,Newcastle,Southampton,2023-04-30T14:00:00,Yellow card,away,Jan Bednarek,4,0
https://www.xscores.com/soccer/match/newcastle-vs-southampton/30-04-2023/1206185,Newcastle,Southampton,2023-04-30T14:00:00,Yellow card,away,Kyle Walker-Peters,56,0
https://www.xscores.com/soccer/match/newcastle-vs-southampton/30-04-2023/1206185,Newcastle,Southampton,2023-04-30T14:00:00,Yellow card,away,Ruben Selles,57,0
https://www.xscores.com/soccer/match/newcastle-vs-southampton/30-04-2023/1206185,Newcastle,Southampton,2023-04-30T14:00:00,Yellow card,away,Stuart Armstrong,71,0
https://www.xscores.com/soccer/match/newcastle-vs-southampton/30-04-2023/1206185,Newcastle,Southampton,2023-04-30T14:00:00,Yellow card,away,Romeo Lavia,72,0
https://www.xscores.com/soccer/match/newcastle-vs-southampton/30-04-2023/1206185,Newcastle,Southampton,2023-04-30T14:00:00,Yellow card,home,Joelinton,79,0
https://www.xscores.com/soccer/match/liverpool-vs-tottenham/30-04-2023/1206183,Liverpool,Tottenham,2023-04-30T16:30:00,Yellow card,away,Heung-Min Son,52,0
https://www.xscores.com/soccer/match/liverpool-vs-tottenham/30-04-2023/1206183,Liverpool,Tottenham,2023-04-30T16:30:00,Yellow card,home,Ibrahima Konate,70,0
https://www.xscores.com/soccer/match/liverpool-vs-tottenham/30-04-2023/1206183,Liverpool,Tottenham,2023-04-30T16:30:00,Yellow card,home,Diogo Jota,81,0
https://www.xscores.com/soccer/match/liverpool-vs-tottenham/30-04-2023/1206183,Liverpool,Tottenham,2023-04-30T16:30:00,Yellow card,home,James Milner,90,1
https://www.xscores.com/soccer/match/liverpool-vs-tottenham/30-04-2023/1206183,Liverpool,Tottenham,2023-04-30T16:30:00,Yellow card,away,Richarlison,90,4
https://www.xscores.com/soccer/match/liverpool-vs-tottenham/30-04-2023/1206183,Liverpool,Tottenham,2023-04-30T16:30:00,Yellow card,home,Juergen Klopp,90,6
https://www.xscores.com/soccer/match/leicester-vs-everton/01-05-2023/1206182,Leicester,Everton,2023-05-01T20:00:00,Yellow card,home,Boubakary Soumare,44,0
https://www.xscores.com/soccer/match/leicester-vs-everton/01-05-2023/1206182,Leicester,Everton,2023-05-01T20:00:00,Yellow card,home,Luke Thomas,53,0
https://www.xscores.com/soccer/match/leicester-vs-everton/01-05-2023/1206182,Leicester,Everton,2023-05-01T20:00:00,Yellow card,away,Idrissa Gana Gueye,56,0
https://www.xscores.com/soccer/match/leicester-vs-everton/01-05-2023/1206182,Leicester,Everton,2023-05-01T20:00:00,Yellow card,home,James Maddison,89,0
https://www.xscores.com/soccer/match/leicester-vs-everton/01-05-2023/1206182,Leicester,Everton,2023-05-01T20:00:00,Yellow card,home,Victor Kristiansen,90,2
https://www.xscores.com/soccer/match/arsenal-vs-chelsea/02-05-2023/1206170,Arsenal,Chelsea,2023-05-02T20:00:00,Yellow card,away,Mateo Kovacic,80,0
https://www.xscores.com/soccer/match/arsenal-vs-chelsea/02-05-2023/1206170,Arsenal,Chelsea,2023-05-02T20:00:00,Yellow card,away,Conor Gallagher,90,5
https://www.xscores.com/soccer/match/bournemouth-vs-chelsea/06-05-2023/1206186,Bournemouth,Chelsea,2023-05-06T15:00:00,Yellow card,away,Mykhaylo Mudryk,15,0
https://www.xscores.com/soccer/match/bournemouth-vs-chelsea/06-05-2023/1206186,Bournemouth,Chelsea,2023-05-06T15:00:00,Yellow card,away,N'Golo Kante,20,0
https://www.xscores.com/soccer/match/bournemouth-vs-chelsea/06-05-2023/1206186,Bournemouth,Chelsea,2023-05-06T15:00:00,Yellow card,home,Marcos Senesi,45,3
https://www.xscores.com/soccer/match/bournemouth-vs-chelsea/06-05-2023/1206186,Bournemouth,Chelsea,2023-05-06T15:00:00,Yellow card,away,Benoit Badiashile,65,0
https://www.xscores.com/soccer/match/manchester-city-vs-leeds/06-05-2023/1206181,Manchester City,Leeds,2023-05-06T15:00:00,Yellow card,away,Wilfried Gnonto,45,2
https://www.xscores.com/soccer/match/manchester-city-vs-leeds/06-05-2023/1206181,Manchester City,Leeds,2023-05-06T15:00:00,Yellow card,away,Rodrigo,71,0
https://www.xscores.com/soccer/match/manchester-city-vs-leeds/06-05-2023/1206181,Manchester City,Leeds,2023-05-06T15:00:00,Yellow card,away,Weston McKennie,90,3
https://www.xscores.com/soccer/match/tottenham-vs-crystal-palace/06-05-2023/1206171,Tottenham,Crystal Palace,2023-05-06T15:00:00,Yellow card,away,Jeffrey Schlupp,56,0
https://www.xscores.com/soccer/match/tottenham-vs-crystal-palace/06-05-2023/1206171,Tottenham,Crystal Palace,2023-05-06T15:00:00,Yellow card,away,Joel Ward,69,0
https://www.xscores.com/soccer/match/tottenham-vs-crystal-palace/06-05-2023/1206171,Tottenham,Crystal Palace,2023-05-06T15:00:00,Yellow card,away,Jordan Ayew,73,0
https://www.xscores.com/soccer/match/tottenham-vs-crystal-palace/06-05-2023/1206171,Tottenham,Crystal Palace,2023-05-06T15:00:00,Yellow card,home,Ben Davies,83,0
https://www.xscores.com/soccer/match/tottenham-vs-crystal-palace/06-05-2023/1206171,Tottenham,Crystal Palace,2023-05-06T15:00:00,Yellow card,home,Clement Lenglet,86,0
https://www.xscores.com/soccer/match/tottenham-vs-crystal-palace/06-05-2023/1206171,Tottenham,Crystal Palace,2023-05-06T15:00:00,Yellow card,away,Wilfried Zaha,90,1
https://www.xscores.com/soccer/match/tottenham-vs-crystal-palace/06-05-2023/1206171,Tottenham,Crystal Palace,2023-05-06T15:00:00,Yellow card,home,Fraser Forster,90,1
https://www.xscores.com/soccer/match/tottenham-vs-crystal-palace/06-05-2023/1206171,Tottenham,Crystal Palace,2023-05-06T15:00:00,Yellow card,away,Joachim Andersen,90,2
https://www.xscores.com/soccer/match/wolverhampton-vs-aston-villa/06-05-2023/1206191,Wolverhampton,Aston Villa,2023-05-06T15:00:00,Yellow card,away,Tyrone Mings,39,0
https://www.xscores.com/soccer/match/wolverhampton-vs-aston-villa/06-05-2023/1206191,Wolverhampton,Aston Villa,2023-05-06T15:00:00,Yellow card,home,Diego Costa,39,0
https://www.xscores.com/soccer/match/wolverhampton-vs-aston-villa/06-05-2023/1206191,Wolverhampton,Aston Villa,2023-05-06T15:00:00,Yellow card,away,Ollie Watkins,63,0
https://www.xscores.com/soccer/match/wolverhampton-vs-aston-villa/06-05-2023/1206191,Wolverhampton,Aston Villa,2023-05-06T15:00:00,Yellow card,away,Douglas Luiz,75,0
https://www.xscores.com/soccer/match/wolverhampton-vs-aston-villa/06-05-2023/1206191,Wolverhampton,Aston Villa,2023-05-06T15:00:00,Yellow card,home,Toti Gomes,82,0
https://www.xscores.com/soccer/match/wolverhampton-vs-aston-villa/06-05-2023/1206191,Wolverhampton,Aston Villa,2023-05-06T15:00:00,Yellow card,home,Nelson Semedo,90,2
https://www.xscores.com/soccer/match/liverpool-vs-brentford/06-05-2023/1206189,Liverpool,Brentford,2023-05-06T17:30:00,Yellow card,home,Virgil van Dijk,5,0
https://www.xscores.com/soccer/match/liverpool-vs-brentford/06-05-2023/1206189,Liverpool,Brentford,2023-05-06T17:30:00,Yellow card,away,Bryan Mbeumo,27,0
https://www.xscores.com/soccer/match/liverpool-vs-brentford/06-05-2023/1206189,Liverpool,Brentford,2023-05-06T17:30:00,Yellow card,home,Fabinho,42,0
https://www.xscores.com/soccer/match/liverpool-vs-brentford/06-05-2023/1206189,Liverpool,Brentford,2023-05-06T17:30:00,Yellow card,home,Ibrahima Konate,54,0
https://www.xscores.com/soccer/match/liverpool-vs-brentford/06-05-2023/1206189,Liverpool,Brentford,2023-05-06T17:30:00,Yellow card,away,Rico Henry,70,0
https://www.xscores.com/soccer/match/liverpool-vs-brentford/06-05-2023/1206189,Liverpool,Brentford,2023-05-06T17:30:00,Yellow card,home,Alisson Becker,77,0
https://www.xscores.com/soccer/match/newcastle-vs-arsenal/07-05-2023/1206180,Newcastle,Arsenal,2023-05-07T16:30:00,Yellow card,home,Daniel Burn,73,0
https://www.xscores.com/soccer/match/newcastle-vs-arsenal/07-05-2023/1206180,Newcastle,Arsenal,2023-05-07T16:30:00,Yellow card,home,Fabian Schaer,90,6
https://www.xscores.com/soccer/match/newcastle-vs-arsenal/07-05-2023/1206180,Newcastle,Arsenal,2023-05-07T16:30:00,Yellow card,away,Edward Nketiah,90,6
https://www.xscores.com/soccer/match/west-ham-vs-manchester-united/07-05-2023/1206192,West Ham,Manchester United,2023-05-07T19:00:00,Yellow card,away,Tyrell Malacia,36,0
https://www.xscores.com/soccer/match/west-ham-vs-manchester-united/07-05-2023/1206192,West Ham,Manchester United,2023-05-07T19:00:00,Yellow card,away,Aaron Wan-Bissaka,64,0
https://www.xscores.com/soccer/match/fulham-vs-leicester/08-05-2023/1206188,Fulham,Leicester,2023-05-08T15:00:00,Yellow card,away,Harvey Barnes,24,0
https://www.xscores.com/soccer/match/fulham-vs-leicester/08-05-2023/1206188,Fulham,Leicester,2023-05-08T15:00:00,Yellow card,away,James Maddison,58,0
https://www.xscores.com/soccer/match/fulham-vs-leicester/08-05-2023/1206188,Fulham,Leicester,2023-05-08T15:00:00,Yellow card,away,Boubakary Soumare,70,0
https://www.xscores.com/soccer/match/brighton-vs-everton/08-05-2023/1206187,Brighton,Everton,2023-05-08T17:30:00,Yellow card,away,Yerry Mina,18,0
https://www.xscores.com/soccer/match/brighton-vs-everton/08-05-2023/1206187,Brighton,Everton,2023-05-08T17:30:00,Yellow card,home,Lewis Dunk,21,0
https://www.xscores.com/soccer/match/brighton-vs-everton/08-05-2023/1206187,Brighton,Everton,2023-05-08T17:30:00,Yellow card,away,Idrissa Gana Gueye,25,0
https://www.xscores.com/soccer/match/brighton-vs-everton/08-05-2023/1206187,Brighton,Everton,2023-05-08T17:30:00,Yellow card,away,Dominic Calvert-Lewin,45,3
https://www.xscores.com/soccer/match/brighton-vs-everton/08-05-2023/1206187,Brighton,Everton,2023-05-08T17:30:00,Yellow card,away,Abdoulaye Doucoure,56,0
https://www.xscores.com/soccer/match/brighton-vs-everton/08-05-2023/1206187,Brighton,Everton,2023-05-08T17:30:00,Yellow card,away,Amadou Onana,80,0
https://www.xscores.com/soccer/match/nottingham-forest-vs-southampton/08-05-2023/1206179,Nottingham Forest,Southampton,2023-05-08T20:00:00,Yellow card,home,Renan Lodi,78,0
https://www.xscores.com/soccer/match/leeds-vs-newcastle/13-05-2023/1206176,Leeds,Newcastle,2023-05-13T12:30:00,Yellow card,away,Bruno Guimaraes,57,0
https://www.xscores.com/soccer/match/leeds-vs-newcastle/13-05-2023/1206176,Leeds,Newcastle,2023-05-13T12:30:00,Yellow card,home,Junior Firpo,59,0
https://www.xscores.com/soccer/match/leeds-vs-newcastle/13-05-2023/1206176,Leeds,Newcastle,2023-05-13T12:30:00,Yellow card,home,Wilfried Gnonto,68,0
https://www.xscores.com/soccer/match/leeds-vs-newcastle/13-05-2023/1206176,Leeds,Newcastle,2023-05-13T12:30:00,Yellow card,home,Joel Robles,69,0
https://www.xscores.com/soccer/match/leeds-vs-newcastle/13-05-2023/1206176,Leeds,Newcastle,2023-05-13T12:30:00,Yellow card,away,Callum Wilson,72,0
https://www.xscores.com/soccer/match/leeds-vs-newcastle/13-05-2023/1206176,Leeds,Newcastle,2023-05-13T12:30:00,Yellow card 2,home,Junior Firpo,90,1
https://www.xscores.com/soccer/match/leeds-vs-newcastle/13-05-2023/1206176,Leeds,Newcastle,2023-05-13T12:30:00,Yellow card,home,Patrick Bamford,90,2
https://www.xscores.com/soccer/match/aston-villa-vs-tottenham/13-05-2023/1206193,Aston Villa,Tottenham,2023-05-13T15:00:00,Yellow card,home,John McGinn,23,0
https://www.xscores.com/soccer/match/aston-villa-vs-tottenham/13-05-2023/1206193,Aston Villa,Tottenham,2023-05-13T15:00:00,Yellow card,away,Oliver Skipp,53,0
https://www.xscores.com/soccer/match/aston-villa-vs-tottenham/13-05-2023/1206193,Aston Villa,Tottenham,2023-05-13T15:00:00,Yellow card,away,Harry Kane,73,0
https://www.xscores.com/soccer/match/aston-villa-vs-tottenham/13-05-2023/1206193,Aston Villa,Tottenham,2023-05-13T15:00:00,Yellow card,away,Cristian Romero,80,0
https://www.xscores.com/soccer/match/aston-villa-vs-tottenham/13-05-2023/1206193,Aston Villa,Tottenham,2023-05-13T15:00:00,Yellow card,home,Ashley Young,89,0
https://www.xscores.com/soccer/match/aston-villa-vs-tottenham/13-05-2023/1206193,Aston Villa,Tottenham,2023-05-13T15:00:00,Yellow card,home,Ollie Watkins,90,1
https://www.xscores.com/soccer/match/chelsea-vs-nottingham-forest/13-05-2023/1206173,Chelsea,Nottingham Forest,2023-05-13T15:00:00,Yellow card,home,Joao Felix,69,0
https://www.xscores.com/soccer/match/chelsea-vs-nottingham-forest/13-05-2023/1206173,Chelsea,Nottingham Forest,2023-05-13T15:00:00,Yellow card,home,Thiago Silva,73,0
https://www.xscores.com/soccer/match/chelsea-vs-nottingham-forest/13-05-2023/1206173,Chelsea,Nottingham Forest,2023-05-13T15:00:00,Yellow card,home,Conor Gallagher,79,0
https://www.xscores.com/soccer/match/chelsea-vs-nottingham-forest/13-05-2023/1206173,Chelsea,Nottingham Forest,2023-05-13T15:00:00,Yellow card,away,Renan Lodi,83,0
https://www.xscores.com/soccer/match/crystal-palace-vs-bournemouth/13-05-2023/1206174,Crystal Palace,Bournemouth,2023-05-13T15:00:00,Yellow card,away,Jefferson Lerma,90,2
https://www.xscores.com/soccer/match/crystal-palace-vs-bournemouth/13-05-2023/1206174,Crystal Palace,Bournemouth,2023-05-13T15:00:00,Yellow card,away,David Brooks,90,4
https://www.xscores.com/soccer/match/manchester-united-vs-wolverhampton/13-05-2023/1206178,Manchester United,Wolverhampton,2023-05-13T15:00:00,Yellow card,away,Diego Costa,15,0
https://www.xscores.com/soccer/match/manchester-united-vs-wolverhampton/13-05-2023/1206178,Manchester United,Wolverhampton,2023-05-13T15:00:00,Yellow card,home,Casemiro,36,0
https://www.xscores.com/soccer/match/manchester-united-vs-wolverhampton/13-05-2023/1206178,Manchester United,Wolverhampton,2023-05-13T15:00:00,Yellow card,away,Craig Dawson,88,0
https://www.xscores.com/soccer/match/manchester-united-vs-wolverhampton/13-05-2023/1206178,Manchester United,Wolverhampton,2023-05-13T15:00:00,Yellow card,home,Alejandro Garnacho,90,6
https://www.xscores.com/soccer/match/manchester-united-vs-wolverhampton/13-05-2023/1206178,Manchester United,Wolverhampton,2023-05-13T15:00:00,Yellow card,home,Luke Shaw,90,7
https://www.xscores.com/soccer/match/southampton-vs-fulham/13-05-2023/1206194,Southampton,Fulham,2023-05-13T15:00:00,Yellow card,home,Romeo Lavia,53,0
https://www.xscores.com/soccer/match/southampton-vs-fulham/13-05-2023/1206194,Southampton,Fulham,2023-05-13T15:00:00,Yellow card,home,Moussa Djenepo,77,0
https://www.xscores.com/soccer/match/brentford-vs-west-ham/14-05-2023/1206172,Brentford,West Ham,2023-05-14T14:00:00,Yellow card,home,Aaron Hickey,76,0
https://www.xscores.com/soccer/match/everton-vs-manchester-city/14-05-2023/1206175,Everton,Manchester City,2023-05-14T14:00:00,Yellow card,home,James Garner,49,0
https://www.xscores.com/soccer/match/arsenal-vs-brighton/14-05-2023/1206190,Arsenal,Brighton,2023-05-14T16:30:00,Yellow card,away,Pervis Estupinan,34,0
https://www.xscores.com/soccer/match/arsenal-vs-brighton/14-05-2023/1206190,Arsenal,Brighton,2023-05-14T16:30:00,Yellow card,away,Pascal Gross,55,0
https://www.xscores.com/soccer/match/arsenal-vs-brighton/14-05-2023/1206190,Arsenal,Brighton,2023-05-14T16:30:00,Yellow card,home,Mikel Arteta,64,0
https://www.xscores.com/soccer/match/arsenal-vs-brighton/14-05-2023/1206190,Arsenal,Brighton,2023-05-14T16:30:00,Yellow card,home,Thomas Partey,88,0
https://www.xscores.com/soccer/match/leicester-vs-liverpool/15-05-2023/1206177,Leicester,Liverpool,2023-05-15T20:00:00,Yellow card,home,Ricardo Pereira,53,0
https://www.xscores.com/soccer/match/leicester-vs-liverpool/15-05-2023/1206177,Leicester,Liverpool,2023-05-15T20:00:00,Yellow card,away,Ibrahima Konate,86,0
https://www.xscores.com/soccer/match/leicester-vs-liverpool/15-05-2023/1206177,Leicester,Liverpool,2023-05-15T20:00:00,Yellow card,home,Luke Thomas,90,1
https://www.xscores.com/soccer/match/tottenham-vs-brentford/20-05-2023/1206201,Tottenham,Brentford,2023-05-20T12:30:00,Yellow card,home,Ryan Mason,21,0
https://www.xscores.com/soccer/match/tottenham-vs-brentford/20-05-2023/1206201,Tottenham,Brentford,2023-05-20T12:30:00,Yellow card,home,Yves Bissouma,45,0
https://www.xscores.com/soccer/match/tottenham-vs-brentford/20-05-2023/1206201,Tottenham,Brentford,2023-05-20T12:30:00,Yellow card,away,Rico Henry,68,0
https://www.xscores.com/soccer/match/bournemouth-vs-manchester-united/20-05-2023/1206195,Bournemouth,Manchester United,2023-05-20T15:00:00,Yellow card,home,Lewis Cook,70,0
https://www.xscores.com/soccer/match/fulham-vs-crystal-palace/20-05-2023/1206197,Fulham,Crystal Palace,2023-05-20T15:00:00,Yellow card,home,Tosin Adarabioyo,71,0
https://www.xscores.com/soccer/match/fulham-vs-crystal-palace/20-05-2023/1206197,Fulham,Crystal Palace,2023-05-20T15:00:00,Yellow card,home,Joao Palhinha,85,0
https://www.xscores.com/soccer/match/fulham-vs-crystal-palace/20-05-2023/1206197,Fulham,Crystal Palace,2023-05-20T15:00:00,Yellow card,home,Antonee Robinson,90,1
https://www.xscores.com/soccer/match/liverpool-vs-aston-villa/20-05-2023/1206205,Liverpool,Aston Villa,2023-05-20T15:00:00,Yellow card,home,Ibrahima Konate,20,0
https://www.xscores.com/soccer/match/liverpool-vs-aston-villa/20-05-2023/1206205,Liverpool,Aston Villa,2023-05-20T15:00:00,Yellow card,away,Tyrone Mings,45,0
https://www.xscores.com/soccer/match/liverpool-vs-aston-villa/20-05-2023/1206205,Liverpool,Aston Villa,2023-05-20T15:00:00,Yellow card,away,Lucas Digne,53,0
https://www.xscores.com/soccer/match/liverpool-vs-aston-villa/20-05-2023/1206205,Liverpool,Aston Villa,2023-05-20T15:00:00,Yellow card,home,Trent Alexander-Arnold,66,0
https://www.xscores.com/soccer/match/liverpool-vs-aston-villa/20-05-2023/1206205,Liverpool,Aston Villa,2023-05-20T15:00:00,Yellow card,away,Emiliano Martinez,77,0
https://www.xscores.com/soccer/match/liverpool-vs-aston-villa/20-05-2023/1206205,Liverpool,Aston Villa,2023-05-20T15:00:00,Yellow card,home,Fabinho,80,0
https://www.xscores.com/soccer/match/liverpool-vs-aston-villa/20-05-2023/1206205,Liverpool,Aston Villa,2023-05-20T15:00:00,Yellow card,away,Ashley Young,90,1
https://www.xscores.com/soccer/match/liverpool-vs-aston-villa/20-05-2023/1206205,Liverpool,Aston Villa,2023-05-20T15:00:00,Yellow card,away,Ezri Konsa,90,6
https://www.xscores.com/soccer/match/wolverhampton-vs-everton/20-05-2023/1206199,Wolverhampton,Everton,2023-05-20T15:00:00,Yellow card,home,Adama Traore,17,0
https://www.xscores.com/soccer/match/wolverhampton-vs-everton/20-05-2023/1206199,Wolverhampton,Everton,2023-05-20T15:00:00,Yellow card,home,Craig Dawson,45,5
https://www.xscores.com/soccer/match/wolverhampton-vs-everton/20-05-2023/1206199,Wolverhampton,Everton,2023-05-20T15:00:00,Yellow card,home,Nelson Semedo,51,0
https://www.xscores.com/soccer/match/wolverhampton-vs-everton/20-05-2023/1206199,Wolverhampton,Everton,2023-05-20T15:00:00,Yellow card,home,Ruben Neves,66,0
https://www.xscores.com/soccer/match/wolverhampton-vs-everton/20-05-2023/1206199,Wolverhampton,Everton,2023-05-20T15:00:00,Yellow card,away,James Garner,90,0
https://www.xscores.com/soccer/match/wolverhampton-vs-everton/20-05-2023/1206199,Wolverhampton,Everton,2023-05-20T15:00:00,Yellow card,home,Matheus Nunes,90,4
https://www.xscores.com/soccer/match/nottingham-forest-vs-arsenal/20-05-2023/1206202,Nottingham Forest,Arsenal,2023-05-20T17:30:00,Yellow card,home,Taiwo Awoniyi,25,0
https://www.xscores.com/soccer/match/nottingham-forest-vs-arsenal/20-05-2023/1206202,Nottingham Forest,Arsenal,2023-05-20T17:30:00,Yellow card,home,Moussa Niakhate,45,2
https://www.xscores.com/soccer/match/nottingham-forest-vs-arsenal/20-05-2023/1206202,Nottingham Forest,Arsenal,2023-05-20T17:30:00,Yellow card,away,Gabriel Jesus,54,0
https://www.xscores.com/soccer/match/nottingham-forest-vs-arsenal/20-05-2023/1206202,Nottingham Forest,Arsenal,2023-05-20T17:30:00,Yellow card,away,Gabriel,78,0
https://www.xscores.com/soccer/match/nottingham-forest-vs-arsenal/20-05-2023/1206202,Nottingham Forest,Arsenal,2023-05-20T17:30:00,Yellow card,home,Morgan Gibbs-White,79,0
https://www.xscores.com/soccer/match/west-ham-vs-leeds/21-05-2023/1206200,West Ham,Leeds,2023-05-21T13:30:00,Yellow card,home,Lucas Paqueta,65,0
https://www.xscores.com/soccer/match/west-ham-vs-leeds/21-05-2023/1206200,West Ham,Leeds,2023-05-21T13:30:00,Yellow card,away,Crysencio Summerville,80,0
https://www.xscores.com/soccer/match/west-ham-vs-leeds/21-05-2023/1206200,West Ham,Leeds,2023-05-21T13:30:00,Yellow card,away,Rodrigo,82,0
https://www.xscores.com/soccer/match/west-ham-vs-leeds/21-05-2023/1206200,West Ham,Leeds,2023-05-21T13:30:00,Yellow card,away,Robin Koch,88,0
https://www.xscores.com/soccer/match/brighton-vs-southampton/21-05-2023/1206196,Brighton,Southampton,2023-05-21T14:00:00,Yellow card,away,Jan Bednarek,14,0
https://www.xscores.com/soccer/match/brighton-vs-southampton/21-05-2023/1206196,Brighton,Southampton,2023-05-21T14:00:00,Yellow card,away,Carlos Alcaraz,34,0
https://www.xscores.com/soccer/match/brighton-vs-southampton/21-05-2023/1206196,Brighton,Southampton,2023-05-21T14:00:00,Yellow card,away,Mohamed Elyounoussi,43,0
https://www.xscores.com/soccer/match/brighton-vs-southampton/21-05-2023/1206196,Brighton,Southampton,2023-05-21T14:00:00,Yellow card,away,James Ward-Prowse,64,0
https://www.xscores.com/soccer/match/brighton-vs-southampton/21-05-2023/1206196,Brighton,Southampton,2023-05-21T14:00:00,Yellow card,away,James Bree,67,0
https://www.xscores.com/soccer/match/brighton-vs-southampton/21-05-2023/1206196,Brighton,Southampton,2023-05-21T14:00:00,Yellow card,home,Joel Veltman,71,0
https://www.xscores.com/soccer/match/brighton-vs-southampton/21-05-2023/1206196,Brighton,Southampton,2023-05-21T14:00:00,Yellow card,home,Facundo Buonanotte,90,3
https://www.xscores.com/soccer/match/manchester-city-vs-chelsea/21-05-2023/1206204,Manchester City,Chelsea,2023-05-21T16:00:00,Yellow card,away,Kai Havertz,18,0
https://www.xscores.com/soccer/match/manchester-city-vs-chelsea/21-05-2023/1206204,Manchester City,Chelsea,2023-05-21T16:00:00,Yellow card,away,Enzo Fernandez,66,0
https://www.xscores.com/soccer/match/newcastle-vs-leicester/22-05-2023/1206203,Newcastle,Leicester,2023-05-22T20:00:00,Yellow card,home,Bruno Guimaraes,8,0
https://www.xscores.com/soccer/match/newcastle-vs-leicester/22-05-2023/1206203,Newcastle,Leicester,2023-05-22T20:00:00,Yellow card,home,Alexander Isak,27,0
https://www.xscores.com/soccer/match/aston-villa-vs-brighton/28-05-2023/1206213,Aston Villa,Brighton,2023-05-28T16:30:00,Yellow card,away,Deniz Undav,12,0
https://www.xscores.com/soccer/match/aston-villa-vs-brighton/28-05-2023/1206213,Aston Villa,Brighton,2023-05-28T16:30:00,Yellow card,home,Matty Cash,22,0
https://www.xscores.com/soccer/match/aston-villa-vs-brighton/28-05-2023/1206213,Aston Villa,Brighton,2023-05-28T16:30:00,Yellow card,home,Jacob Ramsey,24,0
https://www.xscores.com/soccer/match/aston-villa-vs-brighton/28-05-2023/1206213,Aston Villa,Brighton,2023-05-28T16:30:00,Yellow card,home,Tyrone Mings,37,0
https://www.xscores.com/soccer/match/aston-villa-vs-brighton/28-05-2023/1206213,Aston Villa,Brighton,2023-05-28T16:30:00,Yellow card,away,Facundo Buonanotte,63,0
https://www.xscores.com/soccer/match/aston-villa-vs-brighton/28-05-2023/1206213,Aston Villa,Brighton,2023-05-28T16:30:00,Yellow card,home,John McGinn,67,0
https://www.xscores.com/soccer/match/aston-villa-vs-brighton/28-05-2023/1206213,Aston Villa,Brighton,2023-05-28T16:30:00,Yellow card,away,Moises Caicedo,73,0
https://www.xscores.com/soccer/match/aston-villa-vs-brighton/28-05-2023/1206213,Aston Villa,Brighton,2023-05-28T16:30:00,Yellow card,away,Pascal Gross,88,0
https://www.xscores.com/soccer/match/brentford-vs-manchester-city/28-05-2023/1206212,Brentford,Manchester City,2023-05-28T16:30:00,Yellow card,home,Yoane Wissa,55,0
https://www.xscores.com/soccer/match/brentford-vs-manchester-city/28-05-2023/1206212,Brentford,Manchester City,2023-05-28T16:30:00,Yellow card,home,Thomas Frank,57,0
https://www.xscores.com/soccer/match/brentford-vs-manchester-city/28-05-2023/1206212,Brentford,Manchester City,2023-05-28T16:30:00,Yellow card,home,Mikkel Damsgaard,65,0
https://www.xscores.com/soccer/match/brentford-vs-manchester-city/28-05-2023/1206212,Brentford,Manchester City,2023-05-28T16:30:00,Yellow card,home,Vitaly Janelt,77,0
https://www.xscores.com/soccer/match/brentford-vs-manchester-city/28-05-2023/1206212,Brentford,Manchester City,2023-05-28T16:30:00,Yellow card,home,Mathias Joergensen,84,0
https://www.xscores.com/soccer/match/crystal-palace-vs-nottingham-forest/28-05-2023/1206210,Crystal Palace,Nottingham Forest,2023-05-28T16:30:00,Yellow card,away,Morgan Gibbs-White,43,0
https://www.xscores.com/soccer/match/crystal-palace-vs-nottingham-forest/28-05-2023/1206210,Crystal Palace,Nottingham Forest,2023-05-28T16:30:00,Yellow card,away,Ryan Yates,80,0
https://www.xscores.com/soccer/match/everton-vs-bournemouth/28-05-2023/1206209,Everton,Bournemouth,2023-05-28T16:30:00,Yellow card,away,Marcos Senesi,68,0
https://www.xscores.com/soccer/match/everton-vs-bournemouth/28-05-2023/1206209,Everton,Bournemouth,2023-05-28T16:30:00,Yellow card,away,Dominic Solanke,70,0
https://www.xscores.com/soccer/match/everton-vs-bournemouth/28-05-2023/1206209,Everton,Bournemouth,2023-05-28T16:30:00,Yellow card,away,Adam Smith,70,0
https://www.xscores.com/soccer/match/everton-vs-bournemouth/28-05-2023/1206209,Everton,Bournemouth,2023-05-28T16:30:00,Yellow card,home,Jordan Pickford,74,0
https://www.xscores.com/soccer/match/everton-vs-bournemouth/28-05-2023/1206209,Everton,Bournemouth,2023-05-28T16:30:00,Yellow card,away,Gary O'Neil,77,0
https://www.xscores.com/soccer/match/leeds-vs-tottenham/28-05-2023/1206208,Leeds,Tottenham,2023-05-28T16:30:00,Yellow card,home,Pascal Struijk,9,0
https://www.xscores.com/soccer/match/leeds-vs-tottenham/28-05-2023/1206208,Leeds,Tottenham,2023-05-28T16:30:00,Yellow card,home,Maximilian Woeber,14,0
https://www.xscores.com/soccer/match/leeds-vs-tottenham/28-05-2023/1206208,Leeds,Tottenham,2023-05-28T16:30:00,Yellow card,home,Liam Cooper,57,0
https://www.xscores.com/soccer/match/leicester-vs-west-ham/28-05-2023/1206207,Leicester,West Ham,2023-05-28T16:30:00,Yellow card,home,Jonny Evans,66,0
https://www.xscores.com/soccer/match/leicester-vs-west-ham/28-05-2023/1206207,Leicester,West Ham,2023-05-28T16:30:00,Yellow card,away,Danny Ings,67,0
https://www.xscores.com/soccer/match/manchester-united-vs-fulham/28-05-2023/1206206,Manchester United,Fulham,2023-05-28T16:30:00,Yellow card,away,Joao Palhinha,51,0
https://www.xscores.com/soccer/match/manchester-united-vs-fulham/28-05-2023/1206206,Manchester United,Fulham,2023-05-28T16:30:00,Yellow card,away,Aleksandar Mitrovic,79,0
https://www.xscores.com/soccer/match/manchester-united-vs-fulham/28-05-2023/1206206,Manchester United,Fulham,2023-05-28T16:30:00,Yellow card,home,Scott McTominay,87,0
https://www.xscores.com/soccer/match/southampton-vs-liverpool/28-05-2023/1206214,Southampton,Liverpool,2023-05-28T16:30:00,Yellow card,away,Konstantinos Tsimikas,25,0
https://www.xscores.com/soccer/match/southampton-vs-liverpool/28-05-2023/1206214,Southampton,Liverpool,2023-05-28T16:30:00,Yellow card,away,Harvey Elliott,60,0
