URL,Home Team,Away Team,date,Goal Type,Score,Player,Elapsed Time,Added Time
https://www.xscores.com/soccer/match/brentford-vs-arsenal/13-08-2021/319116,Brentford,Arsenal,2021-08-13T20:00:00,Regular goal,1-0,Sergi Canos,22,0
https://www.xscores.com/soccer/match/brentford-vs-arsenal/13-08-2021/319116,Brentford,Arsenal,2021-08-13T20:00:00,Regular goal,2-0,Christian Noergaard,73,0
https://www.xscores.com/soccer/match/manchester-united-vs-leeds/14-08-2021/319121,Manchester United,Leeds,2021-08-14T12:30:00,Regular goal,1-0,Bruno Fernandes,30,0
https://www.xscores.com/soccer/match/manchester-united-vs-leeds/14-08-2021/319121,Manchester United,Leeds,2021-08-14T12:30:00,Regular goal,1-1,Luke Ayling,48,0
https://www.xscores.com/soccer/match/manchester-united-vs-leeds/14-08-2021/319121,Manchester United,Leeds,2021-08-14T12:30:00,Regular goal,2-1,Mason Greenwood,52,0
https://www.xscores.com/soccer/match/manchester-united-vs-leeds/14-08-2021/319121,Manchester United,Leeds,2021-08-14T12:30:00,Regular goal,3-1,Bruno Fernandes,54,0
https://www.xscores.com/soccer/match/manchester-united-vs-leeds/14-08-2021/319121,Manchester United,Leeds,2021-08-14T12:30:00,Regular goal,4-1,Bruno Fernandes,60,0
https://www.xscores.com/soccer/match/manchester-united-vs-leeds/14-08-2021/319121,Manchester United,Leeds,2021-08-14T12:30:00,Regular goal,5-1,Fred,68,0
https://www.xscores.com/soccer/match/burnley-vs-brighton/14-08-2021/319117,Burnley,Brighton,2021-08-14T15:00:00,Regular goal,1-0,James Tarkowski,2,0
https://www.xscores.com/soccer/match/burnley-vs-brighton/14-08-2021/319117,Burnley,Brighton,2021-08-14T15:00:00,Regular goal,1-1,Neal Maupay,73,0
https://www.xscores.com/soccer/match/burnley-vs-brighton/14-08-2021/319117,Burnley,Brighton,2021-08-14T15:00:00,Regular goal,1-2,Alexis Mac Allister,78,0
https://www.xscores.com/soccer/match/chelsea-vs-crystal-palace/14-08-2021/319118,Chelsea,Crystal Palace,2021-08-14T15:00:00,Regular goal,1-0,Marcos Alonso,27,0
https://www.xscores.com/soccer/match/chelsea-vs-crystal-palace/14-08-2021/319118,Chelsea,Crystal Palace,2021-08-14T15:00:00,Regular goal,2-0,Christian Pulisic,40,0
https://www.xscores.com/soccer/match/chelsea-vs-crystal-palace/14-08-2021/319118,Chelsea,Crystal Palace,2021-08-14T15:00:00,Regular goal,3-0,Trevoh Chalobah,58,0
https://www.xscores.com/soccer/match/everton-vs-southampton/14-08-2021/319119,Everton,Southampton,2021-08-14T15:00:00,Regular goal,0-1,Adam Armstrong,22,0
https://www.xscores.com/soccer/match/everton-vs-southampton/14-08-2021/319119,Everton,Southampton,2021-08-14T15:00:00,Regular goal,1-1,Richarlison,47,0
https://www.xscores.com/soccer/match/everton-vs-southampton/14-08-2021/319119,Everton,Southampton,2021-08-14T15:00:00,Regular goal,2-1,Abdoulaye Doucoure,76,0
https://www.xscores.com/soccer/match/everton-vs-southampton/14-08-2021/319119,Everton,Southampton,2021-08-14T15:00:00,Regular goal,3-1,Dominic Calvert-Lewin,81,0
https://www.xscores.com/soccer/match/leicester-vs-wolverhampton/14-08-2021/319120,Leicester,Wolverhampton,2021-08-14T15:00:00,Regular goal,1-0,Jamie Vardy,41,0
https://www.xscores.com/soccer/match/watford-vs-aston-villa/14-08-2021/319125,Watford,Aston Villa,2021-08-14T15:00:00,Regular goal,1-0,Emmanuel Dennis,10,0
https://www.xscores.com/soccer/match/watford-vs-aston-villa/14-08-2021/319125,Watford,Aston Villa,2021-08-14T15:00:00,Regular goal,2-0,Ismaila Sarr,42,0
https://www.xscores.com/soccer/match/watford-vs-aston-villa/14-08-2021/319125,Watford,Aston Villa,2021-08-14T15:00:00,Regular goal,3-0,Juan Hernandez,67,0
https://www.xscores.com/soccer/match/watford-vs-aston-villa/14-08-2021/319125,Watford,Aston Villa,2021-08-14T15:00:00,Regular goal,3-1,John McGinn,70,0
https://www.xscores.com/soccer/match/watford-vs-aston-villa/14-08-2021/319125,Watford,Aston Villa,2021-08-14T15:00:00,Penalty,3-2,Danny Ings,90,7
https://www.xscores.com/soccer/match/norwich-vs-liverpool/14-08-2021/319123,Norwich,Liverpool,2021-08-14T17:30:00,Regular goal,0-1,Diogo Jota,26,0
https://www.xscores.com/soccer/match/norwich-vs-liverpool/14-08-2021/319123,Norwich,Liverpool,2021-08-14T17:30:00,Regular goal,0-2,Roberto Firmino,65,0
https://www.xscores.com/soccer/match/norwich-vs-liverpool/14-08-2021/319123,Norwich,Liverpool,2021-08-14T17:30:00,Regular goal,0-3,Mohamed Salah,74,0
https://www.xscores.com/soccer/match/newcastle-vs-west-ham/15-08-2021/319122,Newcastle,West Ham,2021-08-15T14:00:00,Regular goal,1-0,Callum Wilson,5,0
https://www.xscores.com/soccer/match/newcastle-vs-west-ham/15-08-2021/319122,Newcastle,West Ham,2021-08-15T14:00:00,Regular goal,1-1,Aaron Cresswell,18,0
https://www.xscores.com/soccer/match/newcastle-vs-west-ham/15-08-2021/319122,Newcastle,West Ham,2021-08-15T14:00:00,Regular goal,2-1,Jacob Murphy,40,0
https://www.xscores.com/soccer/match/newcastle-vs-west-ham/15-08-2021/319122,Newcastle,West Ham,2021-08-15T14:00:00,Regular goal,2-2,Said Benrahma,53,0
https://www.xscores.com/soccer/match/newcastle-vs-west-ham/15-08-2021/319122,Newcastle,West Ham,2021-08-15T14:00:00,Regular goal,2-3,Tomas Soucek,63,0
https://www.xscores.com/soccer/match/newcastle-vs-west-ham/15-08-2021/319122,Newcastle,West Ham,2021-08-15T14:00:00,Regular goal,2-4,Michail Antonio,66,0
https://www.xscores.com/soccer/match/tottenham-vs-manchester-city/15-08-2021/319124,Tottenham,Manchester City,2021-08-15T16:30:00,Regular goal,1-0,Heung-Min Son,55,0
https://www.xscores.com/soccer/match/liverpool-vs-burnley/21-08-2021/319131,Liverpool,Burnley,2021-08-21T12:30:00,Regular goal,1-0,Diogo Jota,18,0
https://www.xscores.com/soccer/match/liverpool-vs-burnley/21-08-2021/319131,Liverpool,Burnley,2021-08-21T12:30:00,Regular goal,2-0,Sadio Mane,69,0
https://www.xscores.com/soccer/match/aston-villa-vs-newcastle/21-08-2021/319127,Aston Villa,Newcastle,2021-08-21T15:00:00,Regular goal,1-0,Danny Ings,45,3
https://www.xscores.com/soccer/match/aston-villa-vs-newcastle/21-08-2021/319127,Aston Villa,Newcastle,2021-08-21T15:00:00,Penalty,2-0,Anwar El-Ghazi,62,0
https://www.xscores.com/soccer/match/leeds-vs-everton/21-08-2021/319130,Leeds,Everton,2021-08-21T15:00:00,Penalty,0-1,Dominic Calvert-Lewin,30,0
https://www.xscores.com/soccer/match/leeds-vs-everton/21-08-2021/319130,Leeds,Everton,2021-08-21T15:00:00,Regular goal,1-1,Mateusz Klich,41,0
https://www.xscores.com/soccer/match/leeds-vs-everton/21-08-2021/319130,Leeds,Everton,2021-08-21T15:00:00,Regular goal,1-2,Demarai Gray,50,0
https://www.xscores.com/soccer/match/leeds-vs-everton/21-08-2021/319130,Leeds,Everton,2021-08-21T15:00:00,Regular goal,2-2,Raphinha,72,0
https://www.xscores.com/soccer/match/manchester-city-vs-norwich/21-08-2021/319132,Manchester City,Norwich,2021-08-21T15:00:00,Own goal,1-0,Tim Krul,7,0
https://www.xscores.com/soccer/match/manchester-city-vs-norwich/21-08-2021/319132,Manchester City,Norwich,2021-08-21T15:00:00,Regular goal,2-0,Jack Grealish,22,0
https://www.xscores.com/soccer/match/manchester-city-vs-norwich/21-08-2021/319132,Manchester City,Norwich,2021-08-21T15:00:00,Regular goal,3-0,Aymeric Laporte,64,0
https://www.xscores.com/soccer/match/manchester-city-vs-norwich/21-08-2021/319132,Manchester City,Norwich,2021-08-21T15:00:00,Regular goal,4-0,Raheem Sterling,71,0
https://www.xscores.com/soccer/match/manchester-city-vs-norwich/21-08-2021/319132,Manchester City,Norwich,2021-08-21T15:00:00,Regular goal,5-0,Riyad Mahrez,84,0
https://www.xscores.com/soccer/match/brighton-vs-watford/21-08-2021/319128,Brighton,Watford,2021-08-21T17:30:00,Regular goal,1-0,Shane Duffy,10,0
https://www.xscores.com/soccer/match/brighton-vs-watford/21-08-2021/319128,Brighton,Watford,2021-08-21T17:30:00,Regular goal,2-0,Neal Maupay,41,0
https://www.xscores.com/soccer/match/southampton-vs-manchester-united/22-08-2021/319133,Southampton,Manchester United,2021-08-22T14:00:00,Own goal,1-0,Fred,30,0
https://www.xscores.com/soccer/match/southampton-vs-manchester-united/22-08-2021/319133,Southampton,Manchester United,2021-08-22T14:00:00,Regular goal,1-1,Mason Greenwood,55,0
https://www.xscores.com/soccer/match/wolverhampton-vs-tottenham/22-08-2021/319135,Wolverhampton,Tottenham,2021-08-22T14:00:00,Penalty,0-1,Dele Alli,9,0
https://www.xscores.com/soccer/match/arsenal-vs-chelsea/22-08-2021/319126,Arsenal,Chelsea,2021-08-22T16:30:00,Regular goal,0-1,Romelu Lukaku,15,0
https://www.xscores.com/soccer/match/arsenal-vs-chelsea/22-08-2021/319126,Arsenal,Chelsea,2021-08-22T16:30:00,Regular goal,0-2,Reece James,35,0
https://www.xscores.com/soccer/match/west-ham-vs-leicester/23-08-2021/319134,West Ham,Leicester,2021-08-23T20:00:00,Regular goal,1-0,Pablo Fornals,26,0
https://www.xscores.com/soccer/match/west-ham-vs-leicester/23-08-2021/319134,West Ham,Leicester,2021-08-23T20:00:00,Regular goal,2-0,Said Benrahma,56,0
https://www.xscores.com/soccer/match/west-ham-vs-leicester/23-08-2021/319134,West Ham,Leicester,2021-08-23T20:00:00,Regular goal,2-1,Youri Tielemans,69,0
https://www.xscores.com/soccer/match/west-ham-vs-leicester/23-08-2021/319134,West Ham,Leicester,2021-08-23T20:00:00,Regular goal,3-1,Michail Antonio,80,0
https://www.xscores.com/soccer/match/west-ham-vs-leicester/23-08-2021/319134,West Ham,Leicester,2021-08-23T20:00:00,Regular goal,4-1,Michail Antonio,84,0
https://www.xscores.com/soccer/match/manchester-city-vs-arsenal/28-08-2021/319140,Manchester City,Arsenal,2021-08-28T12:30:00,Regular goal,1-0,Ilkay Gundogan,7,0
https://www.xscores.com/soccer/match/manchester-city-vs-arsenal/28-08-2021/319140,Manchester City,Arsenal,2021-08-28T12:30:00,Regular goal,2-0,Ferran Torres,12,0
https://www.xscores.com/soccer/match/manchester-city-vs-arsenal/28-08-2021/319140,Manchester City,Arsenal,2021-08-28T12:30:00,Regular goal,3-0,Gabriel Jesus,43,0
https://www.xscores.com/soccer/match/manchester-city-vs-arsenal/28-08-2021/319140,Manchester City,Arsenal,2021-08-28T12:30:00,Regular goal,4-0,Rodri,53,0
https://www.xscores.com/soccer/match/manchester-city-vs-arsenal/28-08-2021/319140,Manchester City,Arsenal,2021-08-28T12:30:00,Regular goal,5-0,Ferran Torres,84,0
https://www.xscores.com/soccer/match/aston-villa-vs-brentford/28-08-2021/319136,Aston Villa,Brentford,2021-08-28T15:00:00,Regular goal,0-1,Ivan Toney,7,0
https://www.xscores.com/soccer/match/aston-villa-vs-brentford/28-08-2021/319136,Aston Villa,Brentford,2021-08-28T15:00:00,Regular goal,1-1,Emiliano Buendia,13,0
https://www.xscores.com/soccer/match/brighton-vs-everton/28-08-2021/319137,Brighton,Everton,2021-08-28T15:00:00,Regular goal,0-1,Demarai Gray,41,0
https://www.xscores.com/soccer/match/brighton-vs-everton/28-08-2021/319137,Brighton,Everton,2021-08-28T15:00:00,Penalty,0-2,Dominic Calvert-Lewin,58,0
https://www.xscores.com/soccer/match/newcastle-vs-southampton/28-08-2021/319141,Newcastle,Southampton,2021-08-28T15:00:00,Regular goal,1-0,Callum Wilson,55,0
https://www.xscores.com/soccer/match/newcastle-vs-southampton/28-08-2021/319141,Newcastle,Southampton,2021-08-28T15:00:00,Regular goal,1-1,Mohamed Elyounoussi,74,0
https://www.xscores.com/soccer/match/newcastle-vs-southampton/28-08-2021/319141,Newcastle,Southampton,2021-08-28T15:00:00,Regular goal,2-1,Allan Saint-Maximin,90,0
https://www.xscores.com/soccer/match/newcastle-vs-southampton/28-08-2021/319141,Newcastle,Southampton,2021-08-28T15:00:00,Penalty,2-2,James Ward-Prowse,90,6
https://www.xscores.com/soccer/match/norwich-vs-leicester/28-08-2021/319142,Norwich,Leicester,2021-08-28T15:00:00,Regular goal,0-1,Jamie Vardy,8,0
https://www.xscores.com/soccer/match/norwich-vs-leicester/28-08-2021/319142,Norwich,Leicester,2021-08-28T15:00:00,Penalty,1-1,Teemu Pukki,44,0
https://www.xscores.com/soccer/match/norwich-vs-leicester/28-08-2021/319142,Norwich,Leicester,2021-08-28T15:00:00,Regular goal,1-2,Marc Albrighton,76,0
https://www.xscores.com/soccer/match/west-ham-vs-crystal-palace/28-08-2021/319144,West Ham,Crystal Palace,2021-08-28T15:00:00,Regular goal,1-0,Pablo Fornals,39,0
https://www.xscores.com/soccer/match/west-ham-vs-crystal-palace/28-08-2021/319144,West Ham,Crystal Palace,2021-08-28T15:00:00,Regular goal,1-1,Conor Gallagher,58,0
https://www.xscores.com/soccer/match/west-ham-vs-crystal-palace/28-08-2021/319144,West Ham,Crystal Palace,2021-08-28T15:00:00,Regular goal,2-1,Michail Antonio,68,0
https://www.xscores.com/soccer/match/west-ham-vs-crystal-palace/28-08-2021/319144,West Ham,Crystal Palace,2021-08-28T15:00:00,Regular goal,2-2,Conor Gallagher,70,0
https://www.xscores.com/soccer/match/liverpool-vs-chelsea/28-08-2021/319139,Liverpool,Chelsea,2021-08-28T17:30:00,Regular goal,0-1,Kai Havertz,22,0
https://www.xscores.com/soccer/match/liverpool-vs-chelsea/28-08-2021/319139,Liverpool,Chelsea,2021-08-28T17:30:00,Penalty,1-1,Mohamed Salah,45,5
https://www.xscores.com/soccer/match/burnley-vs-leeds/29-08-2021/319138,Burnley,Leeds,2021-08-29T14:00:00,Regular goal,1-0,Chris Wood,61,0
https://www.xscores.com/soccer/match/burnley-vs-leeds/29-08-2021/319138,Burnley,Leeds,2021-08-29T14:00:00,Regular goal,1-1,Patrick Bamford,86,0
https://www.xscores.com/soccer/match/tottenham-vs-watford/29-08-2021/319143,Tottenham,Watford,2021-08-29T14:00:00,Regular goal,1-0,Heung-Min Son,42,0
https://www.xscores.com/soccer/match/wolverhampton-vs-manchester-united/29-08-2021/319145,Wolverhampton,Manchester United,2021-08-29T16:30:00,Regular goal,0-1,Mason Greenwood,80,0
https://www.xscores.com/soccer/match/crystal-palace-vs-tottenham/11-09-2021/319149,Crystal Palace,Tottenham,2021-09-11T12:30:00,Penalty,1-0,Wilfried Zaha,76,0
https://www.xscores.com/soccer/match/crystal-palace-vs-tottenham/11-09-2021/319149,Crystal Palace,Tottenham,2021-09-11T12:30:00,Regular goal,2-0,Odsonne Edouard,84,0
https://www.xscores.com/soccer/match/crystal-palace-vs-tottenham/11-09-2021/319149,Crystal Palace,Tottenham,2021-09-11T12:30:00,Regular goal,3-0,Odsonne Edouard,90,2
https://www.xscores.com/soccer/match/arsenal-vs-norwich/11-09-2021/319146,Arsenal,Norwich,2021-09-11T15:00:00,Regular goal,1-0,Pierre-Emerick Aubameyang,66,0
https://www.xscores.com/soccer/match/brentford-vs-brighton/11-09-2021/319147,Brentford,Brighton,2021-09-11T15:00:00,Regular goal,0-1,Leandro Trossard,90,0
https://www.xscores.com/soccer/match/leicester-vs-manchester-city/11-09-2021/319152,Leicester,Manchester City,2021-09-11T15:00:00,Regular goal,0-1,Bernardo Silva,62,0
https://www.xscores.com/soccer/match/manchester-united-vs-newcastle/11-09-2021/319153,Manchester United,Newcastle,2021-09-11T15:00:00,Regular goal,1-0,Cristiano Ronaldo,45,2
https://www.xscores.com/soccer/match/manchester-united-vs-newcastle/11-09-2021/319153,Manchester United,Newcastle,2021-09-11T15:00:00,Regular goal,1-1,Javier Manquillo,56,0
https://www.xscores.com/soccer/match/manchester-united-vs-newcastle/11-09-2021/319153,Manchester United,Newcastle,2021-09-11T15:00:00,Regular goal,2-1,Cristiano Ronaldo,62,0
https://www.xscores.com/soccer/match/manchester-united-vs-newcastle/11-09-2021/319153,Manchester United,Newcastle,2021-09-11T15:00:00,Regular goal,3-1,Bruno Fernandes,80,0
https://www.xscores.com/soccer/match/manchester-united-vs-newcastle/11-09-2021/319153,Manchester United,Newcastle,2021-09-11T15:00:00,Regular goal,4-1,Jesse Lingard,90,2
https://www.xscores.com/soccer/match/watford-vs-wolverhampton/11-09-2021/319155,Watford,Wolverhampton,2021-09-11T15:00:00,Own goal,0-1,Francisco Sierralta,74,0
https://www.xscores.com/soccer/match/watford-vs-wolverhampton/11-09-2021/319155,Watford,Wolverhampton,2021-09-11T15:00:00,Regular goal,0-2,Hee-Chan Hwang,83,0
https://www.xscores.com/soccer/match/chelsea-vs-aston-villa/11-09-2021/319148,Chelsea,Aston Villa,2021-09-11T17:30:00,Regular goal,1-0,Romelu Lukaku,15,0
https://www.xscores.com/soccer/match/chelsea-vs-aston-villa/11-09-2021/319148,Chelsea,Aston Villa,2021-09-11T17:30:00,Regular goal,2-0,Mateo Kovacic,49,0
https://www.xscores.com/soccer/match/chelsea-vs-aston-villa/11-09-2021/319148,Chelsea,Aston Villa,2021-09-11T17:30:00,Regular goal,3-0,Romelu Lukaku,90,3
https://www.xscores.com/soccer/match/leeds-vs-liverpool/12-09-2021/319151,Leeds,Liverpool,2021-09-12T16:30:00,Regular goal,0-1,Mohamed Salah,20,0
https://www.xscores.com/soccer/match/leeds-vs-liverpool/12-09-2021/319151,Leeds,Liverpool,2021-09-12T16:30:00,Regular goal,0-2,Fabinho,50,0
https://www.xscores.com/soccer/match/leeds-vs-liverpool/12-09-2021/319151,Leeds,Liverpool,2021-09-12T16:30:00,Regular goal,0-3,Sadio Mane,90,2
https://www.xscores.com/soccer/match/everton-vs-burnley/13-09-2021/319150,Everton,Burnley,2021-09-13T20:00:00,Regular goal,0-1,Ben Mee,53,0
https://www.xscores.com/soccer/match/everton-vs-burnley/13-09-2021/319150,Everton,Burnley,2021-09-13T20:00:00,Regular goal,1-1,Michael Keane,60,0
https://www.xscores.com/soccer/match/everton-vs-burnley/13-09-2021/319150,Everton,Burnley,2021-09-13T20:00:00,Regular goal,2-1,Andros Townsend,65,0
https://www.xscores.com/soccer/match/everton-vs-burnley/13-09-2021/319150,Everton,Burnley,2021-09-13T20:00:00,Regular goal,3-1,Demarai Gray,66,0
https://www.xscores.com/soccer/match/newcastle-vs-leeds/17-09-2021/319161,Newcastle,Leeds,2021-09-17T20:00:00,Regular goal,0-1,Raphinha,13,0
https://www.xscores.com/soccer/match/newcastle-vs-leeds/17-09-2021/319161,Newcastle,Leeds,2021-09-17T20:00:00,Regular goal,1-1,Allan Saint-Maximin,44,0
https://www.xscores.com/soccer/match/wolverhampton-vs-brentford/18-09-2021/319165,Wolverhampton,Brentford,2021-09-18T12:30:00,Penalty,0-1,Ivan Toney,28,0
https://www.xscores.com/soccer/match/wolverhampton-vs-brentford/18-09-2021/319165,Wolverhampton,Brentford,2021-09-18T12:30:00,Regular goal,0-2,Bryan Mbeumo,34,0
https://www.xscores.com/soccer/match/burnley-vs-arsenal/18-09-2021/319158,Burnley,Arsenal,2021-09-18T15:00:00,Regular goal,0-1,Martin Oedegaard,30,0
https://www.xscores.com/soccer/match/liverpool-vs-crystal-palace/18-09-2021/319159,Liverpool,Crystal Palace,2021-09-18T15:00:00,Regular goal,1-0,Sadio Mane,43,0
https://www.xscores.com/soccer/match/liverpool-vs-crystal-palace/18-09-2021/319159,Liverpool,Crystal Palace,2021-09-18T15:00:00,Regular goal,2-0,Mohamed Salah,78,0
https://www.xscores.com/soccer/match/liverpool-vs-crystal-palace/18-09-2021/319159,Liverpool,Crystal Palace,2021-09-18T15:00:00,Regular goal,3-0,Naby Keita,89,0
https://www.xscores.com/soccer/match/norwich-vs-watford/18-09-2021/319162,Norwich,Watford,2021-09-18T15:00:00,Regular goal,0-1,Emmanuel Dennis,17,0
https://www.xscores.com/soccer/match/norwich-vs-watford/18-09-2021/319162,Norwich,Watford,2021-09-18T15:00:00,Regular goal,1-1,Teemu Pukki,35,0
https://www.xscores.com/soccer/match/norwich-vs-watford/18-09-2021/319162,Norwich,Watford,2021-09-18T15:00:00,Regular goal,1-2,Ismaila Sarr,63,0
https://www.xscores.com/soccer/match/norwich-vs-watford/18-09-2021/319162,Norwich,Watford,2021-09-18T15:00:00,Regular goal,1-3,Ismaila Sarr,80,0
https://www.xscores.com/soccer/match/aston-villa-vs-everton/18-09-2021/319156,Aston Villa,Everton,2021-09-18T17:30:00,Regular goal,1-0,Matty Cash,66,0
https://www.xscores.com/soccer/match/aston-villa-vs-everton/18-09-2021/319156,Aston Villa,Everton,2021-09-18T17:30:00,Own goal,2-0,Lucas Digne,69,0
https://www.xscores.com/soccer/match/aston-villa-vs-everton/18-09-2021/319156,Aston Villa,Everton,2021-09-18T17:30:00,Regular goal,3-0,Leon Bailey,75,0
https://www.xscores.com/soccer/match/brighton-vs-leicester/19-09-2021/319157,Brighton,Leicester,2021-09-19T14:00:00,Penalty,1-0,Neal Maupay,35,0
https://www.xscores.com/soccer/match/brighton-vs-leicester/19-09-2021/319157,Brighton,Leicester,2021-09-19T14:00:00,Regular goal,2-0,Danny Welbeck,50,0
https://www.xscores.com/soccer/match/brighton-vs-leicester/19-09-2021/319157,Brighton,Leicester,2021-09-19T14:00:00,Regular goal,2-1,Jamie Vardy,61,0
https://www.xscores.com/soccer/match/west-ham-vs-manchester-united/19-09-2021/319164,West Ham,Manchester United,2021-09-19T14:00:00,Regular goal,1-0,Said Benrahma,30,0
https://www.xscores.com/soccer/match/west-ham-vs-manchester-united/19-09-2021/319164,West Ham,Manchester United,2021-09-19T14:00:00,Regular goal,1-1,Cristiano Ronaldo,35,0
https://www.xscores.com/soccer/match/west-ham-vs-manchester-united/19-09-2021/319164,West Ham,Manchester United,2021-09-19T14:00:00,Regular goal,1-2,Jesse Lingard,89,0
https://www.xscores.com/soccer/match/tottenham-vs-chelsea/19-09-2021/319163,Tottenham,Chelsea,2021-09-19T16:30:00,Regular goal,0-1,Thiago Silva,49,0
https://www.xscores.com/soccer/match/tottenham-vs-chelsea/19-09-2021/319163,Tottenham,Chelsea,2021-09-19T16:30:00,Regular goal,0-2,N'Golo Kante,57,0
https://www.xscores.com/soccer/match/tottenham-vs-chelsea/19-09-2021/319163,Tottenham,Chelsea,2021-09-19T16:30:00,Regular goal,0-3,Antonio Ruediger,90,2
https://www.xscores.com/soccer/match/chelsea-vs-manchester-city/25-09-2021/319168,Chelsea,Manchester City,2021-09-25T12:30:00,Regular goal,0-1,Gabriel Jesus,53,0
https://www.xscores.com/soccer/match/manchester-united-vs-aston-villa/25-09-2021/319173,Manchester United,Aston Villa,2021-09-25T12:30:00,Regular goal,0-1,Kortney Hause,88,0
https://www.xscores.com/soccer/match/everton-vs-norwich/25-09-2021/319170,Everton,Norwich,2021-09-25T15:00:00,Penalty,1-0,Andros Townsend,29,0
https://www.xscores.com/soccer/match/everton-vs-norwich/25-09-2021/319170,Everton,Norwich,2021-09-25T15:00:00,Regular goal,2-0,Abdoulaye Doucoure,77,0
https://www.xscores.com/soccer/match/leeds-vs-west-ham/25-09-2021/319171,Leeds,West Ham,2021-09-25T15:00:00,Regular goal,1-0,Raphinha,19,0
https://www.xscores.com/soccer/match/leeds-vs-west-ham/25-09-2021/319171,Leeds,West Ham,2021-09-25T15:00:00,Own goal,1-1,Junior Firpo,67,0
https://www.xscores.com/soccer/match/leeds-vs-west-ham/25-09-2021/319171,Leeds,West Ham,2021-09-25T15:00:00,Regular goal,1-2,Michail Antonio,90,0
https://www.xscores.com/soccer/match/leicester-vs-burnley/25-09-2021/319172,Leicester,Burnley,2021-09-25T15:00:00,Own goal,0-1,Jamie Vardy,12,0
https://www.xscores.com/soccer/match/leicester-vs-burnley/25-09-2021/319172,Leicester,Burnley,2021-09-25T15:00:00,Regular goal,1-1,Jamie Vardy,37,0
https://www.xscores.com/soccer/match/leicester-vs-burnley/25-09-2021/319172,Leicester,Burnley,2021-09-25T15:00:00,Regular goal,1-2,Maxwel Cornet,40,0
https://www.xscores.com/soccer/match/leicester-vs-burnley/25-09-2021/319172,Leicester,Burnley,2021-09-25T15:00:00,Regular goal,2-2,Jamie Vardy,85,0
https://www.xscores.com/soccer/match/watford-vs-newcastle/25-09-2021/319175,Watford,Newcastle,2021-09-25T15:00:00,Regular goal,0-1,Sean Longstaff,23,0
https://www.xscores.com/soccer/match/watford-vs-newcastle/25-09-2021/319175,Watford,Newcastle,2021-09-25T15:00:00,Regular goal,1-1,Ismaila Sarr,72,0
https://www.xscores.com/soccer/match/brentford-vs-liverpool/25-09-2021/319167,Brentford,Liverpool,2021-09-25T17:30:00,Regular goal,1-0,Ethan Pinnock,27,0
https://www.xscores.com/soccer/match/brentford-vs-liverpool/25-09-2021/319167,Brentford,Liverpool,2021-09-25T17:30:00,Regular goal,1-1,Diogo Jota,31,0
https://www.xscores.com/soccer/match/brentford-vs-liverpool/25-09-2021/319167,Brentford,Liverpool,2021-09-25T17:30:00,Regular goal,1-2,Mohamed Salah,54,0
https://www.xscores.com/soccer/match/brentford-vs-liverpool/25-09-2021/319167,Brentford,Liverpool,2021-09-25T17:30:00,Regular goal,2-2,Vitaly Janelt,63,0
https://www.xscores.com/soccer/match/brentford-vs-liverpool/25-09-2021/319167,Brentford,Liverpool,2021-09-25T17:30:00,Regular goal,2-3,Curtis Jones,67,0
https://www.xscores.com/soccer/match/brentford-vs-liverpool/25-09-2021/319167,Brentford,Liverpool,2021-09-25T17:30:00,Regular goal,3-3,Yoane Wissa,82,0
https://www.xscores.com/soccer/match/southampton-vs-wolverhampton/26-09-2021/319174,Southampton,Wolverhampton,2021-09-26T14:00:00,Regular goal,0-1,Raul Jimenez,61,0
https://www.xscores.com/soccer/match/arsenal-vs-tottenham/26-09-2021/319166,Arsenal,Tottenham,2021-09-26T16:30:00,Regular goal,1-0,Emile Smith Rowe,12,0
https://www.xscores.com/soccer/match/arsenal-vs-tottenham/26-09-2021/319166,Arsenal,Tottenham,2021-09-26T16:30:00,Regular goal,2-0,Pierre-Emerick Aubameyang,27,0
https://www.xscores.com/soccer/match/arsenal-vs-tottenham/26-09-2021/319166,Arsenal,Tottenham,2021-09-26T16:30:00,Regular goal,3-0,Bukayo Saka,34,0
https://www.xscores.com/soccer/match/arsenal-vs-tottenham/26-09-2021/319166,Arsenal,Tottenham,2021-09-26T16:30:00,Regular goal,3-1,Heung-Min Son,79,0
https://www.xscores.com/soccer/match/crystal-palace-vs-brighton/27-09-2021/319169,Crystal Palace,Brighton,2021-09-27T20:00:00,Penalty,1-0,Wilfried Zaha,45,2
https://www.xscores.com/soccer/match/crystal-palace-vs-brighton/27-09-2021/319169,Crystal Palace,Brighton,2021-09-27T20:00:00,Regular goal,1-1,Neal Maupay,90,5
https://www.xscores.com/soccer/match/manchester-united-vs-everton/02-10-2021/319182,Manchester United,Everton,2021-10-02T12:30:00,Regular goal,1-0,Anthony Martial,43,0
https://www.xscores.com/soccer/match/manchester-united-vs-everton/02-10-2021/319182,Manchester United,Everton,2021-10-02T12:30:00,Regular goal,1-1,Andros Townsend,65,0
https://www.xscores.com/soccer/match/chelsea-vs-southampton/02-10-2021/319178,Chelsea,Southampton,2021-10-02T15:00:00,Regular goal,1-0,Trevoh Chalobah,9,0
https://www.xscores.com/soccer/match/chelsea-vs-southampton/02-10-2021/319178,Chelsea,Southampton,2021-10-02T15:00:00,Penalty,1-1,James Ward-Prowse,61,0
https://www.xscores.com/soccer/match/chelsea-vs-southampton/02-10-2021/319178,Chelsea,Southampton,2021-10-02T15:00:00,Regular goal,2-1,Timo Werner,84,0
https://www.xscores.com/soccer/match/chelsea-vs-southampton/02-10-2021/319178,Chelsea,Southampton,2021-10-02T15:00:00,Regular goal,3-1,Ben Chilwell,89,0
https://www.xscores.com/soccer/match/leeds-vs-watford/02-10-2021/319180,Leeds,Watford,2021-10-02T15:00:00,Regular goal,1-0,Diego Llorente,18,0
https://www.xscores.com/soccer/match/wolverhampton-vs-newcastle/02-10-2021/319185,Wolverhampton,Newcastle,2021-10-02T15:00:00,Regular goal,1-0,Hee-Chan Hwang,20,0
https://www.xscores.com/soccer/match/wolverhampton-vs-newcastle/02-10-2021/319185,Wolverhampton,Newcastle,2021-10-02T15:00:00,Regular goal,1-1,Jeff Hendrick,41,0
https://www.xscores.com/soccer/match/wolverhampton-vs-newcastle/02-10-2021/319185,Wolverhampton,Newcastle,2021-10-02T15:00:00,Regular goal,2-1,Hee-Chan Hwang,58,0
https://www.xscores.com/soccer/match/crystal-palace-vs-leicester/03-10-2021/319179,Crystal Palace,Leicester,2021-10-03T14:00:00,Regular goal,0-1,Kelechi Iheanacho,31,0
https://www.xscores.com/soccer/match/crystal-palace-vs-leicester/03-10-2021/319179,Crystal Palace,Leicester,2021-10-03T14:00:00,Regular goal,0-2,Jamie Vardy,37,0
https://www.xscores.com/soccer/match/crystal-palace-vs-leicester/03-10-2021/319179,Crystal Palace,Leicester,2021-10-03T14:00:00,Regular goal,1-2,Michael Olise,61,0
https://www.xscores.com/soccer/match/crystal-palace-vs-leicester/03-10-2021/319179,Crystal Palace,Leicester,2021-10-03T14:00:00,Regular goal,2-2,Jeffrey Schlupp,72,0
https://www.xscores.com/soccer/match/tottenham-vs-aston-villa/03-10-2021/319183,Tottenham,Aston Villa,2021-10-03T14:00:00,Regular goal,1-0,Pierre-Emile Hoejbjerg,27,0
https://www.xscores.com/soccer/match/tottenham-vs-aston-villa/03-10-2021/319183,Tottenham,Aston Villa,2021-10-03T14:00:00,Regular goal,1-1,Ollie Watkins,67,0
https://www.xscores.com/soccer/match/tottenham-vs-aston-villa/03-10-2021/319183,Tottenham,Aston Villa,2021-10-03T14:00:00,Own goal,2-1,Matt Targett,71,0
https://www.xscores.com/soccer/match/west-ham-vs-brentford/03-10-2021/319184,West Ham,Brentford,2021-10-03T14:00:00,Regular goal,0-1,Bryan Mbeumo,20,0
https://www.xscores.com/soccer/match/west-ham-vs-brentford/03-10-2021/319184,West Ham,Brentford,2021-10-03T14:00:00,Regular goal,1-1,Jarrod Bowen,80,0
https://www.xscores.com/soccer/match/west-ham-vs-brentford/03-10-2021/319184,West Ham,Brentford,2021-10-03T14:00:00,Regular goal,1-2,Yoane Wissa,90,4
https://www.xscores.com/soccer/match/liverpool-vs-manchester-city/03-10-2021/319181,Liverpool,Manchester City,2021-10-03T16:30:00,Regular goal,1-0,Sadio Mane,59,0
https://www.xscores.com/soccer/match/liverpool-vs-manchester-city/03-10-2021/319181,Liverpool,Manchester City,2021-10-03T16:30:00,Regular goal,1-1,Phil Foden,69,0
https://www.xscores.com/soccer/match/liverpool-vs-manchester-city/03-10-2021/319181,Liverpool,Manchester City,2021-10-03T16:30:00,Regular goal,2-1,Mohamed Salah,76,0
https://www.xscores.com/soccer/match/liverpool-vs-manchester-city/03-10-2021/319181,Liverpool,Manchester City,2021-10-03T16:30:00,Regular goal,2-2,Kevin De Bruyne,81,0
https://www.xscores.com/soccer/match/watford-vs-liverpool/16-10-2021/319195,Watford,Liverpool,2021-10-16T12:30:00,Regular goal,0-1,Sadio Mane,9,0
https://www.xscores.com/soccer/match/watford-vs-liverpool/16-10-2021/319195,Watford,Liverpool,2021-10-16T12:30:00,Regular goal,0-2,Roberto Firmino,37,0
https://www.xscores.com/soccer/match/watford-vs-liverpool/16-10-2021/319195,Watford,Liverpool,2021-10-16T12:30:00,Regular goal,0-3,Roberto Firmino,52,0
https://www.xscores.com/soccer/match/watford-vs-liverpool/16-10-2021/319195,Watford,Liverpool,2021-10-16T12:30:00,Regular goal,0-4,Mohamed Salah,54,0
https://www.xscores.com/soccer/match/watford-vs-liverpool/16-10-2021/319195,Watford,Liverpool,2021-10-16T12:30:00,Regular goal,0-5,Roberto Firmino,90,1
https://www.xscores.com/soccer/match/aston-villa-vs-wolverhampton/16-10-2021/319187,Aston Villa,Wolverhampton,2021-10-16T15:00:00,Regular goal,1-0,Danny Ings,48,0
https://www.xscores.com/soccer/match/aston-villa-vs-wolverhampton/16-10-2021/319187,Aston Villa,Wolverhampton,2021-10-16T15:00:00,Regular goal,2-0,John McGinn,68,0
https://www.xscores.com/soccer/match/aston-villa-vs-wolverhampton/16-10-2021/319187,Aston Villa,Wolverhampton,2021-10-16T15:00:00,Regular goal,2-1,Romain Saiss,80,0
https://www.xscores.com/soccer/match/aston-villa-vs-wolverhampton/16-10-2021/319187,Aston Villa,Wolverhampton,2021-10-16T15:00:00,Regular goal,2-2,Conor Coady,85,0
https://www.xscores.com/soccer/match/aston-villa-vs-wolverhampton/16-10-2021/319187,Aston Villa,Wolverhampton,2021-10-16T15:00:00,Regular goal,2-3,Ruben Neves,90,5
https://www.xscores.com/soccer/match/leicester-vs-manchester-united/16-10-2021/319190,Leicester,Manchester United,2021-10-16T15:00:00,Regular goal,0-1,Mason Greenwood,19,0
https://www.xscores.com/soccer/match/leicester-vs-manchester-united/16-10-2021/319190,Leicester,Manchester United,2021-10-16T15:00:00,Regular goal,1-1,Youri Tielemans,31,0
https://www.xscores.com/soccer/match/leicester-vs-manchester-united/16-10-2021/319190,Leicester,Manchester United,2021-10-16T15:00:00,Regular goal,2-1,Caglar Soyuncu,78,0
https://www.xscores.com/soccer/match/leicester-vs-manchester-united/16-10-2021/319190,Leicester,Manchester United,2021-10-16T15:00:00,Regular goal,2-2,Marcus Rashford,82,0
https://www.xscores.com/soccer/match/leicester-vs-manchester-united/16-10-2021/319190,Leicester,Manchester United,2021-10-16T15:00:00,Regular goal,3-2,Jamie Vardy,83,0
https://www.xscores.com/soccer/match/leicester-vs-manchester-united/16-10-2021/319190,Leicester,Manchester United,2021-10-16T15:00:00,Regular goal,4-2,Patson Daka,90,1
https://www.xscores.com/soccer/match/manchester-city-vs-burnley/16-10-2021/319191,Manchester City,Burnley,2021-10-16T15:00:00,Regular goal,1-0,Bernardo Silva,12,0
https://www.xscores.com/soccer/match/manchester-city-vs-burnley/16-10-2021/319191,Manchester City,Burnley,2021-10-16T15:00:00,Regular goal,2-0,Kevin De Bruyne,70,0
https://www.xscores.com/soccer/match/southampton-vs-leeds/16-10-2021/319194,Southampton,Leeds,2021-10-16T15:00:00,Regular goal,1-0,Armando Broja,53,0
https://www.xscores.com/soccer/match/brentford-vs-chelsea/16-10-2021/319188,Brentford,Chelsea,2021-10-16T17:30:00,Regular goal,0-1,Ben Chilwell,45,0
https://www.xscores.com/soccer/match/everton-vs-west-ham/17-10-2021/319189,Everton,West Ham,2021-10-17T14:00:00,Regular goal,0-1,Angelo Ogbonna,74,0
https://www.xscores.com/soccer/match/newcastle-vs-tottenham/17-10-2021/319192,Newcastle,Tottenham,2021-10-17T16:30:00,Regular goal,1-0,Callum Wilson,2,0
https://www.xscores.com/soccer/match/newcastle-vs-tottenham/17-10-2021/319192,Newcastle,Tottenham,2021-10-17T16:30:00,Regular goal,1-1,Tanguy Ndombele,17,0
https://www.xscores.com/soccer/match/newcastle-vs-tottenham/17-10-2021/319192,Newcastle,Tottenham,2021-10-17T16:30:00,Regular goal,1-2,Harry Kane,22,0
https://www.xscores.com/soccer/match/newcastle-vs-tottenham/17-10-2021/319192,Newcastle,Tottenham,2021-10-17T16:30:00,Regular goal,1-3,Heung-Min Son,45,4
https://www.xscores.com/soccer/match/newcastle-vs-tottenham/17-10-2021/319192,Newcastle,Tottenham,2021-10-17T16:30:00,Own goal,2-3,Eric Dier,89,0
https://www.xscores.com/soccer/match/arsenal-vs-crystal-palace/18-10-2021/319186,Arsenal,Crystal Palace,2021-10-18T20:00:00,Regular goal,1-0,Pierre-Emerick Aubameyang,8,0
https://www.xscores.com/soccer/match/arsenal-vs-crystal-palace/18-10-2021/319186,Arsenal,Crystal Palace,2021-10-18T20:00:00,Regular goal,1-1,Christian Benteke,50,0
https://www.xscores.com/soccer/match/arsenal-vs-crystal-palace/18-10-2021/319186,Arsenal,Crystal Palace,2021-10-18T20:00:00,Regular goal,1-2,Odsonne Edouard,73,0
https://www.xscores.com/soccer/match/arsenal-vs-crystal-palace/18-10-2021/319186,Arsenal,Crystal Palace,2021-10-18T20:00:00,Regular goal,2-2,Alexandre Lacazette,90,5
https://www.xscores.com/soccer/match/arsenal-vs-aston-villa/22-10-2021/319196,Arsenal,Aston Villa,2021-10-22T20:00:00,Regular goal,1-0,Thomas Partey,23,0
https://www.xscores.com/soccer/match/arsenal-vs-aston-villa/22-10-2021/319196,Arsenal,Aston Villa,2021-10-22T20:00:00,Regular goal,2-0,Pierre-Emerick Aubameyang,45,6
https://www.xscores.com/soccer/match/arsenal-vs-aston-villa/22-10-2021/319196,Arsenal,Aston Villa,2021-10-22T20:00:00,Regular goal,3-0,Emile Smith Rowe,56,0
https://www.xscores.com/soccer/match/arsenal-vs-aston-villa/22-10-2021/319196,Arsenal,Aston Villa,2021-10-22T20:00:00,Regular goal,3-1,Jacob Ramsey,82,0
https://www.xscores.com/soccer/match/chelsea-vs-norwich/23-10-2021/319199,Chelsea,Norwich,2021-10-23T12:30:00,Regular goal,1-0,Mason Mount,8,0
https://www.xscores.com/soccer/match/chelsea-vs-norwich/23-10-2021/319199,Chelsea,Norwich,2021-10-23T12:30:00,Regular goal,2-0,Callum Hudson-Odoi,18,0
https://www.xscores.com/soccer/match/chelsea-vs-norwich/23-10-2021/319199,Chelsea,Norwich,2021-10-23T12:30:00,Regular goal,3-0,Reece James,42,0
https://www.xscores.com/soccer/match/chelsea-vs-norwich/23-10-2021/319199,Chelsea,Norwich,2021-10-23T12:30:00,Regular goal,4-0,Ben Chilwell,57,0
https://www.xscores.com/soccer/match/chelsea-vs-norwich/23-10-2021/319199,Chelsea,Norwich,2021-10-23T12:30:00,Own goal,5-0,Max Aarons,62,0
https://www.xscores.com/soccer/match/chelsea-vs-norwich/23-10-2021/319199,Chelsea,Norwich,2021-10-23T12:30:00,Penalty,6-0,Mason Mount,85,0
https://www.xscores.com/soccer/match/chelsea-vs-norwich/23-10-2021/319199,Chelsea,Norwich,2021-10-23T12:30:00,Regular goal,7-0,Mason Mount,90,1
https://www.xscores.com/soccer/match/crystal-palace-vs-newcastle/23-10-2021/319200,Crystal Palace,Newcastle,2021-10-23T15:00:00,Regular goal,1-0,Christian Benteke,56,0
https://www.xscores.com/soccer/match/crystal-palace-vs-newcastle/23-10-2021/319200,Crystal Palace,Newcastle,2021-10-23T15:00:00,Regular goal,1-1,Callum Wilson,65,0
https://www.xscores.com/soccer/match/everton-vs-watford/23-10-2021/319201,Everton,Watford,2021-10-23T15:00:00,Regular goal,1-0,Tom Davies,3,0
https://www.xscores.com/soccer/match/everton-vs-watford/23-10-2021/319201,Everton,Watford,2021-10-23T15:00:00,Regular goal,1-1,Joshua King,13,0
https://www.xscores.com/soccer/match/everton-vs-watford/23-10-2021/319201,Everton,Watford,2021-10-23T15:00:00,Regular goal,2-1,Richarlison,63,0
https://www.xscores.com/soccer/match/everton-vs-watford/23-10-2021/319201,Everton,Watford,2021-10-23T15:00:00,Regular goal,2-2,Juraj Kucka,78,0
https://www.xscores.com/soccer/match/everton-vs-watford/23-10-2021/319201,Everton,Watford,2021-10-23T15:00:00,Regular goal,2-3,Joshua King,80,0
https://www.xscores.com/soccer/match/everton-vs-watford/23-10-2021/319201,Everton,Watford,2021-10-23T15:00:00,Regular goal,2-4,Joshua King,87,0
https://www.xscores.com/soccer/match/everton-vs-watford/23-10-2021/319201,Everton,Watford,2021-10-23T15:00:00,Regular goal,2-5,Emmanuel Dennis,90,1
https://www.xscores.com/soccer/match/leeds-vs-wolverhampton/23-10-2021/319202,Leeds,Wolverhampton,2021-10-23T15:00:00,Regular goal,0-1,Hee-Chan Hwang,10,0
https://www.xscores.com/soccer/match/leeds-vs-wolverhampton/23-10-2021/319202,Leeds,Wolverhampton,2021-10-23T15:00:00,Penalty,1-1,Rodrigo,90,4
https://www.xscores.com/soccer/match/southampton-vs-burnley/23-10-2021/319204,Southampton,Burnley,2021-10-23T15:00:00,Regular goal,0-1,Maxwel Cornet,13,0
https://www.xscores.com/soccer/match/southampton-vs-burnley/23-10-2021/319204,Southampton,Burnley,2021-10-23T15:00:00,Regular goal,1-1,Valentino Livramento,41,0
https://www.xscores.com/soccer/match/southampton-vs-burnley/23-10-2021/319204,Southampton,Burnley,2021-10-23T15:00:00,Regular goal,2-1,Armando Broja,50,0
https://www.xscores.com/soccer/match/southampton-vs-burnley/23-10-2021/319204,Southampton,Burnley,2021-10-23T15:00:00,Regular goal,2-2,Maxwel Cornet,57,0
https://www.xscores.com/soccer/match/brighton-vs-manchester-city/23-10-2021/319198,Brighton,Manchester City,2021-10-23T17:30:00,Regular goal,0-1,Ilkay Gundogan,13,0
https://www.xscores.com/soccer/match/brighton-vs-manchester-city/23-10-2021/319198,Brighton,Manchester City,2021-10-23T17:30:00,Regular goal,0-2,Phil Foden,28,0
https://www.xscores.com/soccer/match/brighton-vs-manchester-city/23-10-2021/319198,Brighton,Manchester City,2021-10-23T17:30:00,Regular goal,0-3,Phil Foden,31,0
https://www.xscores.com/soccer/match/brighton-vs-manchester-city/23-10-2021/319198,Brighton,Manchester City,2021-10-23T17:30:00,Penalty,1-3,Alexis Mac Allister,81,0
https://www.xscores.com/soccer/match/brighton-vs-manchester-city/23-10-2021/319198,Brighton,Manchester City,2021-10-23T17:30:00,Regular goal,1-4,Riyad Mahrez,90,5
https://www.xscores.com/soccer/match/brentford-vs-leicester/24-10-2021/319197,Brentford,Leicester,2021-10-24T14:00:00,Regular goal,0-1,Youri Tielemans,14,0
https://www.xscores.com/soccer/match/brentford-vs-leicester/24-10-2021/319197,Brentford,Leicester,2021-10-24T14:00:00,Regular goal,1-1,Mathias Joergensen,60,0
https://www.xscores.com/soccer/match/brentford-vs-leicester/24-10-2021/319197,Brentford,Leicester,2021-10-24T14:00:00,Regular goal,1-2,James Maddison,73,0
https://www.xscores.com/soccer/match/west-ham-vs-tottenham/24-10-2021/319205,West Ham,Tottenham,2021-10-24T14:00:00,Regular goal,1-0,Michail Antonio,72,0
https://www.xscores.com/soccer/match/manchester-united-vs-liverpool/24-10-2021/319203,Manchester United,Liverpool,2021-10-24T16:30:00,Regular goal,0-1,Naby Keita,5,0
https://www.xscores.com/soccer/match/manchester-united-vs-liverpool/24-10-2021/319203,Manchester United,Liverpool,2021-10-24T16:30:00,Regular goal,0-2,Diogo Jota,13,0
https://www.xscores.com/soccer/match/manchester-united-vs-liverpool/24-10-2021/319203,Manchester United,Liverpool,2021-10-24T16:30:00,Regular goal,0-3,Mohamed Salah,38,0
https://www.xscores.com/soccer/match/manchester-united-vs-liverpool/24-10-2021/319203,Manchester United,Liverpool,2021-10-24T16:30:00,Regular goal,0-4,Mohamed Salah,45,5
https://www.xscores.com/soccer/match/manchester-united-vs-liverpool/24-10-2021/319203,Manchester United,Liverpool,2021-10-24T16:30:00,Regular goal,0-5,Mohamed Salah,50,0
https://www.xscores.com/soccer/match/leicester-vs-arsenal/30-10-2021/319208,Leicester,Arsenal,2021-10-30T12:30:00,Regular goal,0-1,Gabriel,5,0
https://www.xscores.com/soccer/match/leicester-vs-arsenal/30-10-2021/319208,Leicester,Arsenal,2021-10-30T12:30:00,Regular goal,0-2,Emile Smith Rowe,18,0
https://www.xscores.com/soccer/match/burnley-vs-brentford/30-10-2021/319207,Burnley,Brentford,2021-10-30T15:00:00,Regular goal,1-0,Chris Wood,4,0
https://www.xscores.com/soccer/match/burnley-vs-brentford/30-10-2021/319207,Burnley,Brentford,2021-10-30T15:00:00,Regular goal,2-0,Matthew Lowton,32,0
https://www.xscores.com/soccer/match/burnley-vs-brentford/30-10-2021/319207,Burnley,Brentford,2021-10-30T15:00:00,Regular goal,3-0,Maxwel Cornet,36,0
https://www.xscores.com/soccer/match/burnley-vs-brentford/30-10-2021/319207,Burnley,Brentford,2021-10-30T15:00:00,Regular goal,3-1,Saman Ghoddos,79,0
https://www.xscores.com/soccer/match/liverpool-vs-brighton/30-10-2021/319209,Liverpool,Brighton,2021-10-30T15:00:00,Regular goal,1-0,Jordan Henderson,4,0
https://www.xscores.com/soccer/match/liverpool-vs-brighton/30-10-2021/319209,Liverpool,Brighton,2021-10-30T15:00:00,Regular goal,2-0,Sadio Mane,24,0
https://www.xscores.com/soccer/match/liverpool-vs-brighton/30-10-2021/319209,Liverpool,Brighton,2021-10-30T15:00:00,Regular goal,2-1,Enock Mwepu,41,0
https://www.xscores.com/soccer/match/liverpool-vs-brighton/30-10-2021/319209,Liverpool,Brighton,2021-10-30T15:00:00,Regular goal,2-2,Leandro Trossard,65,0
https://www.xscores.com/soccer/match/manchester-city-vs-crystal-palace/30-10-2021/319210,Manchester City,Crystal Palace,2021-10-30T15:00:00,Regular goal,0-1,Wilfried Zaha,6,0
https://www.xscores.com/soccer/match/manchester-city-vs-crystal-palace/30-10-2021/319210,Manchester City,Crystal Palace,2021-10-30T15:00:00,Regular goal,0-2,Conor Gallagher,88,0
https://www.xscores.com/soccer/match/newcastle-vs-chelsea/30-10-2021/319211,Newcastle,Chelsea,2021-10-30T15:00:00,Regular goal,0-1,Reece James,65,0
https://www.xscores.com/soccer/match/newcastle-vs-chelsea/30-10-2021/319211,Newcastle,Chelsea,2021-10-30T15:00:00,Regular goal,0-2,Reece James,77,0
https://www.xscores.com/soccer/match/newcastle-vs-chelsea/30-10-2021/319211,Newcastle,Chelsea,2021-10-30T15:00:00,Penalty,0-3,Jorginho,81,0
https://www.xscores.com/soccer/match/watford-vs-southampton/30-10-2021/319214,Watford,Southampton,2021-10-30T15:00:00,Regular goal,0-1,Che Adams,20,0
https://www.xscores.com/soccer/match/tottenham-vs-manchester-united/30-10-2021/319213,Tottenham,Manchester United,2021-10-30T17:30:00,Regular goal,0-1,Cristiano Ronaldo,39,0
https://www.xscores.com/soccer/match/tottenham-vs-manchester-united/30-10-2021/319213,Tottenham,Manchester United,2021-10-30T17:30:00,Regular goal,0-2,Edinson Cavani,64,0
https://www.xscores.com/soccer/match/tottenham-vs-manchester-united/30-10-2021/319213,Tottenham,Manchester United,2021-10-30T17:30:00,Regular goal,0-3,Marcus Rashford,86,0
https://www.xscores.com/soccer/match/norwich-vs-leeds/31-10-2021/319212,Norwich,Leeds,2021-10-31T14:00:00,Regular goal,0-1,Raphinha,56,0
https://www.xscores.com/soccer/match/norwich-vs-leeds/31-10-2021/319212,Norwich,Leeds,2021-10-31T14:00:00,Regular goal,1-1,Andrew Omobamidele,58,0
https://www.xscores.com/soccer/match/norwich-vs-leeds/31-10-2021/319212,Norwich,Leeds,2021-10-31T14:00:00,Regular goal,1-2,Rodrigo,60,0
https://www.xscores.com/soccer/match/aston-villa-vs-west-ham/31-10-2021/319206,Aston Villa,West Ham,2021-10-31T16:30:00,Regular goal,0-1,Ben Johnson,7,0
https://www.xscores.com/soccer/match/aston-villa-vs-west-ham/31-10-2021/319206,Aston Villa,West Ham,2021-10-31T16:30:00,Regular goal,1-1,Ollie Watkins,34,0
https://www.xscores.com/soccer/match/aston-villa-vs-west-ham/31-10-2021/319206,Aston Villa,West Ham,2021-10-31T16:30:00,Regular goal,1-2,Declan Rice,38,0
https://www.xscores.com/soccer/match/aston-villa-vs-west-ham/31-10-2021/319206,Aston Villa,West Ham,2021-10-31T16:30:00,Regular goal,1-3,Pablo Fornals,80,0
https://www.xscores.com/soccer/match/aston-villa-vs-west-ham/31-10-2021/319206,Aston Villa,West Ham,2021-10-31T16:30:00,Regular goal,1-4,Jarrod Bowen,84,0
https://www.xscores.com/soccer/match/wolverhampton-vs-everton/01-11-2021/319215,Wolverhampton,Everton,2021-11-01T20:00:00,Regular goal,1-0,Max Kilman,28,0
https://www.xscores.com/soccer/match/wolverhampton-vs-everton/01-11-2021/319215,Wolverhampton,Everton,2021-11-01T20:00:00,Regular goal,2-0,Raul Jimenez,32,0
https://www.xscores.com/soccer/match/wolverhampton-vs-everton/01-11-2021/319215,Wolverhampton,Everton,2021-11-01T20:00:00,Regular goal,2-1,Alex Iwobi,66,0
https://www.xscores.com/soccer/match/southampton-vs-aston-villa/05-11-2021/319224,Southampton,Aston Villa,2021-11-05T20:00:00,Regular goal,1-0,Adam Armstrong,3,0
https://www.xscores.com/soccer/match/manchester-united-vs-manchester-city/06-11-2021/319223,Manchester United,Manchester City,2021-11-06T12:30:00,Own goal,0-1,Eric Bailly,7,0
https://www.xscores.com/soccer/match/manchester-united-vs-manchester-city/06-11-2021/319223,Manchester United,Manchester City,2021-11-06T12:30:00,Regular goal,0-2,Bernardo Silva,45,0
https://www.xscores.com/soccer/match/brentford-vs-norwich/06-11-2021/319217,Brentford,Norwich,2021-11-06T15:00:00,Regular goal,0-1,Mathias Normann,6,0
https://www.xscores.com/soccer/match/brentford-vs-norwich/06-11-2021/319217,Brentford,Norwich,2021-11-06T15:00:00,Penalty,0-2,Teemu Pukki,29,0
https://www.xscores.com/soccer/match/brentford-vs-norwich/06-11-2021/319217,Brentford,Norwich,2021-11-06T15:00:00,Regular goal,1-2,Rico Henry,60,0
https://www.xscores.com/soccer/match/chelsea-vs-burnley/06-11-2021/319219,Chelsea,Burnley,2021-11-06T15:00:00,Regular goal,1-0,Kai Havertz,33,0
https://www.xscores.com/soccer/match/chelsea-vs-burnley/06-11-2021/319219,Chelsea,Burnley,2021-11-06T15:00:00,Regular goal,1-1,Matej Vydra,79,0
https://www.xscores.com/soccer/match/crystal-palace-vs-wolverhampton/06-11-2021/319220,Crystal Palace,Wolverhampton,2021-11-06T15:00:00,Regular goal,1-0,Wilfried Zaha,61,0
https://www.xscores.com/soccer/match/crystal-palace-vs-wolverhampton/06-11-2021/319220,Crystal Palace,Wolverhampton,2021-11-06T15:00:00,Regular goal,2-0,Conor Gallagher,78,0
https://www.xscores.com/soccer/match/brighton-vs-newcastle/06-11-2021/319218,Brighton,Newcastle,2021-11-06T17:30:00,Penalty,1-0,Leandro Trossard,24,0
https://www.xscores.com/soccer/match/brighton-vs-newcastle/06-11-2021/319218,Brighton,Newcastle,2021-11-06T17:30:00,Regular goal,1-1,Isaac Hayden,66,0
https://www.xscores.com/soccer/match/arsenal-vs-watford/07-11-2021/319216,Arsenal,Watford,2021-11-07T14:00:00,Regular goal,1-0,Emile Smith Rowe,56,0
https://www.xscores.com/soccer/match/leeds-vs-leicester/07-11-2021/319222,Leeds,Leicester,2021-11-07T14:00:00,Regular goal,1-0,Raphinha,26,0
https://www.xscores.com/soccer/match/leeds-vs-leicester/07-11-2021/319222,Leeds,Leicester,2021-11-07T14:00:00,Regular goal,1-1,Harvey Barnes,28,0
https://www.xscores.com/soccer/match/west-ham-vs-liverpool/07-11-2021/319225,West Ham,Liverpool,2021-11-07T16:30:00,Own goal,1-0,Alisson Becker,4,0
https://www.xscores.com/soccer/match/west-ham-vs-liverpool/07-11-2021/319225,West Ham,Liverpool,2021-11-07T16:30:00,Regular goal,1-1,Trent Alexander-Arnold,41,0
https://www.xscores.com/soccer/match/west-ham-vs-liverpool/07-11-2021/319225,West Ham,Liverpool,2021-11-07T16:30:00,Regular goal,2-1,Pablo Fornals,67,0
https://www.xscores.com/soccer/match/west-ham-vs-liverpool/07-11-2021/319225,West Ham,Liverpool,2021-11-07T16:30:00,Regular goal,3-1,Kurt Zouma,74,0
https://www.xscores.com/soccer/match/west-ham-vs-liverpool/07-11-2021/319225,West Ham,Liverpool,2021-11-07T16:30:00,Regular goal,3-2,Divock Origi,83,0
https://www.xscores.com/soccer/match/leicester-vs-chelsea/20-11-2021/319228,Leicester,Chelsea,2021-11-20T12:30:00,Regular goal,0-1,Antonio Ruediger,14,0
https://www.xscores.com/soccer/match/leicester-vs-chelsea/20-11-2021/319228,Leicester,Chelsea,2021-11-20T12:30:00,Regular goal,0-2,N'Golo Kante,28,0
https://www.xscores.com/soccer/match/leicester-vs-chelsea/20-11-2021/319228,Leicester,Chelsea,2021-11-20T12:30:00,Regular goal,0-3,Christian Pulisic,71,0
https://www.xscores.com/soccer/match/aston-villa-vs-brighton/20-11-2021/319226,Aston Villa,Brighton,2021-11-20T15:00:00,Regular goal,1-0,Ollie Watkins,84,0
https://www.xscores.com/soccer/match/aston-villa-vs-brighton/20-11-2021/319226,Aston Villa,Brighton,2021-11-20T15:00:00,Regular goal,2-0,Tyrone Mings,89,0
https://www.xscores.com/soccer/match/burnley-vs-crystal-palace/20-11-2021/319227,Burnley,Crystal Palace,2021-11-20T15:00:00,Regular goal,0-1,Christian Benteke,8,0
https://www.xscores.com/soccer/match/burnley-vs-crystal-palace/20-11-2021/319227,Burnley,Crystal Palace,2021-11-20T15:00:00,Regular goal,1-1,Ben Mee,19,0
https://www.xscores.com/soccer/match/burnley-vs-crystal-palace/20-11-2021/319227,Burnley,Crystal Palace,2021-11-20T15:00:00,Regular goal,2-1,Chris Wood,27,0
https://www.xscores.com/soccer/match/burnley-vs-crystal-palace/20-11-2021/319227,Burnley,Crystal Palace,2021-11-20T15:00:00,Regular goal,2-2,Christian Benteke,36,0
https://www.xscores.com/soccer/match/burnley-vs-crystal-palace/20-11-2021/319227,Burnley,Crystal Palace,2021-11-20T15:00:00,Regular goal,2-3,Marc Guehi,42,0
https://www.xscores.com/soccer/match/burnley-vs-crystal-palace/20-11-2021/319227,Burnley,Crystal Palace,2021-11-20T15:00:00,Regular goal,3-3,Maxwel Cornet,49,0
https://www.xscores.com/soccer/match/newcastle-vs-brentford/20-11-2021/319231,Newcastle,Brentford,2021-11-20T15:00:00,Regular goal,1-0,Jamaal Lascelles,10,0
https://www.xscores.com/soccer/match/newcastle-vs-brentford/20-11-2021/319231,Newcastle,Brentford,2021-11-20T15:00:00,Regular goal,1-1,Ivan Toney,11,0
https://www.xscores.com/soccer/match/newcastle-vs-brentford/20-11-2021/319231,Newcastle,Brentford,2021-11-20T15:00:00,Regular goal,1-2,Rico Henry,31,0
https://www.xscores.com/soccer/match/newcastle-vs-brentford/20-11-2021/319231,Newcastle,Brentford,2021-11-20T15:00:00,Regular goal,2-2,Joelinton,39,0
https://www.xscores.com/soccer/match/newcastle-vs-brentford/20-11-2021/319231,Newcastle,Brentford,2021-11-20T15:00:00,Own goal,2-3,Jamaal Lascelles,61,0
https://www.xscores.com/soccer/match/newcastle-vs-brentford/20-11-2021/319231,Newcastle,Brentford,2021-11-20T15:00:00,Regular goal,3-3,Allan Saint-Maximin,75,0
https://www.xscores.com/soccer/match/norwich-vs-southampton/20-11-2021/319232,Norwich,Southampton,2021-11-20T15:00:00,Regular goal,0-1,Che Adams,4,0
https://www.xscores.com/soccer/match/norwich-vs-southampton/20-11-2021/319232,Norwich,Southampton,2021-11-20T15:00:00,Regular goal,1-1,Teemu Pukki,7,0
https://www.xscores.com/soccer/match/norwich-vs-southampton/20-11-2021/319232,Norwich,Southampton,2021-11-20T15:00:00,Regular goal,2-1,Grant Hanley,79,0
https://www.xscores.com/soccer/match/watford-vs-manchester-united/20-11-2021/319234,Watford,Manchester United,2021-11-20T15:00:00,Regular goal,1-0,Joshua King,28,0
https://www.xscores.com/soccer/match/watford-vs-manchester-united/20-11-2021/319234,Watford,Manchester United,2021-11-20T15:00:00,Regular goal,2-0,Ismaila Sarr,44,0
https://www.xscores.com/soccer/match/watford-vs-manchester-united/20-11-2021/319234,Watford,Manchester United,2021-11-20T15:00:00,Regular goal,2-1,Donny van de Beek,50,0
https://www.xscores.com/soccer/match/watford-vs-manchester-united/20-11-2021/319234,Watford,Manchester United,2021-11-20T15:00:00,Regular goal,3-1,Joao Pedro,90,2
https://www.xscores.com/soccer/match/watford-vs-manchester-united/20-11-2021/319234,Watford,Manchester United,2021-11-20T15:00:00,Regular goal,4-1,Emmanuel Dennis,90,6
https://www.xscores.com/soccer/match/wolverhampton-vs-west-ham/20-11-2021/319235,Wolverhampton,West Ham,2021-11-20T15:00:00,Regular goal,1-0,Raul Jimenez,58,0
https://www.xscores.com/soccer/match/liverpool-vs-arsenal/20-11-2021/319229,Liverpool,Arsenal,2021-11-20T17:30:00,Regular goal,1-0,Sadio Mane,39,0
https://www.xscores.com/soccer/match/liverpool-vs-arsenal/20-11-2021/319229,Liverpool,Arsenal,2021-11-20T17:30:00,Regular goal,2-0,Diogo Jota,52,0
https://www.xscores.com/soccer/match/liverpool-vs-arsenal/20-11-2021/319229,Liverpool,Arsenal,2021-11-20T17:30:00,Regular goal,3-0,Mohamed Salah,73,0
https://www.xscores.com/soccer/match/liverpool-vs-arsenal/20-11-2021/319229,Liverpool,Arsenal,2021-11-20T17:30:00,Regular goal,4-0,Takumi Minamino,77,0
https://www.xscores.com/soccer/match/manchester-city-vs-everton/21-11-2021/319230,Manchester City,Everton,2021-11-21T14:00:00,Regular goal,1-0,Raheem Sterling,44,0
https://www.xscores.com/soccer/match/manchester-city-vs-everton/21-11-2021/319230,Manchester City,Everton,2021-11-21T14:00:00,Regular goal,2-0,Rodri,55,0
https://www.xscores.com/soccer/match/manchester-city-vs-everton/21-11-2021/319230,Manchester City,Everton,2021-11-21T14:00:00,Regular goal,3-0,Bernardo Silva,86,0
https://www.xscores.com/soccer/match/tottenham-vs-leeds/21-11-2021/319233,Tottenham,Leeds,2021-11-21T16:30:00,Regular goal,0-1,Daniel James,44,0
https://www.xscores.com/soccer/match/tottenham-vs-leeds/21-11-2021/319233,Tottenham,Leeds,2021-11-21T16:30:00,Regular goal,1-1,Pierre-Emile Hoejbjerg,58,0
https://www.xscores.com/soccer/match/tottenham-vs-leeds/21-11-2021/319233,Tottenham,Leeds,2021-11-21T16:30:00,Regular goal,2-1,Sergio Reguilon,69,0
https://www.xscores.com/soccer/match/arsenal-vs-newcastle/27-11-2021/319236,Arsenal,Newcastle,2021-11-27T12:30:00,Regular goal,1-0,Bukayo Saka,56,0
https://www.xscores.com/soccer/match/arsenal-vs-newcastle/27-11-2021/319236,Arsenal,Newcastle,2021-11-27T12:30:00,Regular goal,2-0,Gabriel Martinelli,66,0
https://www.xscores.com/soccer/match/crystal-palace-vs-aston-villa/27-11-2021/319241,Crystal Palace,Aston Villa,2021-11-27T15:00:00,Regular goal,0-1,Matt Targett,15,0
https://www.xscores.com/soccer/match/crystal-palace-vs-aston-villa/27-11-2021/319241,Crystal Palace,Aston Villa,2021-11-27T15:00:00,Regular goal,0-2,John McGinn,86,0
https://www.xscores.com/soccer/match/crystal-palace-vs-aston-villa/27-11-2021/319241,Crystal Palace,Aston Villa,2021-11-27T15:00:00,Regular goal,1-2,Marc Guehi,90,5
https://www.xscores.com/soccer/match/liverpool-vs-southampton/27-11-2021/319243,Liverpool,Southampton,2021-11-27T15:00:00,Regular goal,1-0,Diogo Jota,2,0
https://www.xscores.com/soccer/match/liverpool-vs-southampton/27-11-2021/319243,Liverpool,Southampton,2021-11-27T15:00:00,Regular goal,2-0,Diogo Jota,32,0
https://www.xscores.com/soccer/match/liverpool-vs-southampton/27-11-2021/319243,Liverpool,Southampton,2021-11-27T15:00:00,Regular goal,3-0,Thiago Alcantara,37,0
https://www.xscores.com/soccer/match/liverpool-vs-southampton/27-11-2021/319243,Liverpool,Southampton,2021-11-27T15:00:00,Regular goal,4-0,Virgil van Dijk,52,0
https://www.xscores.com/soccer/match/brentford-vs-everton/28-11-2021/319237,Brentford,Everton,2021-11-28T14:00:00,Penalty,1-0,Ivan Toney,24,0
https://www.xscores.com/soccer/match/leicester-vs-watford/28-11-2021/319242,Leicester,Watford,2021-11-28T14:00:00,Regular goal,1-0,James Maddison,16,0
https://www.xscores.com/soccer/match/leicester-vs-watford/28-11-2021/319242,Leicester,Watford,2021-11-28T14:00:00,Penalty,1-1,Joshua King,30,0
https://www.xscores.com/soccer/match/leicester-vs-watford/28-11-2021/319242,Leicester,Watford,2021-11-28T14:00:00,Regular goal,2-1,Jamie Vardy,34,0
https://www.xscores.com/soccer/match/leicester-vs-watford/28-11-2021/319242,Leicester,Watford,2021-11-28T14:00:00,Regular goal,3-1,Jamie Vardy,42,0
https://www.xscores.com/soccer/match/leicester-vs-watford/28-11-2021/319242,Leicester,Watford,2021-11-28T14:00:00,Regular goal,3-2,Emmanuel Dennis,61,0
https://www.xscores.com/soccer/match/leicester-vs-watford/28-11-2021/319242,Leicester,Watford,2021-11-28T14:00:00,Regular goal,4-2,Ademola Lookman,68,0
https://www.xscores.com/soccer/match/manchester-city-vs-west-ham/28-11-2021/319244,Manchester City,West Ham,2021-11-28T14:00:00,Regular goal,1-0,Ilkay Gundogan,33,0
https://www.xscores.com/soccer/match/manchester-city-vs-west-ham/28-11-2021/319244,Manchester City,West Ham,2021-11-28T14:00:00,Regular goal,2-0,Fernandinho,90,0
https://www.xscores.com/soccer/match/manchester-city-vs-west-ham/28-11-2021/319244,Manchester City,West Ham,2021-11-28T14:00:00,Regular goal,2-1,Manuel Lanzini,90,4
https://www.xscores.com/soccer/match/chelsea-vs-manchester-united/28-11-2021/319240,Chelsea,Manchester United,2021-11-28T16:30:00,Regular goal,0-1,Jadon Sancho,50,0
https://www.xscores.com/soccer/match/chelsea-vs-manchester-united/28-11-2021/319240,Chelsea,Manchester United,2021-11-28T16:30:00,Penalty,1-1,Jorginho,69,0
https://www.xscores.com/soccer/match/burnley-vs-tottenham/23-02-2022/319239,Burnley,Tottenham,2022-02-23T19:30:00,Regular goal,1-0,Ben Mee,71,0
https://www.xscores.com/soccer/match/newcastle-vs-norwich/30-11-2021/319253,Newcastle,Norwich,2021-11-30T19:30:00,Penalty,1-0,Callum Wilson,61,0
https://www.xscores.com/soccer/match/newcastle-vs-norwich/30-11-2021/319253,Newcastle,Norwich,2021-11-30T19:30:00,Regular goal,1-1,Teemu Pukki,79,0
https://www.xscores.com/soccer/match/leeds-vs-crystal-palace/30-11-2021/319248,Leeds,Crystal Palace,2021-11-30T20:15:00,Penalty,1-0,Raphinha,90,3
https://www.xscores.com/soccer/match/southampton-vs-leicester/01-12-2021/319254,Southampton,Leicester,2021-12-01T19:30:00,Regular goal,1-0,Jan Bednarek,3,0
https://www.xscores.com/soccer/match/southampton-vs-leicester/01-12-2021/319254,Southampton,Leicester,2021-12-01T19:30:00,Regular goal,1-1,Jonny Evans,22,0
https://www.xscores.com/soccer/match/southampton-vs-leicester/01-12-2021/319254,Southampton,Leicester,2021-12-01T19:30:00,Regular goal,2-1,Che Adams,34,0
https://www.xscores.com/soccer/match/southampton-vs-leicester/01-12-2021/319254,Southampton,Leicester,2021-12-01T19:30:00,Regular goal,2-2,James Maddison,49,0
https://www.xscores.com/soccer/match/watford-vs-chelsea/01-12-2021/319249,Watford,Chelsea,2021-12-01T19:30:00,Regular goal,0-1,Mason Mount,29,0
https://www.xscores.com/soccer/match/watford-vs-chelsea/01-12-2021/319249,Watford,Chelsea,2021-12-01T19:30:00,Regular goal,1-1,Emmanuel Dennis,43,0
https://www.xscores.com/soccer/match/watford-vs-chelsea/01-12-2021/319249,Watford,Chelsea,2021-12-01T19:30:00,Regular goal,1-2,Hakim Ziyech,72,0
https://www.xscores.com/soccer/match/west-ham-vs-brighton/01-12-2021/319250,West Ham,Brighton,2021-12-01T19:30:00,Regular goal,1-0,Tomas Soucek,5,0
https://www.xscores.com/soccer/match/west-ham-vs-brighton/01-12-2021/319250,West Ham,Brighton,2021-12-01T19:30:00,Regular goal,1-1,Neal Maupay,89,0
https://www.xscores.com/soccer/match/aston-villa-vs-manchester-city/01-12-2021/319246,Aston Villa,Manchester City,2021-12-01T20:15:00,Regular goal,0-1,Ruben Dias,27,0
https://www.xscores.com/soccer/match/aston-villa-vs-manchester-city/01-12-2021/319246,Aston Villa,Manchester City,2021-12-01T20:15:00,Regular goal,0-2,Bernardo Silva,43,0
https://www.xscores.com/soccer/match/aston-villa-vs-manchester-city/01-12-2021/319246,Aston Villa,Manchester City,2021-12-01T20:15:00,Regular goal,1-2,Ollie Watkins,47,0
https://www.xscores.com/soccer/match/everton-vs-liverpool/01-12-2021/319247,Everton,Liverpool,2021-12-01T20:15:00,Regular goal,0-1,Jordan Henderson,9,0
https://www.xscores.com/soccer/match/everton-vs-liverpool/01-12-2021/319247,Everton,Liverpool,2021-12-01T20:15:00,Regular goal,0-2,Mohamed Salah,19,0
https://www.xscores.com/soccer/match/everton-vs-liverpool/01-12-2021/319247,Everton,Liverpool,2021-12-01T20:15:00,Regular goal,1-2,Demarai Gray,38,0
https://www.xscores.com/soccer/match/everton-vs-liverpool/01-12-2021/319247,Everton,Liverpool,2021-12-01T20:15:00,Regular goal,1-3,Mohamed Salah,64,0
https://www.xscores.com/soccer/match/everton-vs-liverpool/01-12-2021/319247,Everton,Liverpool,2021-12-01T20:15:00,Regular goal,1-4,Diogo Jota,79,0
https://www.xscores.com/soccer/match/tottenham-vs-brentford/02-12-2021/319255,Tottenham,Brentford,2021-12-02T19:30:00,Own goal,1-0,Sergi Canos,12,0
https://www.xscores.com/soccer/match/tottenham-vs-brentford/02-12-2021/319255,Tottenham,Brentford,2021-12-02T19:30:00,Regular goal,2-0,Heung-Min Son,65,0
https://www.xscores.com/soccer/match/manchester-united-vs-arsenal/02-12-2021/319252,Manchester United,Arsenal,2021-12-02T20:15:00,Regular goal,0-1,Emile Smith Rowe,13,0
https://www.xscores.com/soccer/match/manchester-united-vs-arsenal/02-12-2021/319252,Manchester United,Arsenal,2021-12-02T20:15:00,Regular goal,1-1,Bruno Fernandes,44,0
https://www.xscores.com/soccer/match/manchester-united-vs-arsenal/02-12-2021/319252,Manchester United,Arsenal,2021-12-02T20:15:00,Regular goal,2-1,Cristiano Ronaldo,52,0
https://www.xscores.com/soccer/match/manchester-united-vs-arsenal/02-12-2021/319252,Manchester United,Arsenal,2021-12-02T20:15:00,Regular goal,2-2,Martin Oedegaard,54,0
https://www.xscores.com/soccer/match/manchester-united-vs-arsenal/02-12-2021/319252,Manchester United,Arsenal,2021-12-02T20:15:00,Penalty,3-2,Cristiano Ronaldo,70,0
https://www.xscores.com/soccer/match/west-ham-vs-chelsea/04-12-2021/319264,West Ham,Chelsea,2021-12-04T12:30:00,Regular goal,0-1,Thiago Silva,29,0
https://www.xscores.com/soccer/match/west-ham-vs-chelsea/04-12-2021/319264,West Ham,Chelsea,2021-12-04T12:30:00,Penalty,1-1,Manuel Lanzini,40,0
https://www.xscores.com/soccer/match/west-ham-vs-chelsea/04-12-2021/319264,West Ham,Chelsea,2021-12-04T12:30:00,Regular goal,1-2,Mason Mount,44,0
https://www.xscores.com/soccer/match/west-ham-vs-chelsea/04-12-2021/319264,West Ham,Chelsea,2021-12-04T12:30:00,Regular goal,2-2,Jarrod Bowen,56,0
https://www.xscores.com/soccer/match/west-ham-vs-chelsea/04-12-2021/319264,West Ham,Chelsea,2021-12-04T12:30:00,Regular goal,3-2,Arthur Masuaku,87,0
https://www.xscores.com/soccer/match/newcastle-vs-burnley/04-12-2021/319260,Newcastle,Burnley,2021-12-04T15:00:00,Regular goal,1-0,Callum Wilson,40,0
https://www.xscores.com/soccer/match/southampton-vs-brighton/04-12-2021/319261,Southampton,Brighton,2021-12-04T15:00:00,Regular goal,1-0,Armando Broja,29,0
https://www.xscores.com/soccer/match/southampton-vs-brighton/04-12-2021/319261,Southampton,Brighton,2021-12-04T15:00:00,Regular goal,1-1,Neal Maupay,90,8
https://www.xscores.com/soccer/match/wolverhampton-vs-liverpool/04-12-2021/319265,Wolverhampton,Liverpool,2021-12-04T15:00:00,Regular goal,0-1,Divock Origi,90,4
https://www.xscores.com/soccer/match/watford-vs-manchester-city/04-12-2021/319263,Watford,Manchester City,2021-12-04T17:30:00,Regular goal,0-1,Raheem Sterling,4,0
https://www.xscores.com/soccer/match/watford-vs-manchester-city/04-12-2021/319263,Watford,Manchester City,2021-12-04T17:30:00,Regular goal,0-2,Bernardo Silva,31,0
https://www.xscores.com/soccer/match/watford-vs-manchester-city/04-12-2021/319263,Watford,Manchester City,2021-12-04T17:30:00,Regular goal,0-3,Bernardo Silva,63,0
https://www.xscores.com/soccer/match/watford-vs-manchester-city/04-12-2021/319263,Watford,Manchester City,2021-12-04T17:30:00,Regular goal,1-3,Juan Hernandez,74,0
https://www.xscores.com/soccer/match/leeds-vs-brentford/05-12-2021/319258,Leeds,Brentford,2021-12-05T14:00:00,Regular goal,1-0,Tyler Roberts,27,0
https://www.xscores.com/soccer/match/leeds-vs-brentford/05-12-2021/319258,Leeds,Brentford,2021-12-05T14:00:00,Regular goal,1-1,Shandon Baptiste,54,0
https://www.xscores.com/soccer/match/leeds-vs-brentford/05-12-2021/319258,Leeds,Brentford,2021-12-05T14:00:00,Regular goal,1-2,Sergi Canos,61,0
https://www.xscores.com/soccer/match/leeds-vs-brentford/05-12-2021/319258,Leeds,Brentford,2021-12-05T14:00:00,Regular goal,2-2,Patrick Bamford,90,5
https://www.xscores.com/soccer/match/manchester-united-vs-crystal-palace/05-12-2021/319259,Manchester United,Crystal Palace,2021-12-05T14:00:00,Regular goal,1-0,Fred,77,0
https://www.xscores.com/soccer/match/tottenham-vs-norwich/05-12-2021/319262,Tottenham,Norwich,2021-12-05T14:00:00,Regular goal,1-0,Lucas Moura,10,0
https://www.xscores.com/soccer/match/tottenham-vs-norwich/05-12-2021/319262,Tottenham,Norwich,2021-12-05T14:00:00,Regular goal,2-0,Davinson Sanchez,67,0
https://www.xscores.com/soccer/match/tottenham-vs-norwich/05-12-2021/319262,Tottenham,Norwich,2021-12-05T14:00:00,Regular goal,3-0,Heung-Min Son,77,0
https://www.xscores.com/soccer/match/aston-villa-vs-leicester/05-12-2021/319256,Aston Villa,Leicester,2021-12-05T16:30:00,Regular goal,0-1,Harvey Barnes,14,0
https://www.xscores.com/soccer/match/aston-villa-vs-leicester/05-12-2021/319256,Aston Villa,Leicester,2021-12-05T16:30:00,Regular goal,1-1,Ezri Konsa,17,0
https://www.xscores.com/soccer/match/aston-villa-vs-leicester/05-12-2021/319256,Aston Villa,Leicester,2021-12-05T16:30:00,Regular goal,2-1,Ezri Konsa,54,0
https://www.xscores.com/soccer/match/everton-vs-arsenal/06-12-2021/319257,Everton,Arsenal,2021-12-06T20:00:00,Regular goal,0-1,Martin Oedegaard,45,2
https://www.xscores.com/soccer/match/everton-vs-arsenal/06-12-2021/319257,Everton,Arsenal,2021-12-06T20:00:00,Regular goal,1-1,Richarlison,79,0
https://www.xscores.com/soccer/match/everton-vs-arsenal/06-12-2021/319257,Everton,Arsenal,2021-12-06T20:00:00,Regular goal,2-1,Demarai Gray,90,2
https://www.xscores.com/soccer/match/brentford-vs-watford/10-12-2021/319268,Brentford,Watford,2021-12-10T20:00:00,Regular goal,0-1,Emmanuel Dennis,24,0
https://www.xscores.com/soccer/match/brentford-vs-watford/10-12-2021/319268,Brentford,Watford,2021-12-10T20:00:00,Regular goal,1-1,Pontus Jansson,84,0
https://www.xscores.com/soccer/match/brentford-vs-watford/10-12-2021/319268,Brentford,Watford,2021-12-10T20:00:00,Penalty,2-1,Bryan Mbeumo,90,5
https://www.xscores.com/soccer/match/manchester-city-vs-wolverhampton/11-12-2021/319275,Manchester City,Wolverhampton,2021-12-11T12:30:00,Penalty,1-0,Raheem Sterling,66,0
https://www.xscores.com/soccer/match/arsenal-vs-southampton/11-12-2021/319267,Arsenal,Southampton,2021-12-11T15:00:00,Regular goal,1-0,Alexandre Lacazette,21,0
https://www.xscores.com/soccer/match/arsenal-vs-southampton/11-12-2021/319267,Arsenal,Southampton,2021-12-11T15:00:00,Regular goal,2-0,Martin Oedegaard,27,0
https://www.xscores.com/soccer/match/arsenal-vs-southampton/11-12-2021/319267,Arsenal,Southampton,2021-12-11T15:00:00,Regular goal,3-0,Gabriel,62,0
https://www.xscores.com/soccer/match/chelsea-vs-leeds/11-12-2021/319271,Chelsea,Leeds,2021-12-11T15:00:00,Penalty,0-1,Raphinha,28,0
https://www.xscores.com/soccer/match/chelsea-vs-leeds/11-12-2021/319271,Chelsea,Leeds,2021-12-11T15:00:00,Regular goal,1-1,Mason Mount,42,0
https://www.xscores.com/soccer/match/chelsea-vs-leeds/11-12-2021/319271,Chelsea,Leeds,2021-12-11T15:00:00,Penalty,2-1,Jorginho,58,0
https://www.xscores.com/soccer/match/chelsea-vs-leeds/11-12-2021/319271,Chelsea,Leeds,2021-12-11T15:00:00,Regular goal,2-2,Joe Gelhardt,83,0
https://www.xscores.com/soccer/match/chelsea-vs-leeds/11-12-2021/319271,Chelsea,Leeds,2021-12-11T15:00:00,Penalty,3-2,Jorginho,90,4
https://www.xscores.com/soccer/match/liverpool-vs-aston-villa/11-12-2021/319274,Liverpool,Aston Villa,2021-12-11T15:00:00,Penalty,1-0,Mohamed Salah,67,0
https://www.xscores.com/soccer/match/norwich-vs-manchester-united/11-12-2021/319276,Norwich,Manchester United,2021-12-11T17:30:00,Penalty,0-1,Cristiano Ronaldo,75,0
https://www.xscores.com/soccer/match/leicester-vs-newcastle/12-12-2021/319273,Leicester,Newcastle,2021-12-12T14:00:00,Penalty,1-0,Youri Tielemans,39,0
https://www.xscores.com/soccer/match/leicester-vs-newcastle/12-12-2021/319273,Leicester,Newcastle,2021-12-12T14:00:00,Regular goal,2-0,Patson Daka,57,0
https://www.xscores.com/soccer/match/leicester-vs-newcastle/12-12-2021/319273,Leicester,Newcastle,2021-12-12T14:00:00,Regular goal,3-0,Youri Tielemans,81,0
https://www.xscores.com/soccer/match/leicester-vs-newcastle/12-12-2021/319273,Leicester,Newcastle,2021-12-12T14:00:00,Regular goal,4-0,James Maddison,85,0
https://www.xscores.com/soccer/match/crystal-palace-vs-everton/12-12-2021/319272,Crystal Palace,Everton,2021-12-12T16:30:00,Regular goal,1-0,Conor Gallagher,41,0
https://www.xscores.com/soccer/match/crystal-palace-vs-everton/12-12-2021/319272,Crystal Palace,Everton,2021-12-12T16:30:00,Regular goal,2-0,James Tomkins,62,0
https://www.xscores.com/soccer/match/crystal-palace-vs-everton/12-12-2021/319272,Crystal Palace,Everton,2021-12-12T16:30:00,Regular goal,2-1,Jose Salomon Rondon,70,0
https://www.xscores.com/soccer/match/crystal-palace-vs-everton/12-12-2021/319272,Crystal Palace,Everton,2021-12-12T16:30:00,Regular goal,3-1,Conor Gallagher,90,3
https://www.xscores.com/soccer/match/brighton-vs-tottenham/16-03-2022/319269,Brighton,Tottenham,2022-03-16T19:30:00,Regular goal,0-1,Cristian Romero,37,0
https://www.xscores.com/soccer/match/brighton-vs-tottenham/16-03-2022/319269,Brighton,Tottenham,2022-03-16T19:30:00,Regular goal,0-2,Harry Kane,57,0
https://www.xscores.com/soccer/match/norwich-vs-aston-villa/14-12-2021/319282,Norwich,Aston Villa,2021-12-14T19:45:00,Regular goal,0-1,Jacob Ramsey,34,0
https://www.xscores.com/soccer/match/norwich-vs-aston-villa/14-12-2021/319282,Norwich,Aston Villa,2021-12-14T19:45:00,Regular goal,0-2,Ollie Watkins,87,0
https://www.xscores.com/soccer/match/manchester-city-vs-leeds/14-12-2021/319286,Manchester City,Leeds,2021-12-14T20:00:00,Regular goal,1-0,Phil Foden,8,0
https://www.xscores.com/soccer/match/manchester-city-vs-leeds/14-12-2021/319286,Manchester City,Leeds,2021-12-14T20:00:00,Regular goal,2-0,Jack Grealish,13,0
https://www.xscores.com/soccer/match/manchester-city-vs-leeds/14-12-2021/319286,Manchester City,Leeds,2021-12-14T20:00:00,Regular goal,3-0,Kevin De Bruyne,32,0
https://www.xscores.com/soccer/match/manchester-city-vs-leeds/14-12-2021/319286,Manchester City,Leeds,2021-12-14T20:00:00,Regular goal,4-0,Riyad Mahrez,49,0
https://www.xscores.com/soccer/match/manchester-city-vs-leeds/14-12-2021/319286,Manchester City,Leeds,2021-12-14T20:00:00,Regular goal,5-0,Kevin De Bruyne,62,0
https://www.xscores.com/soccer/match/manchester-city-vs-leeds/14-12-2021/319286,Manchester City,Leeds,2021-12-14T20:00:00,Regular goal,6-0,John Stones,74,0
https://www.xscores.com/soccer/match/manchester-city-vs-leeds/14-12-2021/319286,Manchester City,Leeds,2021-12-14T20:00:00,Regular goal,7-0,Nathan Ake,78,0
https://www.xscores.com/soccer/match/brighton-vs-wolverhampton/15-12-2021/319279,Brighton,Wolverhampton,2021-12-15T19:30:00,Regular goal,0-1,Romain Saiss,45,1
https://www.xscores.com/soccer/match/crystal-palace-vs-southampton/15-12-2021/319283,Crystal Palace,Southampton,2021-12-15T19:30:00,Regular goal,1-0,Wilfried Zaha,2,0
https://www.xscores.com/soccer/match/crystal-palace-vs-southampton/15-12-2021/319283,Crystal Palace,Southampton,2021-12-15T19:30:00,Regular goal,1-1,James Ward-Prowse,32,0
https://www.xscores.com/soccer/match/crystal-palace-vs-southampton/15-12-2021/319283,Crystal Palace,Southampton,2021-12-15T19:30:00,Regular goal,1-2,Armando Broja,36,0
https://www.xscores.com/soccer/match/crystal-palace-vs-southampton/15-12-2021/319283,Crystal Palace,Southampton,2021-12-15T19:30:00,Regular goal,2-2,Jordan Ayew,65,0
https://www.xscores.com/soccer/match/arsenal-vs-west-ham/15-12-2021/319277,Arsenal,West Ham,2021-12-15T20:00:00,Regular goal,1-0,Gabriel Martinelli,48,0
https://www.xscores.com/soccer/match/arsenal-vs-west-ham/15-12-2021/319277,Arsenal,West Ham,2021-12-15T20:00:00,Regular goal,2-0,Emile Smith Rowe,87,0
https://www.xscores.com/soccer/match/chelsea-vs-everton/16-12-2021/319284,Chelsea,Everton,2021-12-16T19:45:00,Regular goal,1-0,Mason Mount,70,0
https://www.xscores.com/soccer/match/chelsea-vs-everton/16-12-2021/319284,Chelsea,Everton,2021-12-16T19:45:00,Regular goal,1-1,Jarrad Branthwaite,74,0
https://www.xscores.com/soccer/match/liverpool-vs-newcastle/16-12-2021/319285,Liverpool,Newcastle,2021-12-16T20:00:00,Regular goal,0-1,Jonjo Shelvey,7,0
https://www.xscores.com/soccer/match/liverpool-vs-newcastle/16-12-2021/319285,Liverpool,Newcastle,2021-12-16T20:00:00,Regular goal,1-1,Diogo Jota,21,0
https://www.xscores.com/soccer/match/liverpool-vs-newcastle/16-12-2021/319285,Liverpool,Newcastle,2021-12-16T20:00:00,Regular goal,2-1,Mohamed Salah,25,0
https://www.xscores.com/soccer/match/liverpool-vs-newcastle/16-12-2021/319285,Liverpool,Newcastle,2021-12-16T20:00:00,Regular goal,3-1,Trent Alexander-Arnold,87,0
https://www.xscores.com/soccer/match/leicester-vs-tottenham/19-01-2022/319281,Leicester,Tottenham,2022-01-19T19:30:00,Regular goal,1-0,Patson Daka,24,0
https://www.xscores.com/soccer/match/leicester-vs-tottenham/19-01-2022/319281,Leicester,Tottenham,2022-01-19T19:30:00,Regular goal,1-1,Harry Kane,38,0
https://www.xscores.com/soccer/match/leicester-vs-tottenham/19-01-2022/319281,Leicester,Tottenham,2022-01-19T19:30:00,Regular goal,2-1,James Maddison,76,0
https://www.xscores.com/soccer/match/leicester-vs-tottenham/19-01-2022/319281,Leicester,Tottenham,2022-01-19T19:30:00,Regular goal,2-2,Steven Bergwijn,90,5
https://www.xscores.com/soccer/match/leicester-vs-tottenham/19-01-2022/319281,Leicester,Tottenham,2022-01-19T19:30:00,Regular goal,2-3,Steven Bergwijn,90,7
https://www.xscores.com/soccer/match/brentford-vs-manchester-united/19-01-2022/319278,Brentford,Manchester United,2022-01-19T20:00:00,Regular goal,0-1,Anthony Elanga,55,0
https://www.xscores.com/soccer/match/brentford-vs-manchester-united/19-01-2022/319278,Brentford,Manchester United,2022-01-19T20:00:00,Regular goal,0-2,Mason Greenwood,62,0
https://www.xscores.com/soccer/match/brentford-vs-manchester-united/19-01-2022/319278,Brentford,Manchester United,2022-01-19T20:00:00,Regular goal,0-3,Marcus Rashford,77,0
https://www.xscores.com/soccer/match/brentford-vs-manchester-united/19-01-2022/319278,Brentford,Manchester United,2022-01-19T20:00:00,Regular goal,1-3,Ivan Toney,85,0
https://www.xscores.com/soccer/match/leeds-vs-arsenal/18-12-2021/319289,Leeds,Arsenal,2021-12-18T17:30:00,Regular goal,0-1,Gabriel Martinelli,16,0
https://www.xscores.com/soccer/match/leeds-vs-arsenal/18-12-2021/319289,Leeds,Arsenal,2021-12-18T17:30:00,Regular goal,0-2,Gabriel Martinelli,28,0
https://www.xscores.com/soccer/match/leeds-vs-arsenal/18-12-2021/319289,Leeds,Arsenal,2021-12-18T17:30:00,Regular goal,0-3,Bukayo Saka,42,0
https://www.xscores.com/soccer/match/leeds-vs-arsenal/18-12-2021/319289,Leeds,Arsenal,2021-12-18T17:30:00,Penalty,1-3,Raphinha,75,0
https://www.xscores.com/soccer/match/leeds-vs-arsenal/18-12-2021/319289,Leeds,Arsenal,2021-12-18T17:30:00,Regular goal,1-4,Emile Smith Rowe,84,0
https://www.xscores.com/soccer/match/newcastle-vs-manchester-city/19-12-2021/319291,Newcastle,Manchester City,2021-12-19T14:00:00,Regular goal,0-1,Ruben Dias,5,0
https://www.xscores.com/soccer/match/newcastle-vs-manchester-city/19-12-2021/319291,Newcastle,Manchester City,2021-12-19T14:00:00,Regular goal,0-2,Joao Cancelo,27,0
https://www.xscores.com/soccer/match/newcastle-vs-manchester-city/19-12-2021/319291,Newcastle,Manchester City,2021-12-19T14:00:00,Regular goal,0-3,Riyad Mahrez,63,0
https://www.xscores.com/soccer/match/newcastle-vs-manchester-city/19-12-2021/319291,Newcastle,Manchester City,2021-12-19T14:00:00,Regular goal,0-4,Raheem Sterling,86,0
https://www.xscores.com/soccer/match/tottenham-vs-liverpool/19-12-2021/319293,Tottenham,Liverpool,2021-12-19T16:30:00,Regular goal,1-0,Harry Kane,13,0
https://www.xscores.com/soccer/match/tottenham-vs-liverpool/19-12-2021/319293,Tottenham,Liverpool,2021-12-19T16:30:00,Regular goal,1-1,Diogo Jota,35,0
https://www.xscores.com/soccer/match/tottenham-vs-liverpool/19-12-2021/319293,Tottenham,Liverpool,2021-12-19T16:30:00,Regular goal,1-2,Andrew Robertson,69,0
https://www.xscores.com/soccer/match/tottenham-vs-liverpool/19-12-2021/319293,Tottenham,Liverpool,2021-12-19T16:30:00,Regular goal,2-2,Heung-Min Son,74,0
https://www.xscores.com/soccer/match/southampton-vs-brentford/11-01-2022/319292,Southampton,Brentford,2022-01-11T19:45:00,Regular goal,1-0,Jan Bednarek,5,0
https://www.xscores.com/soccer/match/southampton-vs-brentford/11-01-2022/319292,Southampton,Brentford,2022-01-11T19:45:00,Regular goal,1-1,Vitaly Janelt,23,0
https://www.xscores.com/soccer/match/southampton-vs-brentford/11-01-2022/319292,Southampton,Brentford,2022-01-11T19:45:00,Own goal,2-1,Alvaro Fernandez,37,0
https://www.xscores.com/soccer/match/southampton-vs-brentford/11-01-2022/319292,Southampton,Brentford,2022-01-11T19:45:00,Regular goal,3-1,Armando Broja,49,0
https://www.xscores.com/soccer/match/southampton-vs-brentford/11-01-2022/319292,Southampton,Brentford,2022-01-11T19:45:00,Regular goal,4-1,Che Adams,70,0
https://www.xscores.com/soccer/match/west-ham-vs-norwich/12-01-2022/319295,West Ham,Norwich,2022-01-12T19:45:00,Regular goal,1-0,Jarrod Bowen,42,0
https://www.xscores.com/soccer/match/west-ham-vs-norwich/12-01-2022/319295,West Ham,Norwich,2022-01-12T19:45:00,Regular goal,2-0,Jarrod Bowen,83,0
https://www.xscores.com/soccer/match/manchester-united-vs-brighton/15-02-2022/319290,Manchester United,Brighton,2022-02-15T20:15:00,Regular goal,1-0,Cristiano Ronaldo,51,0
https://www.xscores.com/soccer/match/manchester-united-vs-brighton/15-02-2022/319290,Manchester United,Brighton,2022-02-15T20:15:00,Regular goal,2-0,Bruno Fernandes,90,7
https://www.xscores.com/soccer/match/watford-vs-crystal-palace/23-02-2022/319294,Watford,Crystal Palace,2022-02-23T19:30:00,Regular goal,0-1,Jean-Philippe Mateta,15,0
https://www.xscores.com/soccer/match/watford-vs-crystal-palace/23-02-2022/319294,Watford,Crystal Palace,2022-02-23T19:30:00,Regular goal,1-1,Moussa Sissoko,18,0
https://www.xscores.com/soccer/match/watford-vs-crystal-palace/23-02-2022/319294,Watford,Crystal Palace,2022-02-23T19:30:00,Regular goal,1-2,Conor Gallagher,42,0
https://www.xscores.com/soccer/match/watford-vs-crystal-palace/23-02-2022/319294,Watford,Crystal Palace,2022-02-23T19:30:00,Regular goal,1-3,Wilfried Zaha,85,0
https://www.xscores.com/soccer/match/watford-vs-crystal-palace/23-02-2022/319294,Watford,Crystal Palace,2022-02-23T19:30:00,Regular goal,1-4,Wilfried Zaha,90,0
https://www.xscores.com/soccer/match/everton-vs-leicester/20-04-2022/319288,Everton,Leicester,2022-04-20T19:45:00,Regular goal,0-1,Harvey Barnes,5,0
https://www.xscores.com/soccer/match/everton-vs-leicester/20-04-2022/319288,Everton,Leicester,2022-04-20T19:45:00,Regular goal,1-1,Richarlison,90,2
https://www.xscores.com/soccer/match/aston-villa-vs-burnley/19-05-2022/319287,Aston Villa,Burnley,2022-05-19T20:00:00,Penalty,0-1,Ashley Barnes,45,0
https://www.xscores.com/soccer/match/aston-villa-vs-burnley/19-05-2022/319287,Aston Villa,Burnley,2022-05-19T20:00:00,Regular goal,1-1,Emiliano Buendia,48,0
https://www.xscores.com/soccer/match/manchester-city-vs-leicester/26-12-2021/319301,Manchester City,Leicester,2021-12-26T15:00:00,Regular goal,1-0,Kevin De Bruyne,5,0
https://www.xscores.com/soccer/match/manchester-city-vs-leicester/26-12-2021/319301,Manchester City,Leicester,2021-12-26T15:00:00,Penalty,2-0,Riyad Mahrez,14,0
https://www.xscores.com/soccer/match/manchester-city-vs-leicester/26-12-2021/319301,Manchester City,Leicester,2021-12-26T15:00:00,Regular goal,3-0,Ilkay Gundogan,21,0
https://www.xscores.com/soccer/match/manchester-city-vs-leicester/26-12-2021/319301,Manchester City,Leicester,2021-12-26T15:00:00,Penalty,4-0,Raheem Sterling,25,0
https://www.xscores.com/soccer/match/manchester-city-vs-leicester/26-12-2021/319301,Manchester City,Leicester,2021-12-26T15:00:00,Regular goal,4-1,James Maddison,55,0
https://www.xscores.com/soccer/match/manchester-city-vs-leicester/26-12-2021/319301,Manchester City,Leicester,2021-12-26T15:00:00,Regular goal,4-2,Ademola Lookman,59,0
https://www.xscores.com/soccer/match/manchester-city-vs-leicester/26-12-2021/319301,Manchester City,Leicester,2021-12-26T15:00:00,Regular goal,4-3,Kelechi Iheanacho,65,0
https://www.xscores.com/soccer/match/manchester-city-vs-leicester/26-12-2021/319301,Manchester City,Leicester,2021-12-26T15:00:00,Regular goal,5-3,Aymeric Laporte,69,0
https://www.xscores.com/soccer/match/manchester-city-vs-leicester/26-12-2021/319301,Manchester City,Leicester,2021-12-26T15:00:00,Regular goal,6-3,Raheem Sterling,87,0
https://www.xscores.com/soccer/match/norwich-vs-arsenal/26-12-2021/319303,Norwich,Arsenal,2021-12-26T15:00:00,Regular goal,0-1,Bukayo Saka,6,0
https://www.xscores.com/soccer/match/norwich-vs-arsenal/26-12-2021/319303,Norwich,Arsenal,2021-12-26T15:00:00,Regular goal,0-2,Kieran Tierney,44,0
https://www.xscores.com/soccer/match/norwich-vs-arsenal/26-12-2021/319303,Norwich,Arsenal,2021-12-26T15:00:00,Regular goal,0-3,Bukayo Saka,67,0
https://www.xscores.com/soccer/match/norwich-vs-arsenal/26-12-2021/319303,Norwich,Arsenal,2021-12-26T15:00:00,Penalty,0-4,Alexandre Lacazette,84,0
https://www.xscores.com/soccer/match/norwich-vs-arsenal/26-12-2021/319303,Norwich,Arsenal,2021-12-26T15:00:00,Regular goal,0-5,Emile Smith Rowe,90,1
https://www.xscores.com/soccer/match/tottenham-vs-crystal-palace/26-12-2021/319304,Tottenham,Crystal Palace,2021-12-26T15:00:00,Regular goal,1-0,Harry Kane,32,0
https://www.xscores.com/soccer/match/tottenham-vs-crystal-palace/26-12-2021/319304,Tottenham,Crystal Palace,2021-12-26T15:00:00,Regular goal,2-0,Lucas Moura,34,0
https://www.xscores.com/soccer/match/tottenham-vs-crystal-palace/26-12-2021/319304,Tottenham,Crystal Palace,2021-12-26T15:00:00,Regular goal,3-0,Heung-Min Son,74,0
https://www.xscores.com/soccer/match/west-ham-vs-southampton/26-12-2021/319305,West Ham,Southampton,2021-12-26T15:00:00,Regular goal,0-1,Mohamed Elyounoussi,8,0
https://www.xscores.com/soccer/match/west-ham-vs-southampton/26-12-2021/319305,West Ham,Southampton,2021-12-26T15:00:00,Regular goal,1-1,Michail Antonio,49,0
https://www.xscores.com/soccer/match/west-ham-vs-southampton/26-12-2021/319305,West Ham,Southampton,2021-12-26T15:00:00,Penalty,1-2,James Ward-Prowse,61,0
https://www.xscores.com/soccer/match/west-ham-vs-southampton/26-12-2021/319305,West Ham,Southampton,2021-12-26T15:00:00,Regular goal,2-2,Said Benrahma,64,0
https://www.xscores.com/soccer/match/west-ham-vs-southampton/26-12-2021/319305,West Ham,Southampton,2021-12-26T15:00:00,Regular goal,2-3,Jan Bednarek,70,0
https://www.xscores.com/soccer/match/aston-villa-vs-chelsea/26-12-2021/319297,Aston Villa,Chelsea,2021-12-26T17:30:00,Own goal,1-0,Reece James,28,0
https://www.xscores.com/soccer/match/aston-villa-vs-chelsea/26-12-2021/319297,Aston Villa,Chelsea,2021-12-26T17:30:00,Penalty,1-1,Jorginho,34,0
https://www.xscores.com/soccer/match/aston-villa-vs-chelsea/26-12-2021/319297,Aston Villa,Chelsea,2021-12-26T17:30:00,Regular goal,1-2,Romelu Lukaku,56,0
https://www.xscores.com/soccer/match/aston-villa-vs-chelsea/26-12-2021/319297,Aston Villa,Chelsea,2021-12-26T17:30:00,Penalty,1-3,Jorginho,90,3
https://www.xscores.com/soccer/match/brighton-vs-brentford/26-12-2021/319298,Brighton,Brentford,2021-12-26T20:00:00,Regular goal,1-0,Leandro Trossard,34,0
https://www.xscores.com/soccer/match/brighton-vs-brentford/26-12-2021/319298,Brighton,Brentford,2021-12-26T20:00:00,Regular goal,2-0,Neal Maupay,42,0
https://www.xscores.com/soccer/match/newcastle-vs-manchester-united/27-12-2021/319302,Newcastle,Manchester United,2021-12-27T20:00:00,Regular goal,1-0,Allan Saint-Maximin,7,0
https://www.xscores.com/soccer/match/newcastle-vs-manchester-united/27-12-2021/319302,Newcastle,Manchester United,2021-12-27T20:00:00,Regular goal,1-1,Edinson Cavani,71,0
https://www.xscores.com/soccer/match/liverpool-vs-leeds/23-02-2022/319300,Liverpool,Leeds,2022-02-23T19:45:00,Penalty,1-0,Mohamed Salah,15,0
https://www.xscores.com/soccer/match/liverpool-vs-leeds/23-02-2022/319300,Liverpool,Leeds,2022-02-23T19:45:00,Regular goal,2-0,Joel Matip,30,0
https://www.xscores.com/soccer/match/liverpool-vs-leeds/23-02-2022/319300,Liverpool,Leeds,2022-02-23T19:45:00,Penalty,3-0,Mohamed Salah,35,0
https://www.xscores.com/soccer/match/liverpool-vs-leeds/23-02-2022/319300,Liverpool,Leeds,2022-02-23T19:45:00,Regular goal,4-0,Sadio Mane,80,0
https://www.xscores.com/soccer/match/liverpool-vs-leeds/23-02-2022/319300,Liverpool,Leeds,2022-02-23T19:45:00,Regular goal,5-0,Sadio Mane,90,0
https://www.xscores.com/soccer/match/liverpool-vs-leeds/23-02-2022/319300,Liverpool,Leeds,2022-02-23T19:45:00,Regular goal,6-0,Virgil van Dijk,90,3
https://www.xscores.com/soccer/match/wolverhampton-vs-watford/10-03-2022/319306,Wolverhampton,Watford,2022-03-10T19:30:00,Regular goal,1-0,Raul Jimenez,13,0
https://www.xscores.com/soccer/match/wolverhampton-vs-watford/10-03-2022/319306,Wolverhampton,Watford,2022-03-10T19:30:00,Own goal,2-0,Juan Hernandez,18,0
https://www.xscores.com/soccer/match/wolverhampton-vs-watford/10-03-2022/319306,Wolverhampton,Watford,2022-03-10T19:30:00,Regular goal,3-0,Daniel Podence,21,0
https://www.xscores.com/soccer/match/wolverhampton-vs-watford/10-03-2022/319306,Wolverhampton,Watford,2022-03-10T19:30:00,Regular goal,4-0,Ruben Neves,85,0
https://www.xscores.com/soccer/match/burnley-vs-everton/06-04-2022/319299,Burnley,Everton,2022-04-06T19:30:00,Regular goal,1-0,Nathan Collins,12,0
https://www.xscores.com/soccer/match/burnley-vs-everton/06-04-2022/319299,Burnley,Everton,2022-04-06T19:30:00,Penalty,1-1,Richarlison,18,0
https://www.xscores.com/soccer/match/burnley-vs-everton/06-04-2022/319299,Burnley,Everton,2022-04-06T19:30:00,Penalty,1-2,Richarlison,41,0
https://www.xscores.com/soccer/match/burnley-vs-everton/06-04-2022/319299,Burnley,Everton,2022-04-06T19:30:00,Regular goal,2-2,Jay Rodriguez,57,0
https://www.xscores.com/soccer/match/burnley-vs-everton/06-04-2022/319299,Burnley,Everton,2022-04-06T19:30:00,Regular goal,3-2,Maxwel Cornet,85,0
https://www.xscores.com/soccer/match/crystal-palace-vs-norwich/28-12-2021/319311,Crystal Palace,Norwich,2021-12-28T15:00:00,Penalty,1-0,Odsonne Edouard,8,0
https://www.xscores.com/soccer/match/crystal-palace-vs-norwich/28-12-2021/319311,Crystal Palace,Norwich,2021-12-28T15:00:00,Regular goal,2-0,Jean-Philippe Mateta,38,0
https://www.xscores.com/soccer/match/crystal-palace-vs-norwich/28-12-2021/319311,Crystal Palace,Norwich,2021-12-28T15:00:00,Regular goal,3-0,Jeffrey Schlupp,42,0
https://www.xscores.com/soccer/match/southampton-vs-tottenham/28-12-2021/319316,Southampton,Tottenham,2021-12-28T15:00:00,Regular goal,1-0,James Ward-Prowse,25,0
https://www.xscores.com/soccer/match/southampton-vs-tottenham/28-12-2021/319316,Southampton,Tottenham,2021-12-28T15:00:00,Penalty,1-1,Harry Kane,41,0
https://www.xscores.com/soccer/match/watford-vs-west-ham/28-12-2021/319310,Watford,West Ham,2021-12-28T15:00:00,Regular goal,1-0,Emmanuel Dennis,4,0
https://www.xscores.com/soccer/match/watford-vs-west-ham/28-12-2021/319310,Watford,West Ham,2021-12-28T15:00:00,Regular goal,1-1,Tomas Soucek,27,0
https://www.xscores.com/soccer/match/watford-vs-west-ham/28-12-2021/319310,Watford,West Ham,2021-12-28T15:00:00,Regular goal,1-2,Said Benrahma,29,0
https://www.xscores.com/soccer/match/watford-vs-west-ham/28-12-2021/319310,Watford,West Ham,2021-12-28T15:00:00,Penalty,1-3,Mark Noble,58,0
https://www.xscores.com/soccer/match/watford-vs-west-ham/28-12-2021/319310,Watford,West Ham,2021-12-28T15:00:00,Regular goal,1-4,Nikola Vlasic,90,2
https://www.xscores.com/soccer/match/leicester-vs-liverpool/28-12-2021/319314,Leicester,Liverpool,2021-12-28T20:00:00,Regular goal,1-0,Ademola Lookman,59,0
https://www.xscores.com/soccer/match/chelsea-vs-brighton/29-12-2021/319309,Chelsea,Brighton,2021-12-29T19:30:00,Regular goal,1-0,Romelu Lukaku,28,0
https://www.xscores.com/soccer/match/chelsea-vs-brighton/29-12-2021/319309,Chelsea,Brighton,2021-12-29T19:30:00,Regular goal,1-1,Danny Welbeck,90,1
https://www.xscores.com/soccer/match/brentford-vs-manchester-city/29-12-2021/319308,Brentford,Manchester City,2021-12-29T20:15:00,Regular goal,0-1,Phil Foden,16,0
https://www.xscores.com/soccer/match/manchester-united-vs-burnley/30-12-2021/319315,Manchester United,Burnley,2021-12-30T20:15:00,Regular goal,1-0,Scott McTominay,8,0
https://www.xscores.com/soccer/match/manchester-united-vs-burnley/30-12-2021/319315,Manchester United,Burnley,2021-12-30T20:15:00,Own goal,2-0,Ben Mee,27,0
https://www.xscores.com/soccer/match/manchester-united-vs-burnley/30-12-2021/319315,Manchester United,Burnley,2021-12-30T20:15:00,Regular goal,3-0,Cristiano Ronaldo,35,0
https://www.xscores.com/soccer/match/manchester-united-vs-burnley/30-12-2021/319315,Manchester United,Burnley,2021-12-30T20:15:00,Regular goal,3-1,Aaron Lennon,38,0
https://www.xscores.com/soccer/match/arsenal-vs-wolverhampton/24-02-2022/319307,Arsenal,Wolverhampton,2022-02-24T19:45:00,Regular goal,0-1,Hee-Chan Hwang,10,0
https://www.xscores.com/soccer/match/arsenal-vs-wolverhampton/24-02-2022/319307,Arsenal,Wolverhampton,2022-02-24T19:45:00,Regular goal,1-1,Nicolas Pepe,82,0
https://www.xscores.com/soccer/match/arsenal-vs-wolverhampton/24-02-2022/319307,Arsenal,Wolverhampton,2022-02-24T19:45:00,Own goal,2-1,Jose Sa,90,5
https://www.xscores.com/soccer/match/leeds-vs-aston-villa/10-03-2022/319313,Leeds,Aston Villa,2022-03-10T19:45:00,Regular goal,0-1,Philippe Coutinho,22,0
https://www.xscores.com/soccer/match/leeds-vs-aston-villa/10-03-2022/319313,Leeds,Aston Villa,2022-03-10T19:45:00,Regular goal,0-2,Matty Cash,65,0
https://www.xscores.com/soccer/match/leeds-vs-aston-villa/10-03-2022/319313,Leeds,Aston Villa,2022-03-10T19:45:00,Regular goal,0-3,Calum Chambers,73,0
https://www.xscores.com/soccer/match/everton-vs-newcastle/17-03-2022/319312,Everton,Newcastle,2022-03-17T19:45:00,Regular goal,1-0,Alex Iwobi,90,9
https://www.xscores.com/soccer/match/arsenal-vs-manchester-city/01-01-2022/319317,Arsenal,Manchester City,2022-01-01T12:30:00,Regular goal,1-0,Bukayo Saka,31,0
https://www.xscores.com/soccer/match/arsenal-vs-manchester-city/01-01-2022/319317,Arsenal,Manchester City,2022-01-01T12:30:00,Penalty,1-1,Riyad Mahrez,57,0
https://www.xscores.com/soccer/match/arsenal-vs-manchester-city/01-01-2022/319317,Arsenal,Manchester City,2022-01-01T12:30:00,Regular goal,1-2,Rodri,90,3
https://www.xscores.com/soccer/match/watford-vs-tottenham/01-01-2022/319326,Watford,Tottenham,2022-01-01T15:00:00,Regular goal,0-1,Davinson Sanchez,90,6
https://www.xscores.com/soccer/match/crystal-palace-vs-west-ham/01-01-2022/319320,Crystal Palace,West Ham,2022-01-01T17:30:00,Regular goal,0-1,Michail Antonio,22,0
https://www.xscores.com/soccer/match/crystal-palace-vs-west-ham/01-01-2022/319320,Crystal Palace,West Ham,2022-01-01T17:30:00,Regular goal,0-2,Manuel Lanzini,25,0
https://www.xscores.com/soccer/match/crystal-palace-vs-west-ham/01-01-2022/319320,Crystal Palace,West Ham,2022-01-01T17:30:00,Penalty,0-3,Manuel Lanzini,45,5
https://www.xscores.com/soccer/match/crystal-palace-vs-west-ham/01-01-2022/319320,Crystal Palace,West Ham,2022-01-01T17:30:00,Regular goal,1-3,Odsonne Edouard,83,0
https://www.xscores.com/soccer/match/crystal-palace-vs-west-ham/01-01-2022/319320,Crystal Palace,West Ham,2022-01-01T17:30:00,Regular goal,2-3,Michael Olise,90,0
https://www.xscores.com/soccer/match/brentford-vs-aston-villa/02-01-2022/319318,Brentford,Aston Villa,2022-01-02T14:00:00,Regular goal,0-1,Danny Ings,16,0
https://www.xscores.com/soccer/match/brentford-vs-aston-villa/02-01-2022/319318,Brentford,Aston Villa,2022-01-02T14:00:00,Regular goal,1-1,Yoane Wissa,42,0
https://www.xscores.com/soccer/match/brentford-vs-aston-villa/02-01-2022/319318,Brentford,Aston Villa,2022-01-02T14:00:00,Regular goal,2-1,Mads Roerslev,83,0
https://www.xscores.com/soccer/match/everton-vs-brighton/02-01-2022/319321,Everton,Brighton,2022-01-02T14:00:00,Regular goal,0-1,Alexis Mac Allister,3,0
https://www.xscores.com/soccer/match/everton-vs-brighton/02-01-2022/319321,Everton,Brighton,2022-01-02T14:00:00,Regular goal,0-2,Daniel Burn,21,0
https://www.xscores.com/soccer/match/everton-vs-brighton/02-01-2022/319321,Everton,Brighton,2022-01-02T14:00:00,Regular goal,1-2,Anthony Gordon,53,0
https://www.xscores.com/soccer/match/everton-vs-brighton/02-01-2022/319321,Everton,Brighton,2022-01-02T14:00:00,Regular goal,1-3,Alexis Mac Allister,71,0
https://www.xscores.com/soccer/match/everton-vs-brighton/02-01-2022/319321,Everton,Brighton,2022-01-02T14:00:00,Regular goal,2-3,Anthony Gordon,76,0
https://www.xscores.com/soccer/match/leeds-vs-burnley/02-01-2022/319322,Leeds,Burnley,2022-01-02T14:00:00,Regular goal,1-0,Jack Harrison,39,0
https://www.xscores.com/soccer/match/leeds-vs-burnley/02-01-2022/319322,Leeds,Burnley,2022-01-02T14:00:00,Regular goal,1-1,Maxwel Cornet,54,0
https://www.xscores.com/soccer/match/leeds-vs-burnley/02-01-2022/319322,Leeds,Burnley,2022-01-02T14:00:00,Regular goal,2-1,Stuart Dallas,77,0
https://www.xscores.com/soccer/match/leeds-vs-burnley/02-01-2022/319322,Leeds,Burnley,2022-01-02T14:00:00,Regular goal,3-1,Daniel James,90,2
https://www.xscores.com/soccer/match/chelsea-vs-liverpool/02-01-2022/319319,Chelsea,Liverpool,2022-01-02T16:30:00,Regular goal,0-1,Sadio Mane,9,0
https://www.xscores.com/soccer/match/chelsea-vs-liverpool/02-01-2022/319319,Chelsea,Liverpool,2022-01-02T16:30:00,Regular goal,0-2,Mohamed Salah,26,0
https://www.xscores.com/soccer/match/chelsea-vs-liverpool/02-01-2022/319319,Chelsea,Liverpool,2022-01-02T16:30:00,Regular goal,1-2,Mateo Kovacic,42,0
https://www.xscores.com/soccer/match/chelsea-vs-liverpool/02-01-2022/319319,Chelsea,Liverpool,2022-01-02T16:30:00,Regular goal,2-2,Christian Pulisic,45,1
https://www.xscores.com/soccer/match/manchester-united-vs-wolverhampton/03-01-2022/319324,Manchester United,Wolverhampton,2022-01-03T17:30:00,Regular goal,0-1,Joao Moutinho,82,0
https://www.xscores.com/soccer/match/southampton-vs-newcastle/10-03-2022/319325,Southampton,Newcastle,2022-03-10T19:30:00,Regular goal,1-0,Stuart Armstrong,25,0
https://www.xscores.com/soccer/match/southampton-vs-newcastle/10-03-2022/319325,Southampton,Newcastle,2022-03-10T19:30:00,Regular goal,1-1,Chris Wood,32,0
https://www.xscores.com/soccer/match/southampton-vs-newcastle/10-03-2022/319325,Southampton,Newcastle,2022-03-10T19:30:00,Regular goal,1-2,Bruno Guimaraes,52,0
https://www.xscores.com/soccer/match/leicester-vs-norwich/11-05-2022/319323,Leicester,Norwich,2022-05-11T19:45:00,Regular goal,1-0,Jamie Vardy,54,0
https://www.xscores.com/soccer/match/leicester-vs-norwich/11-05-2022/319323,Leicester,Norwich,2022-05-11T19:45:00,Regular goal,2-0,Jamie Vardy,62,0
https://www.xscores.com/soccer/match/leicester-vs-norwich/11-05-2022/319323,Leicester,Norwich,2022-05-11T19:45:00,Regular goal,3-0,James Maddison,70,0
https://www.xscores.com/soccer/match/brighton-vs-crystal-palace/14-01-2022/319328,Brighton,Crystal Palace,2022-01-14T20:00:00,Regular goal,0-1,Conor Gallagher,69,0
https://www.xscores.com/soccer/match/brighton-vs-crystal-palace/14-01-2022/319328,Brighton,Crystal Palace,2022-01-14T20:00:00,Own goal,1-1,Joachim Andersen,87,0
https://www.xscores.com/soccer/match/manchester-city-vs-chelsea/15-01-2022/319331,Manchester City,Chelsea,2022-01-15T12:30:00,Regular goal,1-0,Kevin De Bruyne,70,0
https://www.xscores.com/soccer/match/newcastle-vs-watford/15-01-2022/319332,Newcastle,Watford,2022-01-15T15:00:00,Regular goal,1-0,Allan Saint-Maximin,49,0
https://www.xscores.com/soccer/match/newcastle-vs-watford/15-01-2022/319332,Newcastle,Watford,2022-01-15T15:00:00,Regular goal,1-1,Joao Pedro,88,0
https://www.xscores.com/soccer/match/norwich-vs-everton/15-01-2022/319333,Norwich,Everton,2022-01-15T15:00:00,Own goal,1-0,Michael Keane,16,0
https://www.xscores.com/soccer/match/norwich-vs-everton/15-01-2022/319333,Norwich,Everton,2022-01-15T15:00:00,Regular goal,2-0,Adam Idah,18,0
https://www.xscores.com/soccer/match/norwich-vs-everton/15-01-2022/319333,Norwich,Everton,2022-01-15T15:00:00,Regular goal,2-1,Richarlison,60,0
https://www.xscores.com/soccer/match/wolverhampton-vs-southampton/15-01-2022/319336,Wolverhampton,Southampton,2022-01-15T15:00:00,Penalty,1-0,Raul Jimenez,37,0
https://www.xscores.com/soccer/match/wolverhampton-vs-southampton/15-01-2022/319336,Wolverhampton,Southampton,2022-01-15T15:00:00,Regular goal,2-0,Conor Coady,59,0
https://www.xscores.com/soccer/match/wolverhampton-vs-southampton/15-01-2022/319336,Wolverhampton,Southampton,2022-01-15T15:00:00,Regular goal,2-1,James Ward-Prowse,84,0
https://www.xscores.com/soccer/match/wolverhampton-vs-southampton/15-01-2022/319336,Wolverhampton,Southampton,2022-01-15T15:00:00,Regular goal,3-1,Adama Traore,90,1
https://www.xscores.com/soccer/match/aston-villa-vs-manchester-united/15-01-2022/319327,Aston Villa,Manchester United,2022-01-15T17:30:00,Regular goal,0-1,Bruno Fernandes,6,0
https://www.xscores.com/soccer/match/aston-villa-vs-manchester-united/15-01-2022/319327,Aston Villa,Manchester United,2022-01-15T17:30:00,Regular goal,0-2,Bruno Fernandes,67,0
https://www.xscores.com/soccer/match/aston-villa-vs-manchester-united/15-01-2022/319327,Aston Villa,Manchester United,2022-01-15T17:30:00,Regular goal,1-2,Jacob Ramsey,77,0
https://www.xscores.com/soccer/match/aston-villa-vs-manchester-united/15-01-2022/319327,Aston Villa,Manchester United,2022-01-15T17:30:00,Regular goal,2-2,Philippe Coutinho,82,0
https://www.xscores.com/soccer/match/liverpool-vs-brentford/16-01-2022/319330,Liverpool,Brentford,2022-01-16T14:00:00,Regular goal,1-0,Fabinho,44,0
https://www.xscores.com/soccer/match/liverpool-vs-brentford/16-01-2022/319330,Liverpool,Brentford,2022-01-16T14:00:00,Regular goal,2-0,Alex Oxlade-Chamberlain,69,0
https://www.xscores.com/soccer/match/liverpool-vs-brentford/16-01-2022/319330,Liverpool,Brentford,2022-01-16T14:00:00,Regular goal,3-0,Takumi Minamino,77,0
https://www.xscores.com/soccer/match/west-ham-vs-leeds/16-01-2022/319335,West Ham,Leeds,2022-01-16T14:00:00,Regular goal,0-1,Jack Harrison,10,0
https://www.xscores.com/soccer/match/west-ham-vs-leeds/16-01-2022/319335,West Ham,Leeds,2022-01-16T14:00:00,Regular goal,1-1,Jarrod Bowen,34,0
https://www.xscores.com/soccer/match/west-ham-vs-leeds/16-01-2022/319335,West Ham,Leeds,2022-01-16T14:00:00,Regular goal,1-2,Jack Harrison,37,0
https://www.xscores.com/soccer/match/west-ham-vs-leeds/16-01-2022/319335,West Ham,Leeds,2022-01-16T14:00:00,Regular goal,2-2,Pablo Fornals,52,0
https://www.xscores.com/soccer/match/west-ham-vs-leeds/16-01-2022/319335,West Ham,Leeds,2022-01-16T14:00:00,Regular goal,2-3,Jack Harrison,60,0
https://www.xscores.com/soccer/match/burnley-vs-leicester/01-03-2022/319329,Burnley,Leicester,2022-03-01T19:45:00,Regular goal,0-1,James Maddison,82,0
https://www.xscores.com/soccer/match/burnley-vs-leicester/01-03-2022/319329,Burnley,Leicester,2022-03-01T19:45:00,Regular goal,0-2,Jamie Vardy,90,0
https://www.xscores.com/soccer/match/tottenham-vs-arsenal/12-05-2022/319334,Tottenham,Arsenal,2022-05-12T19:45:00,Penalty,1-0,Harry Kane,22,0
https://www.xscores.com/soccer/match/tottenham-vs-arsenal/12-05-2022/319334,Tottenham,Arsenal,2022-05-12T19:45:00,Regular goal,2-0,Harry Kane,37,0
https://www.xscores.com/soccer/match/tottenham-vs-arsenal/12-05-2022/319334,Tottenham,Arsenal,2022-05-12T19:45:00,Regular goal,3-0,Heung-Min Son,47,0
https://www.xscores.com/soccer/match/watford-vs-norwich/21-01-2022/319346,Watford,Norwich,2022-01-21T20:00:00,Regular goal,0-1,Joshua Sargent,51,0
https://www.xscores.com/soccer/match/watford-vs-norwich/21-01-2022/319346,Watford,Norwich,2022-01-21T20:00:00,Regular goal,0-2,Joshua Sargent,74,0
https://www.xscores.com/soccer/match/watford-vs-norwich/21-01-2022/319346,Watford,Norwich,2022-01-21T20:00:00,Own goal,0-3,Juraj Kucka,90,2
https://www.xscores.com/soccer/match/everton-vs-aston-villa/22-01-2022/319341,Everton,Aston Villa,2022-01-22T12:30:00,Regular goal,0-1,Emiliano Buendia,45,3
https://www.xscores.com/soccer/match/brentford-vs-wolverhampton/22-01-2022/319338,Brentford,Wolverhampton,2022-01-22T15:00:00,Regular goal,0-1,Joao Moutinho,48,0
https://www.xscores.com/soccer/match/brentford-vs-wolverhampton/22-01-2022/319338,Brentford,Wolverhampton,2022-01-22T15:00:00,Regular goal,1-1,Ivan Toney,71,0
https://www.xscores.com/soccer/match/brentford-vs-wolverhampton/22-01-2022/319338,Brentford,Wolverhampton,2022-01-22T15:00:00,Regular goal,1-2,Ruben Neves,78,0
https://www.xscores.com/soccer/match/leeds-vs-newcastle/22-01-2022/319342,Leeds,Newcastle,2022-01-22T15:00:00,Regular goal,0-1,Jonjo Shelvey,75,0
https://www.xscores.com/soccer/match/manchester-united-vs-west-ham/22-01-2022/319344,Manchester United,West Ham,2022-01-22T15:00:00,Regular goal,1-0,Marcus Rashford,90,3
https://www.xscores.com/soccer/match/southampton-vs-manchester-city/22-01-2022/319345,Southampton,Manchester City,2022-01-22T17:30:00,Regular goal,1-0,Kyle Walker-Peters,7,0
https://www.xscores.com/soccer/match/southampton-vs-manchester-city/22-01-2022/319345,Southampton,Manchester City,2022-01-22T17:30:00,Regular goal,1-1,Aymeric Laporte,65,0
https://www.xscores.com/soccer/match/crystal-palace-vs-liverpool/23-01-2022/319340,Crystal Palace,Liverpool,2022-01-23T14:00:00,Regular goal,0-1,Virgil van Dijk,8,0
https://www.xscores.com/soccer/match/crystal-palace-vs-liverpool/23-01-2022/319340,Crystal Palace,Liverpool,2022-01-23T14:00:00,Regular goal,0-2,Alex Oxlade-Chamberlain,32,0
https://www.xscores.com/soccer/match/crystal-palace-vs-liverpool/23-01-2022/319340,Crystal Palace,Liverpool,2022-01-23T14:00:00,Regular goal,1-2,Odsonne Edouard,55,0
https://www.xscores.com/soccer/match/crystal-palace-vs-liverpool/23-01-2022/319340,Crystal Palace,Liverpool,2022-01-23T14:00:00,Penalty,1-3,Fabinho,89,0
https://www.xscores.com/soccer/match/leicester-vs-brighton/23-01-2022/319343,Leicester,Brighton,2022-01-23T14:00:00,Regular goal,1-0,Patson Daka,46,0
https://www.xscores.com/soccer/match/leicester-vs-brighton/23-01-2022/319343,Leicester,Brighton,2022-01-23T14:00:00,Regular goal,1-1,Danny Welbeck,82,0
https://www.xscores.com/soccer/match/chelsea-vs-tottenham/23-01-2022/319339,Chelsea,Tottenham,2022-01-23T16:30:00,Regular goal,1-0,Hakim Ziyech,47,0
https://www.xscores.com/soccer/match/chelsea-vs-tottenham/23-01-2022/319339,Chelsea,Tottenham,2022-01-23T16:30:00,Regular goal,2-0,Thiago Silva,55,0
https://www.xscores.com/soccer/match/brighton-vs-chelsea/18-01-2022/319348,Brighton,Chelsea,2022-01-18T20:00:00,Regular goal,0-1,Hakim Ziyech,28,0
https://www.xscores.com/soccer/match/brighton-vs-chelsea/18-01-2022/319348,Brighton,Chelsea,2022-01-18T20:00:00,Regular goal,1-1,Adam Webster,60,0
https://www.xscores.com/soccer/match/newcastle-vs-everton/08-02-2022/319353,Newcastle,Everton,2022-02-08T19:45:00,Own goal,0-1,Jamaal Lascelles,36,0
https://www.xscores.com/soccer/match/newcastle-vs-everton/08-02-2022/319353,Newcastle,Everton,2022-02-08T19:45:00,Own goal,1-1,Mason Holgate,37,0
https://www.xscores.com/soccer/match/newcastle-vs-everton/08-02-2022/319353,Newcastle,Everton,2022-02-08T19:45:00,Regular goal,2-1,Ryan Fraser,56,0
https://www.xscores.com/soccer/match/newcastle-vs-everton/08-02-2022/319353,Newcastle,Everton,2022-02-08T19:45:00,Regular goal,3-1,Kieran Trippier,80,0
https://www.xscores.com/soccer/match/west-ham-vs-watford/08-02-2022/319351,West Ham,Watford,2022-02-08T19:45:00,Regular goal,1-0,Jarrod Bowen,68,0
https://www.xscores.com/soccer/match/burnley-vs-manchester-united/08-02-2022/319349,Burnley,Manchester United,2022-02-08T20:00:00,Regular goal,0-1,Paul Pogba,18,0
https://www.xscores.com/soccer/match/burnley-vs-manchester-united/08-02-2022/319349,Burnley,Manchester United,2022-02-08T20:00:00,Regular goal,1-1,Jay Rodriguez,47,0
https://www.xscores.com/soccer/match/manchester-city-vs-brentford/09-02-2022/319356,Manchester City,Brentford,2022-02-09T19:45:00,Penalty,1-0,Riyad Mahrez,40,0
https://www.xscores.com/soccer/match/manchester-city-vs-brentford/09-02-2022/319356,Manchester City,Brentford,2022-02-09T19:45:00,Regular goal,2-0,Kevin De Bruyne,69,0
https://www.xscores.com/soccer/match/norwich-vs-crystal-palace/09-02-2022/319350,Norwich,Crystal Palace,2022-02-09T19:45:00,Regular goal,1-0,Teemu Pukki,1,0
https://www.xscores.com/soccer/match/norwich-vs-crystal-palace/09-02-2022/319350,Norwich,Crystal Palace,2022-02-09T19:45:00,Regular goal,1-1,Wilfried Zaha,60,0
https://www.xscores.com/soccer/match/tottenham-vs-southampton/09-02-2022/319354,Tottenham,Southampton,2022-02-09T19:45:00,Own goal,1-0,Jan Bednarek,18,0
https://www.xscores.com/soccer/match/tottenham-vs-southampton/09-02-2022/319354,Tottenham,Southampton,2022-02-09T19:45:00,Regular goal,1-1,Armando Broja,23,0
https://www.xscores.com/soccer/match/tottenham-vs-southampton/09-02-2022/319354,Tottenham,Southampton,2022-02-09T19:45:00,Regular goal,2-1,Heung-Min Son,70,0
https://www.xscores.com/soccer/match/tottenham-vs-southampton/09-02-2022/319354,Tottenham,Southampton,2022-02-09T19:45:00,Regular goal,2-2,Mohamed Elyounoussi,80,0
https://www.xscores.com/soccer/match/tottenham-vs-southampton/09-02-2022/319354,Tottenham,Southampton,2022-02-09T19:45:00,Regular goal,2-3,Che Adams,82,0
https://www.xscores.com/soccer/match/aston-villa-vs-leeds/09-02-2022/319347,Aston Villa,Leeds,2022-02-09T20:00:00,Regular goal,0-1,Daniel James,9,0
https://www.xscores.com/soccer/match/aston-villa-vs-leeds/09-02-2022/319347,Aston Villa,Leeds,2022-02-09T20:00:00,Regular goal,1-1,Philippe Coutinho,30,0
https://www.xscores.com/soccer/match/aston-villa-vs-leeds/09-02-2022/319347,Aston Villa,Leeds,2022-02-09T20:00:00,Regular goal,2-1,Jacob Ramsey,38,0
https://www.xscores.com/soccer/match/aston-villa-vs-leeds/09-02-2022/319347,Aston Villa,Leeds,2022-02-09T20:00:00,Regular goal,3-1,Jacob Ramsey,43,0
https://www.xscores.com/soccer/match/aston-villa-vs-leeds/09-02-2022/319347,Aston Villa,Leeds,2022-02-09T20:00:00,Regular goal,3-2,Daniel James,45,2
https://www.xscores.com/soccer/match/aston-villa-vs-leeds/09-02-2022/319347,Aston Villa,Leeds,2022-02-09T20:00:00,Regular goal,3-3,Diego Llorente,63,0
https://www.xscores.com/soccer/match/liverpool-vs-leicester/10-02-2022/319355,Liverpool,Leicester,2022-02-10T19:45:00,Regular goal,1-0,Diogo Jota,34,0
https://www.xscores.com/soccer/match/liverpool-vs-leicester/10-02-2022/319355,Liverpool,Leicester,2022-02-10T19:45:00,Regular goal,2-0,Diogo Jota,87,0
https://www.xscores.com/soccer/match/wolverhampton-vs-arsenal/10-02-2022/319352,Wolverhampton,Arsenal,2022-02-10T19:45:00,Regular goal,0-1,Gabriel,25,0
https://www.xscores.com/soccer/match/manchester-united-vs-southampton/12-02-2022/319362,Manchester United,Southampton,2022-02-12T12:30:00,Regular goal,1-0,Jadon Sancho,21,0
https://www.xscores.com/soccer/match/manchester-united-vs-southampton/12-02-2022/319362,Manchester United,Southampton,2022-02-12T12:30:00,Regular goal,1-1,Che Adams,48,0
https://www.xscores.com/soccer/match/everton-vs-leeds/12-02-2022/319360,Everton,Leeds,2022-02-12T15:00:00,Regular goal,1-0,Seamus Coleman,10,0
https://www.xscores.com/soccer/match/everton-vs-leeds/12-02-2022/319360,Everton,Leeds,2022-02-12T15:00:00,Regular goal,2-0,Michael Keane,23,0
https://www.xscores.com/soccer/match/everton-vs-leeds/12-02-2022/319360,Everton,Leeds,2022-02-12T15:00:00,Regular goal,3-0,Anthony Gordon,78,0
https://www.xscores.com/soccer/match/watford-vs-brighton/12-02-2022/319366,Watford,Brighton,2022-02-12T15:00:00,Regular goal,0-1,Neal Maupay,44,0
https://www.xscores.com/soccer/match/watford-vs-brighton/12-02-2022/319366,Watford,Brighton,2022-02-12T15:00:00,Regular goal,0-2,Adam Webster,82,0
https://www.xscores.com/soccer/match/norwich-vs-manchester-city/12-02-2022/319364,Norwich,Manchester City,2022-02-12T17:30:00,Regular goal,0-1,Raheem Sterling,31,0
https://www.xscores.com/soccer/match/norwich-vs-manchester-city/12-02-2022/319364,Norwich,Manchester City,2022-02-12T17:30:00,Regular goal,0-2,Phil Foden,48,0
https://www.xscores.com/soccer/match/norwich-vs-manchester-city/12-02-2022/319364,Norwich,Manchester City,2022-02-12T17:30:00,Regular goal,0-3,Raheem Sterling,70,0
https://www.xscores.com/soccer/match/norwich-vs-manchester-city/12-02-2022/319364,Norwich,Manchester City,2022-02-12T17:30:00,Regular goal,0-4,Raheem Sterling,90,0
https://www.xscores.com/soccer/match/burnley-vs-liverpool/13-02-2022/319358,Burnley,Liverpool,2022-02-13T14:00:00,Regular goal,0-1,Fabinho,40,0
https://www.xscores.com/soccer/match/newcastle-vs-aston-villa/13-02-2022/319363,Newcastle,Aston Villa,2022-02-13T14:00:00,Regular goal,1-0,Kieran Trippier,35,0
https://www.xscores.com/soccer/match/tottenham-vs-wolverhampton/13-02-2022/319365,Tottenham,Wolverhampton,2022-02-13T14:00:00,Regular goal,0-1,Raul Jimenez,6,0
https://www.xscores.com/soccer/match/tottenham-vs-wolverhampton/13-02-2022/319365,Tottenham,Wolverhampton,2022-02-13T14:00:00,Regular goal,0-2,Leander Dendoncker,18,0
https://www.xscores.com/soccer/match/leicester-vs-west-ham/13-02-2022/319361,Leicester,West Ham,2022-02-13T16:30:00,Regular goal,0-1,Jarrod Bowen,10,0
https://www.xscores.com/soccer/match/leicester-vs-west-ham/13-02-2022/319361,Leicester,West Ham,2022-02-13T16:30:00,Penalty,1-1,Youri Tielemans,45,0
https://www.xscores.com/soccer/match/leicester-vs-west-ham/13-02-2022/319361,Leicester,West Ham,2022-02-13T16:30:00,Regular goal,2-1,Ricardo Pereira,57,0
https://www.xscores.com/soccer/match/leicester-vs-west-ham/13-02-2022/319361,Leicester,West Ham,2022-02-13T16:30:00,Regular goal,2-2,Craig Dawson,90,1
https://www.xscores.com/soccer/match/chelsea-vs-arsenal/20-04-2022/319359,Chelsea,Arsenal,2022-04-20T19:45:00,Regular goal,0-1,Edward Nketiah,13,0
https://www.xscores.com/soccer/match/chelsea-vs-arsenal/20-04-2022/319359,Chelsea,Arsenal,2022-04-20T19:45:00,Regular goal,1-1,Timo Werner,17,0
https://www.xscores.com/soccer/match/chelsea-vs-arsenal/20-04-2022/319359,Chelsea,Arsenal,2022-04-20T19:45:00,Regular goal,1-2,Emile Smith Rowe,27,0
https://www.xscores.com/soccer/match/chelsea-vs-arsenal/20-04-2022/319359,Chelsea,Arsenal,2022-04-20T19:45:00,Regular goal,2-2,Cesar Azpilicueta,32,0
https://www.xscores.com/soccer/match/chelsea-vs-arsenal/20-04-2022/319359,Chelsea,Arsenal,2022-04-20T19:45:00,Regular goal,2-3,Edward Nketiah,57,0
https://www.xscores.com/soccer/match/chelsea-vs-arsenal/20-04-2022/319359,Chelsea,Arsenal,2022-04-20T19:45:00,Penalty,2-4,Bukayo Saka,90,2
https://www.xscores.com/soccer/match/west-ham-vs-newcastle/19-02-2022/319375,West Ham,Newcastle,2022-02-19T12:30:00,Regular goal,1-0,Craig Dawson,32,0
https://www.xscores.com/soccer/match/west-ham-vs-newcastle/19-02-2022/319375,West Ham,Newcastle,2022-02-19T12:30:00,Regular goal,1-1,Joseph Willock,45,1
https://www.xscores.com/soccer/match/arsenal-vs-brentford/19-02-2022/319367,Arsenal,Brentford,2022-02-19T15:00:00,Regular goal,1-0,Emile Smith Rowe,48,0
https://www.xscores.com/soccer/match/arsenal-vs-brentford/19-02-2022/319367,Arsenal,Brentford,2022-02-19T15:00:00,Regular goal,2-0,Bukayo Saka,79,0
https://www.xscores.com/soccer/match/arsenal-vs-brentford/19-02-2022/319367,Arsenal,Brentford,2022-02-19T15:00:00,Regular goal,2-1,Christian Noergaard,90,3
https://www.xscores.com/soccer/match/aston-villa-vs-watford/19-02-2022/319368,Aston Villa,Watford,2022-02-19T15:00:00,Regular goal,0-1,Emmanuel Dennis,78,0
https://www.xscores.com/soccer/match/brighton-vs-burnley/19-02-2022/319369,Brighton,Burnley,2022-02-19T15:00:00,Regular goal,0-1,Wout Weghorst,21,0
https://www.xscores.com/soccer/match/brighton-vs-burnley/19-02-2022/319369,Brighton,Burnley,2022-02-19T15:00:00,Regular goal,0-2,Josh Brownhill,40,0
https://www.xscores.com/soccer/match/brighton-vs-burnley/19-02-2022/319369,Brighton,Burnley,2022-02-19T15:00:00,Regular goal,0-3,Aaron Lennon,69,0
https://www.xscores.com/soccer/match/crystal-palace-vs-chelsea/19-02-2022/319370,Crystal Palace,Chelsea,2022-02-19T15:00:00,Regular goal,0-1,Hakim Ziyech,89,0
https://www.xscores.com/soccer/match/liverpool-vs-norwich/19-02-2022/319372,Liverpool,Norwich,2022-02-19T15:00:00,Regular goal,0-1,Milot Rashica,48,0
https://www.xscores.com/soccer/match/liverpool-vs-norwich/19-02-2022/319372,Liverpool,Norwich,2022-02-19T15:00:00,Regular goal,1-1,Sadio Mane,64,0
https://www.xscores.com/soccer/match/liverpool-vs-norwich/19-02-2022/319372,Liverpool,Norwich,2022-02-19T15:00:00,Regular goal,2-1,Mohamed Salah,67,0
https://www.xscores.com/soccer/match/liverpool-vs-norwich/19-02-2022/319372,Liverpool,Norwich,2022-02-19T15:00:00,Regular goal,3-1,Luis Diaz,81,0
https://www.xscores.com/soccer/match/southampton-vs-everton/19-02-2022/319374,Southampton,Everton,2022-02-19T15:00:00,Regular goal,1-0,Stuart Armstrong,52,0
https://www.xscores.com/soccer/match/southampton-vs-everton/19-02-2022/319374,Southampton,Everton,2022-02-19T15:00:00,Regular goal,2-0,Shane Long,84,0
https://www.xscores.com/soccer/match/manchester-city-vs-tottenham/19-02-2022/319373,Manchester City,Tottenham,2022-02-19T17:30:00,Regular goal,0-1,Dejan Kulusevski,4,0
https://www.xscores.com/soccer/match/manchester-city-vs-tottenham/19-02-2022/319373,Manchester City,Tottenham,2022-02-19T17:30:00,Regular goal,1-1,Ilkay Gundogan,33,0
https://www.xscores.com/soccer/match/manchester-city-vs-tottenham/19-02-2022/319373,Manchester City,Tottenham,2022-02-19T17:30:00,Regular goal,1-2,Harry Kane,59,0
https://www.xscores.com/soccer/match/manchester-city-vs-tottenham/19-02-2022/319373,Manchester City,Tottenham,2022-02-19T17:30:00,Penalty,2-2,Riyad Mahrez,90,2
https://www.xscores.com/soccer/match/manchester-city-vs-tottenham/19-02-2022/319373,Manchester City,Tottenham,2022-02-19T17:30:00,Regular goal,2-3,Harry Kane,90,5
https://www.xscores.com/soccer/match/leeds-vs-manchester-united/20-02-2022/319371,Leeds,Manchester United,2022-02-20T14:00:00,Regular goal,0-1,Harry Maguire,34,0
https://www.xscores.com/soccer/match/leeds-vs-manchester-united/20-02-2022/319371,Leeds,Manchester United,2022-02-20T14:00:00,Regular goal,0-2,Bruno Fernandes,45,5
https://www.xscores.com/soccer/match/leeds-vs-manchester-united/20-02-2022/319371,Leeds,Manchester United,2022-02-20T14:00:00,Regular goal,1-2,Rodrigo,53,0
https://www.xscores.com/soccer/match/leeds-vs-manchester-united/20-02-2022/319371,Leeds,Manchester United,2022-02-20T14:00:00,Regular goal,2-2,Raphinha,54,0
https://www.xscores.com/soccer/match/leeds-vs-manchester-united/20-02-2022/319371,Leeds,Manchester United,2022-02-20T14:00:00,Regular goal,2-3,Fred,70,0
https://www.xscores.com/soccer/match/leeds-vs-manchester-united/20-02-2022/319371,Leeds,Manchester United,2022-02-20T14:00:00,Regular goal,2-4,Anthony Elanga,88,0
https://www.xscores.com/soccer/match/wolverhampton-vs-leicester/20-02-2022/319376,Wolverhampton,Leicester,2022-02-20T16:30:00,Regular goal,1-0,Ruben Neves,9,0
https://www.xscores.com/soccer/match/wolverhampton-vs-leicester/20-02-2022/319376,Wolverhampton,Leicester,2022-02-20T16:30:00,Regular goal,1-1,Ademola Lookman,41,0
https://www.xscores.com/soccer/match/wolverhampton-vs-leicester/20-02-2022/319376,Wolverhampton,Leicester,2022-02-20T16:30:00,Regular goal,2-1,Daniel Podence,66,0
https://www.xscores.com/soccer/match/southampton-vs-norwich/25-02-2022/319385,Southampton,Norwich,2022-02-25T20:00:00,Regular goal,1-0,Che Adams,36,0
https://www.xscores.com/soccer/match/southampton-vs-norwich/25-02-2022/319385,Southampton,Norwich,2022-02-25T20:00:00,Regular goal,2-0,Oriol Romeu,88,0
https://www.xscores.com/soccer/match/leeds-vs-tottenham/26-02-2022/319383,Leeds,Tottenham,2022-02-26T12:30:00,Regular goal,0-1,Matt Doherty,10,0
https://www.xscores.com/soccer/match/leeds-vs-tottenham/26-02-2022/319383,Leeds,Tottenham,2022-02-26T12:30:00,Regular goal,0-2,Dejan Kulusevski,15,0
https://www.xscores.com/soccer/match/leeds-vs-tottenham/26-02-2022/319383,Leeds,Tottenham,2022-02-26T12:30:00,Regular goal,0-3,Harry Kane,27,0
https://www.xscores.com/soccer/match/leeds-vs-tottenham/26-02-2022/319383,Leeds,Tottenham,2022-02-26T12:30:00,Regular goal,0-4,Heung-Min Son,85,0
https://www.xscores.com/soccer/match/brentford-vs-newcastle/26-02-2022/319378,Brentford,Newcastle,2022-02-26T15:00:00,Regular goal,0-1,Joelinton,33,0
https://www.xscores.com/soccer/match/brentford-vs-newcastle/26-02-2022/319378,Brentford,Newcastle,2022-02-26T15:00:00,Regular goal,0-2,Joseph Willock,44,0
https://www.xscores.com/soccer/match/crystal-palace-vs-burnley/26-02-2022/319381,Crystal Palace,Burnley,2022-02-26T15:00:00,Regular goal,1-0,Jeffrey Schlupp,9,0
https://www.xscores.com/soccer/match/crystal-palace-vs-burnley/26-02-2022/319381,Crystal Palace,Burnley,2022-02-26T15:00:00,Own goal,1-1,Luka Milivojevic,46,0
https://www.xscores.com/soccer/match/brighton-vs-aston-villa/26-02-2022/319379,Brighton,Aston Villa,2022-02-26T15:30:00,Regular goal,0-1,Matty Cash,17,0
https://www.xscores.com/soccer/match/brighton-vs-aston-villa/26-02-2022/319379,Brighton,Aston Villa,2022-02-26T15:30:00,Regular goal,0-2,Ollie Watkins,68,0
https://www.xscores.com/soccer/match/everton-vs-manchester-city/26-02-2022/319382,Everton,Manchester City,2022-02-26T17:30:00,Regular goal,0-1,Phil Foden,82,0
https://www.xscores.com/soccer/match/west-ham-vs-wolverhampton/27-02-2022/319386,West Ham,Wolverhampton,2022-02-27T14:00:00,Regular goal,1-0,Tomas Soucek,59,0
https://www.xscores.com/soccer/match/arsenal-vs-liverpool/16-03-2022/319377,Arsenal,Liverpool,2022-03-16T20:15:00,Regular goal,0-1,Diogo Jota,54,0
https://www.xscores.com/soccer/match/arsenal-vs-liverpool/16-03-2022/319377,Arsenal,Liverpool,2022-03-16T20:15:00,Regular goal,0-2,Roberto Firmino,62,0
https://www.xscores.com/soccer/match/chelsea-vs-leicester/19-05-2022/319380,Chelsea,Leicester,2022-05-19T20:00:00,Regular goal,0-1,James Maddison,6,0
https://www.xscores.com/soccer/match/chelsea-vs-leicester/19-05-2022/319380,Chelsea,Leicester,2022-05-19T20:00:00,Regular goal,1-1,Marcos Alonso,34,0
https://www.xscores.com/soccer/match/leicester-vs-leeds/05-03-2022/319389,Leicester,Leeds,2022-03-05T12:30:00,Regular goal,1-0,Harvey Barnes,67,0
https://www.xscores.com/soccer/match/aston-villa-vs-southampton/05-03-2022/319387,Aston Villa,Southampton,2022-03-05T15:00:00,Regular goal,1-0,Ollie Watkins,9,0
https://www.xscores.com/soccer/match/aston-villa-vs-southampton/05-03-2022/319387,Aston Villa,Southampton,2022-03-05T15:00:00,Regular goal,2-0,Douglas Luiz,44,0
https://www.xscores.com/soccer/match/aston-villa-vs-southampton/05-03-2022/319387,Aston Villa,Southampton,2022-03-05T15:00:00,Regular goal,3-0,Philippe Coutinho,52,0
https://www.xscores.com/soccer/match/aston-villa-vs-southampton/05-03-2022/319387,Aston Villa,Southampton,2022-03-05T15:00:00,Regular goal,4-0,Danny Ings,54,0
https://www.xscores.com/soccer/match/burnley-vs-chelsea/05-03-2022/319388,Burnley,Chelsea,2022-03-05T15:00:00,Regular goal,0-1,Reece James,47,0
https://www.xscores.com/soccer/match/burnley-vs-chelsea/05-03-2022/319388,Burnley,Chelsea,2022-03-05T15:00:00,Regular goal,0-2,Kai Havertz,52,0
https://www.xscores.com/soccer/match/burnley-vs-chelsea/05-03-2022/319388,Burnley,Chelsea,2022-03-05T15:00:00,Regular goal,0-3,Kai Havertz,55,0
https://www.xscores.com/soccer/match/burnley-vs-chelsea/05-03-2022/319388,Burnley,Chelsea,2022-03-05T15:00:00,Regular goal,0-4,Christian Pulisic,69,0
https://www.xscores.com/soccer/match/newcastle-vs-brighton/05-03-2022/319392,Newcastle,Brighton,2022-03-05T15:00:00,Regular goal,1-0,Ryan Fraser,12,0
https://www.xscores.com/soccer/match/newcastle-vs-brighton/05-03-2022/319392,Newcastle,Brighton,2022-03-05T15:00:00,Regular goal,2-0,Fabian Schaer,14,0
https://www.xscores.com/soccer/match/newcastle-vs-brighton/05-03-2022/319392,Newcastle,Brighton,2022-03-05T15:00:00,Regular goal,2-1,Lewis Dunk,55,0
https://www.xscores.com/soccer/match/norwich-vs-brentford/05-03-2022/319393,Norwich,Brentford,2022-03-05T15:00:00,Regular goal,0-1,Ivan Toney,32,0
https://www.xscores.com/soccer/match/norwich-vs-brentford/05-03-2022/319393,Norwich,Brentford,2022-03-05T15:00:00,Penalty,0-2,Ivan Toney,52,0
https://www.xscores.com/soccer/match/norwich-vs-brentford/05-03-2022/319393,Norwich,Brentford,2022-03-05T15:00:00,Penalty,0-3,Ivan Toney,58,0
https://www.xscores.com/soccer/match/norwich-vs-brentford/05-03-2022/319393,Norwich,Brentford,2022-03-05T15:00:00,Regular goal,1-3,Teemu Pukki,90,2
https://www.xscores.com/soccer/match/wolverhampton-vs-crystal-palace/05-03-2022/319396,Wolverhampton,Crystal Palace,2022-03-05T15:00:00,Regular goal,0-1,Jean-Philippe Mateta,19,0
https://www.xscores.com/soccer/match/wolverhampton-vs-crystal-palace/05-03-2022/319396,Wolverhampton,Crystal Palace,2022-03-05T15:00:00,Penalty,0-2,Wilfried Zaha,34,0
https://www.xscores.com/soccer/match/liverpool-vs-west-ham/05-03-2022/319390,Liverpool,West Ham,2022-03-05T17:30:00,Regular goal,1-0,Sadio Mane,27,0
https://www.xscores.com/soccer/match/watford-vs-arsenal/06-03-2022/319395,Watford,Arsenal,2022-03-06T14:00:00,Regular goal,0-1,Martin Oedegaard,5,0
https://www.xscores.com/soccer/match/watford-vs-arsenal/06-03-2022/319395,Watford,Arsenal,2022-03-06T14:00:00,Regular goal,1-1,Juan Hernandez,11,0
https://www.xscores.com/soccer/match/watford-vs-arsenal/06-03-2022/319395,Watford,Arsenal,2022-03-06T14:00:00,Regular goal,1-2,Bukayo Saka,30,0
https://www.xscores.com/soccer/match/watford-vs-arsenal/06-03-2022/319395,Watford,Arsenal,2022-03-06T14:00:00,Regular goal,1-3,Gabriel Martinelli,52,0
https://www.xscores.com/soccer/match/watford-vs-arsenal/06-03-2022/319395,Watford,Arsenal,2022-03-06T14:00:00,Regular goal,2-3,Moussa Sissoko,87,0
https://www.xscores.com/soccer/match/manchester-city-vs-manchester-united/06-03-2022/319391,Manchester City,Manchester United,2022-03-06T16:30:00,Regular goal,1-0,Kevin De Bruyne,5,0
https://www.xscores.com/soccer/match/manchester-city-vs-manchester-united/06-03-2022/319391,Manchester City,Manchester United,2022-03-06T16:30:00,Regular goal,1-1,Jadon Sancho,22,0
https://www.xscores.com/soccer/match/manchester-city-vs-manchester-united/06-03-2022/319391,Manchester City,Manchester United,2022-03-06T16:30:00,Regular goal,2-1,Kevin De Bruyne,28,0
https://www.xscores.com/soccer/match/manchester-city-vs-manchester-united/06-03-2022/319391,Manchester City,Manchester United,2022-03-06T16:30:00,Regular goal,3-1,Riyad Mahrez,68,0
https://www.xscores.com/soccer/match/manchester-city-vs-manchester-united/06-03-2022/319391,Manchester City,Manchester United,2022-03-06T16:30:00,Regular goal,4-1,Riyad Mahrez,90,1
https://www.xscores.com/soccer/match/tottenham-vs-everton/07-03-2022/319394,Tottenham,Everton,2022-03-07T20:00:00,Own goal,1-0,Michael Keane,14,0
https://www.xscores.com/soccer/match/tottenham-vs-everton/07-03-2022/319394,Tottenham,Everton,2022-03-07T20:00:00,Regular goal,2-0,Heung-Min Son,17,0
https://www.xscores.com/soccer/match/tottenham-vs-everton/07-03-2022/319394,Tottenham,Everton,2022-03-07T20:00:00,Regular goal,3-0,Harry Kane,37,0
https://www.xscores.com/soccer/match/tottenham-vs-everton/07-03-2022/319394,Tottenham,Everton,2022-03-07T20:00:00,Regular goal,4-0,Sergio Reguilon,46,0
https://www.xscores.com/soccer/match/tottenham-vs-everton/07-03-2022/319394,Tottenham,Everton,2022-03-07T20:00:00,Regular goal,5-0,Harry Kane,55,0
https://www.xscores.com/soccer/match/brighton-vs-liverpool/12-03-2022/319399,Brighton,Liverpool,2022-03-12T12:30:00,Regular goal,0-1,Luis Diaz,19,0
https://www.xscores.com/soccer/match/brighton-vs-liverpool/12-03-2022/319399,Brighton,Liverpool,2022-03-12T12:30:00,Penalty,0-2,Mohamed Salah,61,0
https://www.xscores.com/soccer/match/brentford-vs-burnley/12-03-2022/319398,Brentford,Burnley,2022-03-12T15:00:00,Regular goal,1-0,Ivan Toney,85,0
https://www.xscores.com/soccer/match/brentford-vs-burnley/12-03-2022/319398,Brentford,Burnley,2022-03-12T15:00:00,Penalty,2-0,Ivan Toney,90,4
https://www.xscores.com/soccer/match/manchester-united-vs-tottenham/12-03-2022/319404,Manchester United,Tottenham,2022-03-12T17:30:00,Regular goal,1-0,Cristiano Ronaldo,12,0
https://www.xscores.com/soccer/match/manchester-united-vs-tottenham/12-03-2022/319404,Manchester United,Tottenham,2022-03-12T17:30:00,Penalty,1-1,Harry Kane,35,0
https://www.xscores.com/soccer/match/manchester-united-vs-tottenham/12-03-2022/319404,Manchester United,Tottenham,2022-03-12T17:30:00,Regular goal,2-1,Cristiano Ronaldo,38,0
https://www.xscores.com/soccer/match/manchester-united-vs-tottenham/12-03-2022/319404,Manchester United,Tottenham,2022-03-12T17:30:00,Own goal,2-2,Harry Maguire,72,0
https://www.xscores.com/soccer/match/manchester-united-vs-tottenham/12-03-2022/319404,Manchester United,Tottenham,2022-03-12T17:30:00,Regular goal,3-2,Cristiano Ronaldo,81,0
https://www.xscores.com/soccer/match/chelsea-vs-newcastle/13-03-2022/319400,Chelsea,Newcastle,2022-03-13T14:00:00,Regular goal,1-0,Kai Havertz,89,0
https://www.xscores.com/soccer/match/everton-vs-wolverhampton/13-03-2022/319402,Everton,Wolverhampton,2022-03-13T14:00:00,Regular goal,0-1,Conor Coady,49,0
https://www.xscores.com/soccer/match/leeds-vs-norwich/13-03-2022/319403,Leeds,Norwich,2022-03-13T14:00:00,Regular goal,1-0,Rodrigo,14,0
https://www.xscores.com/soccer/match/leeds-vs-norwich/13-03-2022/319403,Leeds,Norwich,2022-03-13T14:00:00,Regular goal,1-1,Kenny McLean,90,1
https://www.xscores.com/soccer/match/leeds-vs-norwich/13-03-2022/319403,Leeds,Norwich,2022-03-13T14:00:00,Regular goal,2-1,Joe Gelhardt,90,4
https://www.xscores.com/soccer/match/southampton-vs-watford/13-03-2022/319405,Southampton,Watford,2022-03-13T14:00:00,Regular goal,0-1,Juan Hernandez,14,0
https://www.xscores.com/soccer/match/southampton-vs-watford/13-03-2022/319405,Southampton,Watford,2022-03-13T14:00:00,Regular goal,0-2,Juan Hernandez,34,0
https://www.xscores.com/soccer/match/southampton-vs-watford/13-03-2022/319405,Southampton,Watford,2022-03-13T14:00:00,Regular goal,1-2,Mohamed Elyounoussi,45,0
https://www.xscores.com/soccer/match/west-ham-vs-aston-villa/13-03-2022/319406,West Ham,Aston Villa,2022-03-13T14:00:00,Regular goal,1-0,Andriy Yarmolenko,70,0
https://www.xscores.com/soccer/match/west-ham-vs-aston-villa/13-03-2022/319406,West Ham,Aston Villa,2022-03-13T14:00:00,Regular goal,2-0,Pablo Fornals,82,0
https://www.xscores.com/soccer/match/west-ham-vs-aston-villa/13-03-2022/319406,West Ham,Aston Villa,2022-03-13T14:00:00,Regular goal,2-1,Jacob Ramsey,90,0
https://www.xscores.com/soccer/match/arsenal-vs-leicester/13-03-2022/319397,Arsenal,Leicester,2022-03-13T16:30:00,Regular goal,1-0,Thomas Partey,11,0
https://www.xscores.com/soccer/match/arsenal-vs-leicester/13-03-2022/319397,Arsenal,Leicester,2022-03-13T16:30:00,Penalty,2-0,Alexandre Lacazette,59,0
https://www.xscores.com/soccer/match/norwich-vs-chelsea/10-03-2022/319413,Norwich,Chelsea,2022-03-10T19:30:00,Regular goal,0-1,Trevoh Chalobah,3,0
https://www.xscores.com/soccer/match/norwich-vs-chelsea/10-03-2022/319413,Norwich,Chelsea,2022-03-10T19:30:00,Regular goal,0-2,Mason Mount,14,0
https://www.xscores.com/soccer/match/norwich-vs-chelsea/10-03-2022/319413,Norwich,Chelsea,2022-03-10T19:30:00,Penalty,1-2,Teemu Pukki,69,0
https://www.xscores.com/soccer/match/norwich-vs-chelsea/10-03-2022/319413,Norwich,Chelsea,2022-03-10T19:30:00,Regular goal,1-3,Kai Havertz,90,0
https://www.xscores.com/soccer/match/wolverhampton-vs-leeds/18-03-2022/319416,Wolverhampton,Leeds,2022-03-18T20:00:00,Regular goal,1-0,Jonny,26,0
https://www.xscores.com/soccer/match/wolverhampton-vs-leeds/18-03-2022/319416,Wolverhampton,Leeds,2022-03-18T20:00:00,Regular goal,2-0,Trincao,45,11
https://www.xscores.com/soccer/match/wolverhampton-vs-leeds/18-03-2022/319416,Wolverhampton,Leeds,2022-03-18T20:00:00,Regular goal,2-1,Jack Harrison,63,0
https://www.xscores.com/soccer/match/wolverhampton-vs-leeds/18-03-2022/319416,Wolverhampton,Leeds,2022-03-18T20:00:00,Regular goal,2-2,Rodrigo,66,0
https://www.xscores.com/soccer/match/wolverhampton-vs-leeds/18-03-2022/319416,Wolverhampton,Leeds,2022-03-18T20:00:00,Regular goal,2-3,Luke Ayling,90,1
https://www.xscores.com/soccer/match/aston-villa-vs-arsenal/19-03-2022/319407,Aston Villa,Arsenal,2022-03-19T12:30:00,Regular goal,0-1,Bukayo Saka,30,0
https://www.xscores.com/soccer/match/leicester-vs-brentford/20-03-2022/319409,Leicester,Brentford,2022-03-20T14:00:00,Regular goal,1-0,Timothy Castagne,20,0
https://www.xscores.com/soccer/match/leicester-vs-brentford/20-03-2022/319409,Leicester,Brentford,2022-03-20T14:00:00,Regular goal,2-0,James Maddison,33,0
https://www.xscores.com/soccer/match/leicester-vs-brentford/20-03-2022/319409,Leicester,Brentford,2022-03-20T14:00:00,Regular goal,2-1,Yoane Wissa,85,0
https://www.xscores.com/soccer/match/tottenham-vs-west-ham/20-03-2022/319414,Tottenham,West Ham,2022-03-20T16:30:00,Own goal,1-0,Kurt Zouma,9,0
https://www.xscores.com/soccer/match/tottenham-vs-west-ham/20-03-2022/319414,Tottenham,West Ham,2022-03-20T16:30:00,Regular goal,2-0,Heung-Min Son,24,0
https://www.xscores.com/soccer/match/tottenham-vs-west-ham/20-03-2022/319414,Tottenham,West Ham,2022-03-20T16:30:00,Regular goal,2-1,Said Benrahma,35,0
https://www.xscores.com/soccer/match/tottenham-vs-west-ham/20-03-2022/319414,Tottenham,West Ham,2022-03-20T16:30:00,Regular goal,3-1,Heung-Min Son,88,0
https://www.xscores.com/soccer/match/liverpool-vs-manchester-united/19-04-2022/319410,Liverpool,Manchester United,2022-04-19T20:00:00,Regular goal,1-0,Luis Diaz,5,0
https://www.xscores.com/soccer/match/liverpool-vs-manchester-united/19-04-2022/319410,Liverpool,Manchester United,2022-04-19T20:00:00,Regular goal,2-0,Mohamed Salah,22,0
https://www.xscores.com/soccer/match/liverpool-vs-manchester-united/19-04-2022/319410,Liverpool,Manchester United,2022-04-19T20:00:00,Regular goal,3-0,Sadio Mane,68,0
https://www.xscores.com/soccer/match/liverpool-vs-manchester-united/19-04-2022/319410,Liverpool,Manchester United,2022-04-19T20:00:00,Regular goal,4-0,Mohamed Salah,85,0
https://www.xscores.com/soccer/match/newcastle-vs-crystal-palace/20-04-2022/319412,Newcastle,Crystal Palace,2022-04-20T19:45:00,Regular goal,1-0,Miguel Almiron,32,0
https://www.xscores.com/soccer/match/manchester-city-vs-brighton/20-04-2022/319411,Manchester City,Brighton,2022-04-20T20:00:00,Regular goal,1-0,Riyad Mahrez,53,0
https://www.xscores.com/soccer/match/manchester-city-vs-brighton/20-04-2022/319411,Manchester City,Brighton,2022-04-20T20:00:00,Regular goal,2-0,Phil Foden,65,0
https://www.xscores.com/soccer/match/manchester-city-vs-brighton/20-04-2022/319411,Manchester City,Brighton,2022-04-20T20:00:00,Regular goal,3-0,Bernardo Silva,82,0
https://www.xscores.com/soccer/match/burnley-vs-southampton/21-04-2022/319408,Burnley,Southampton,2022-04-21T19:45:00,Regular goal,1-0,Connor Roberts,12,0
https://www.xscores.com/soccer/match/burnley-vs-southampton/21-04-2022/319408,Burnley,Southampton,2022-04-21T19:45:00,Regular goal,2-0,Nathan Collins,44,0
https://www.xscores.com/soccer/match/liverpool-vs-watford/02-04-2022/319421,Liverpool,Watford,2022-04-02T12:30:00,Regular goal,1-0,Diogo Jota,22,0
https://www.xscores.com/soccer/match/liverpool-vs-watford/02-04-2022/319421,Liverpool,Watford,2022-04-02T12:30:00,Penalty,2-0,Fabinho,89,0
https://www.xscores.com/soccer/match/burnley-vs-manchester-city/02-04-2022/319425,Burnley,Manchester City,2022-04-02T15:00:00,Regular goal,0-1,Kevin De Bruyne,5,0
https://www.xscores.com/soccer/match/burnley-vs-manchester-city/02-04-2022/319425,Burnley,Manchester City,2022-04-02T15:00:00,Regular goal,0-2,Ilkay Gundogan,25,0
https://www.xscores.com/soccer/match/chelsea-vs-brentford/02-04-2022/319424,Chelsea,Brentford,2022-04-02T15:00:00,Regular goal,1-0,Antonio Ruediger,48,0
https://www.xscores.com/soccer/match/chelsea-vs-brentford/02-04-2022/319424,Chelsea,Brentford,2022-04-02T15:00:00,Regular goal,1-1,Vitaly Janelt,50,0
https://www.xscores.com/soccer/match/chelsea-vs-brentford/02-04-2022/319424,Chelsea,Brentford,2022-04-02T15:00:00,Regular goal,1-2,Christian Eriksen,54,0
https://www.xscores.com/soccer/match/chelsea-vs-brentford/02-04-2022/319424,Chelsea,Brentford,2022-04-02T15:00:00,Regular goal,1-3,Vitaly Janelt,60,0
https://www.xscores.com/soccer/match/chelsea-vs-brentford/02-04-2022/319424,Chelsea,Brentford,2022-04-02T15:00:00,Regular goal,1-4,Yoane Wissa,87,0
https://www.xscores.com/soccer/match/leeds-vs-southampton/02-04-2022/319422,Leeds,Southampton,2022-04-02T15:00:00,Regular goal,1-0,Jack Harrison,29,0
https://www.xscores.com/soccer/match/leeds-vs-southampton/02-04-2022/319422,Leeds,Southampton,2022-04-02T15:00:00,Regular goal,1-1,James Ward-Prowse,49,0
https://www.xscores.com/soccer/match/wolverhampton-vs-aston-villa/02-04-2022/319417,Wolverhampton,Aston Villa,2022-04-02T15:00:00,Regular goal,1-0,Jonny,7,0
https://www.xscores.com/soccer/match/wolverhampton-vs-aston-villa/02-04-2022/319417,Wolverhampton,Aston Villa,2022-04-02T15:00:00,Own goal,2-0,Ashley Young,36,0
https://www.xscores.com/soccer/match/wolverhampton-vs-aston-villa/02-04-2022/319417,Wolverhampton,Aston Villa,2022-04-02T15:00:00,Penalty,2-1,Ollie Watkins,86,0
https://www.xscores.com/soccer/match/manchester-united-vs-leicester/02-04-2022/319420,Manchester United,Leicester,2022-04-02T17:30:00,Regular goal,0-1,Kelechi Iheanacho,63,0
https://www.xscores.com/soccer/match/manchester-united-vs-leicester/02-04-2022/319420,Manchester United,Leicester,2022-04-02T17:30:00,Regular goal,1-1,Fred,66,0
https://www.xscores.com/soccer/match/west-ham-vs-everton/03-04-2022/319418,West Ham,Everton,2022-04-03T14:00:00,Regular goal,1-0,Aaron Cresswell,32,0
https://www.xscores.com/soccer/match/west-ham-vs-everton/03-04-2022/319418,West Ham,Everton,2022-04-03T14:00:00,Regular goal,1-1,Mason Holgate,53,0
https://www.xscores.com/soccer/match/west-ham-vs-everton/03-04-2022/319418,West Ham,Everton,2022-04-03T14:00:00,Regular goal,2-1,Jarrod Bowen,59,0
https://www.xscores.com/soccer/match/tottenham-vs-newcastle/03-04-2022/319419,Tottenham,Newcastle,2022-04-03T16:30:00,Regular goal,0-1,Fabian Schaer,39,0
https://www.xscores.com/soccer/match/tottenham-vs-newcastle/03-04-2022/319419,Tottenham,Newcastle,2022-04-03T16:30:00,Regular goal,1-1,Ben Davies,43,0
https://www.xscores.com/soccer/match/tottenham-vs-newcastle/03-04-2022/319419,Tottenham,Newcastle,2022-04-03T16:30:00,Regular goal,2-1,Matt Doherty,48,0
https://www.xscores.com/soccer/match/tottenham-vs-newcastle/03-04-2022/319419,Tottenham,Newcastle,2022-04-03T16:30:00,Regular goal,3-1,Heung-Min Son,54,0
https://www.xscores.com/soccer/match/tottenham-vs-newcastle/03-04-2022/319419,Tottenham,Newcastle,2022-04-03T16:30:00,Regular goal,4-1,Emerson Royal,63,0
https://www.xscores.com/soccer/match/tottenham-vs-newcastle/03-04-2022/319419,Tottenham,Newcastle,2022-04-03T16:30:00,Regular goal,5-1,Steven Bergwijn,83,0
https://www.xscores.com/soccer/match/crystal-palace-vs-arsenal/04-04-2022/319423,Crystal Palace,Arsenal,2022-04-04T20:00:00,Regular goal,1-0,Jean-Philippe Mateta,16,0
https://www.xscores.com/soccer/match/crystal-palace-vs-arsenal/04-04-2022/319423,Crystal Palace,Arsenal,2022-04-04T20:00:00,Regular goal,2-0,Jordan Ayew,24,0
https://www.xscores.com/soccer/match/crystal-palace-vs-arsenal/04-04-2022/319423,Crystal Palace,Arsenal,2022-04-04T20:00:00,Penalty,3-0,Wilfried Zaha,74,0
https://www.xscores.com/soccer/match/newcastle-vs-wolverhampton/08-04-2022/319430,Newcastle,Wolverhampton,2022-04-08T20:00:00,Penalty,1-0,Chris Wood,72,0
https://www.xscores.com/soccer/match/everton-vs-manchester-united/09-04-2022/319433,Everton,Manchester United,2022-04-09T12:30:00,Regular goal,1-0,Anthony Gordon,27,0
https://www.xscores.com/soccer/match/arsenal-vs-brighton/09-04-2022/319436,Arsenal,Brighton,2022-04-09T15:00:00,Regular goal,0-1,Leandro Trossard,28,0
https://www.xscores.com/soccer/match/arsenal-vs-brighton/09-04-2022/319436,Arsenal,Brighton,2022-04-09T15:00:00,Regular goal,0-2,Enock Mwepu,66,0
https://www.xscores.com/soccer/match/arsenal-vs-brighton/09-04-2022/319436,Arsenal,Brighton,2022-04-09T15:00:00,Regular goal,1-2,Martin Oedegaard,89,0
https://www.xscores.com/soccer/match/southampton-vs-chelsea/09-04-2022/319428,Southampton,Chelsea,2022-04-09T15:00:00,Regular goal,0-1,Marcos Alonso,8,0
https://www.xscores.com/soccer/match/southampton-vs-chelsea/09-04-2022/319428,Southampton,Chelsea,2022-04-09T15:00:00,Regular goal,0-2,Mason Mount,16,0
https://www.xscores.com/soccer/match/southampton-vs-chelsea/09-04-2022/319428,Southampton,Chelsea,2022-04-09T15:00:00,Regular goal,0-3,Timo Werner,21,0
https://www.xscores.com/soccer/match/southampton-vs-chelsea/09-04-2022/319428,Southampton,Chelsea,2022-04-09T15:00:00,Regular goal,0-4,Kai Havertz,31,0
https://www.xscores.com/soccer/match/southampton-vs-chelsea/09-04-2022/319428,Southampton,Chelsea,2022-04-09T15:00:00,Regular goal,0-5,Timo Werner,49,0
https://www.xscores.com/soccer/match/southampton-vs-chelsea/09-04-2022/319428,Southampton,Chelsea,2022-04-09T15:00:00,Regular goal,0-6,Mason Mount,54,0
https://www.xscores.com/soccer/match/watford-vs-leeds/09-04-2022/319427,Watford,Leeds,2022-04-09T15:00:00,Regular goal,0-1,Raphinha,21,0
https://www.xscores.com/soccer/match/watford-vs-leeds/09-04-2022/319427,Watford,Leeds,2022-04-09T15:00:00,Regular goal,0-2,Rodrigo,73,0
https://www.xscores.com/soccer/match/watford-vs-leeds/09-04-2022/319427,Watford,Leeds,2022-04-09T15:00:00,Regular goal,0-3,Jack Harrison,85,0
https://www.xscores.com/soccer/match/aston-villa-vs-tottenham/09-04-2022/319435,Aston Villa,Tottenham,2022-04-09T17:30:00,Regular goal,0-1,Heung-Min Son,3,0
https://www.xscores.com/soccer/match/aston-villa-vs-tottenham/09-04-2022/319435,Aston Villa,Tottenham,2022-04-09T17:30:00,Regular goal,0-2,Dejan Kulusevski,50,0
https://www.xscores.com/soccer/match/aston-villa-vs-tottenham/09-04-2022/319435,Aston Villa,Tottenham,2022-04-09T17:30:00,Regular goal,0-3,Heung-Min Son,66,0
https://www.xscores.com/soccer/match/aston-villa-vs-tottenham/09-04-2022/319435,Aston Villa,Tottenham,2022-04-09T17:30:00,Regular goal,0-4,Heung-Min Son,71,0
https://www.xscores.com/soccer/match/brentford-vs-west-ham/10-04-2022/319434,Brentford,West Ham,2022-04-10T14:00:00,Regular goal,1-0,Bryan Mbeumo,48,0
https://www.xscores.com/soccer/match/brentford-vs-west-ham/10-04-2022/319434,Brentford,West Ham,2022-04-10T14:00:00,Regular goal,2-0,Ivan Toney,64,0
https://www.xscores.com/soccer/match/leicester-vs-crystal-palace/10-04-2022/319432,Leicester,Crystal Palace,2022-04-10T14:00:00,Regular goal,1-0,Ademola Lookman,39,0
https://www.xscores.com/soccer/match/leicester-vs-crystal-palace/10-04-2022/319432,Leicester,Crystal Palace,2022-04-10T14:00:00,Regular goal,2-0,Kiernan Dewsbury-Hall,45,0
https://www.xscores.com/soccer/match/leicester-vs-crystal-palace/10-04-2022/319432,Leicester,Crystal Palace,2022-04-10T14:00:00,Regular goal,2-1,Wilfried Zaha,65,0
https://www.xscores.com/soccer/match/norwich-vs-burnley/10-04-2022/319429,Norwich,Burnley,2022-04-10T14:00:00,Regular goal,1-0,Pierre Lees-Melou,9,0
https://www.xscores.com/soccer/match/norwich-vs-burnley/10-04-2022/319429,Norwich,Burnley,2022-04-10T14:00:00,Regular goal,2-0,Teemu Pukki,86,0
https://www.xscores.com/soccer/match/manchester-city-vs-liverpool/10-04-2022/319431,Manchester City,Liverpool,2022-04-10T16:30:00,Regular goal,1-0,Kevin De Bruyne,5,0
https://www.xscores.com/soccer/match/manchester-city-vs-liverpool/10-04-2022/319431,Manchester City,Liverpool,2022-04-10T16:30:00,Regular goal,1-1,Diogo Jota,13,0
https://www.xscores.com/soccer/match/manchester-city-vs-liverpool/10-04-2022/319431,Manchester City,Liverpool,2022-04-10T16:30:00,Regular goal,2-1,Gabriel Jesus,36,0
https://www.xscores.com/soccer/match/manchester-city-vs-liverpool/10-04-2022/319431,Manchester City,Liverpool,2022-04-10T16:30:00,Regular goal,2-2,Sadio Mane,46,0
https://www.xscores.com/soccer/match/tottenham-vs-brighton/16-04-2022/319440,Tottenham,Brighton,2022-04-16T12:30:00,Regular goal,0-1,Leandro Trossard,90,0
https://www.xscores.com/soccer/match/manchester-united-vs-norwich/16-04-2022/319443,Manchester United,Norwich,2022-04-16T15:00:00,Regular goal,1-0,Cristiano Ronaldo,7,0
https://www.xscores.com/soccer/match/manchester-united-vs-norwich/16-04-2022/319443,Manchester United,Norwich,2022-04-16T15:00:00,Regular goal,2-0,Cristiano Ronaldo,32,0
https://www.xscores.com/soccer/match/manchester-united-vs-norwich/16-04-2022/319443,Manchester United,Norwich,2022-04-16T15:00:00,Regular goal,2-1,Kieran Dowell,45,1
https://www.xscores.com/soccer/match/manchester-united-vs-norwich/16-04-2022/319443,Manchester United,Norwich,2022-04-16T15:00:00,Regular goal,2-2,Teemu Pukki,52,0
https://www.xscores.com/soccer/match/manchester-united-vs-norwich/16-04-2022/319443,Manchester United,Norwich,2022-04-16T15:00:00,Regular goal,3-2,Cristiano Ronaldo,76,0
https://www.xscores.com/soccer/match/southampton-vs-arsenal/16-04-2022/319441,Southampton,Arsenal,2022-04-16T15:00:00,Regular goal,1-0,Jan Bednarek,44,0
https://www.xscores.com/soccer/match/watford-vs-brentford/16-04-2022/319439,Watford,Brentford,2022-04-16T15:00:00,Regular goal,0-1,Christian Noergaard,15,0
https://www.xscores.com/soccer/match/watford-vs-brentford/16-04-2022/319439,Watford,Brentford,2022-04-16T15:00:00,Regular goal,1-1,Emmanuel Dennis,55,0
https://www.xscores.com/soccer/match/watford-vs-brentford/16-04-2022/319439,Watford,Brentford,2022-04-16T15:00:00,Regular goal,1-2,Pontus Jansson,90,5
https://www.xscores.com/soccer/match/newcastle-vs-leicester/17-04-2022/319442,Newcastle,Leicester,2022-04-17T14:15:00,Regular goal,0-1,Ademola Lookman,19,0
https://www.xscores.com/soccer/match/newcastle-vs-leicester/17-04-2022/319442,Newcastle,Leicester,2022-04-17T14:15:00,Regular goal,1-1,Bruno Guimaraes,30,0
https://www.xscores.com/soccer/match/newcastle-vs-leicester/17-04-2022/319442,Newcastle,Leicester,2022-04-17T14:15:00,Regular goal,2-1,Bruno Guimaraes,90,5
https://www.xscores.com/soccer/match/west-ham-vs-burnley/17-04-2022/319438,West Ham,Burnley,2022-04-17T14:15:00,Regular goal,0-1,Wout Weghorst,33,0
https://www.xscores.com/soccer/match/west-ham-vs-burnley/17-04-2022/319438,West Ham,Burnley,2022-04-17T14:15:00,Regular goal,1-1,Tomas Soucek,74,0
https://www.xscores.com/soccer/match/aston-villa-vs-liverpool/10-05-2022/319446,Aston Villa,Liverpool,2022-05-10T20:00:00,Regular goal,1-0,Douglas Luiz,3,0
https://www.xscores.com/soccer/match/aston-villa-vs-liverpool/10-05-2022/319446,Aston Villa,Liverpool,2022-05-10T20:00:00,Regular goal,1-1,Joel Matip,6,0
https://www.xscores.com/soccer/match/aston-villa-vs-liverpool/10-05-2022/319446,Aston Villa,Liverpool,2022-05-10T20:00:00,Regular goal,1-2,Sadio Mane,65,0
https://www.xscores.com/soccer/match/leeds-vs-chelsea/11-05-2022/319444,Leeds,Chelsea,2022-05-11T19:30:00,Regular goal,0-1,Mason Mount,4,0
https://www.xscores.com/soccer/match/leeds-vs-chelsea/11-05-2022/319444,Leeds,Chelsea,2022-05-11T19:30:00,Regular goal,0-2,Christian Pulisic,55,0
https://www.xscores.com/soccer/match/leeds-vs-chelsea/11-05-2022/319444,Leeds,Chelsea,2022-05-11T19:30:00,Regular goal,0-3,Romelu Lukaku,83,0
https://www.xscores.com/soccer/match/wolverhampton-vs-manchester-city/11-05-2022/319437,Wolverhampton,Manchester City,2022-05-11T20:15:00,Regular goal,0-1,Kevin De Bruyne,7,0
https://www.xscores.com/soccer/match/wolverhampton-vs-manchester-city/11-05-2022/319437,Wolverhampton,Manchester City,2022-05-11T20:15:00,Regular goal,1-1,Leander Dendoncker,11,0
https://www.xscores.com/soccer/match/wolverhampton-vs-manchester-city/11-05-2022/319437,Wolverhampton,Manchester City,2022-05-11T20:15:00,Regular goal,1-2,Kevin De Bruyne,16,0
https://www.xscores.com/soccer/match/wolverhampton-vs-manchester-city/11-05-2022/319437,Wolverhampton,Manchester City,2022-05-11T20:15:00,Regular goal,1-3,Kevin De Bruyne,24,0
https://www.xscores.com/soccer/match/wolverhampton-vs-manchester-city/11-05-2022/319437,Wolverhampton,Manchester City,2022-05-11T20:15:00,Regular goal,1-4,Kevin De Bruyne,60,0
https://www.xscores.com/soccer/match/wolverhampton-vs-manchester-city/11-05-2022/319437,Wolverhampton,Manchester City,2022-05-11T20:15:00,Regular goal,1-5,Raheem Sterling,84,0
https://www.xscores.com/soccer/match/everton-vs-crystal-palace/19-05-2022/319445,Everton,Crystal Palace,2022-05-19T19:45:00,Regular goal,0-1,Jean-Philippe Mateta,21,0
https://www.xscores.com/soccer/match/everton-vs-crystal-palace/19-05-2022/319445,Everton,Crystal Palace,2022-05-19T19:45:00,Regular goal,0-2,Jordan Ayew,36,0
https://www.xscores.com/soccer/match/everton-vs-crystal-palace/19-05-2022/319445,Everton,Crystal Palace,2022-05-19T19:45:00,Regular goal,1-2,Michael Keane,54,0
https://www.xscores.com/soccer/match/everton-vs-crystal-palace/19-05-2022/319445,Everton,Crystal Palace,2022-05-19T19:45:00,Regular goal,2-2,Richarlison,75,0
https://www.xscores.com/soccer/match/everton-vs-crystal-palace/19-05-2022/319445,Everton,Crystal Palace,2022-05-19T19:45:00,Regular goal,3-2,Dominic Calvert-Lewin,85,0
https://www.xscores.com/soccer/match/arsenal-vs-manchester-united/23-04-2022/319456,Arsenal,Manchester United,2022-04-23T12:30:00,Regular goal,1-0,Nuno Tavares,3,0
https://www.xscores.com/soccer/match/arsenal-vs-manchester-united/23-04-2022/319456,Arsenal,Manchester United,2022-04-23T12:30:00,Penalty,2-0,Bukayo Saka,32,0
https://www.xscores.com/soccer/match/arsenal-vs-manchester-united/23-04-2022/319456,Arsenal,Manchester United,2022-04-23T12:30:00,Regular goal,2-1,Cristiano Ronaldo,34,0
https://www.xscores.com/soccer/match/arsenal-vs-manchester-united/23-04-2022/319456,Arsenal,Manchester United,2022-04-23T12:30:00,Regular goal,3-1,Granit Xhaka,70,0
https://www.xscores.com/soccer/match/manchester-city-vs-watford/23-04-2022/319448,Manchester City,Watford,2022-04-23T15:00:00,Regular goal,1-0,Gabriel Jesus,4,0
https://www.xscores.com/soccer/match/manchester-city-vs-watford/23-04-2022/319448,Manchester City,Watford,2022-04-23T15:00:00,Regular goal,2-0,Gabriel Jesus,23,0
https://www.xscores.com/soccer/match/manchester-city-vs-watford/23-04-2022/319448,Manchester City,Watford,2022-04-23T15:00:00,Regular goal,2-1,Hassane Kamara,28,0
https://www.xscores.com/soccer/match/manchester-city-vs-watford/23-04-2022/319448,Manchester City,Watford,2022-04-23T15:00:00,Regular goal,3-1,Rodri,34,0
https://www.xscores.com/soccer/match/manchester-city-vs-watford/23-04-2022/319448,Manchester City,Watford,2022-04-23T15:00:00,Penalty,4-1,Gabriel Jesus,49,0
https://www.xscores.com/soccer/match/manchester-city-vs-watford/23-04-2022/319448,Manchester City,Watford,2022-04-23T15:00:00,Regular goal,5-1,Gabriel Jesus,53,0
https://www.xscores.com/soccer/match/norwich-vs-newcastle/23-04-2022/319447,Norwich,Newcastle,2022-04-23T15:00:00,Regular goal,0-1,Joelinton,35,0
https://www.xscores.com/soccer/match/norwich-vs-newcastle/23-04-2022/319447,Norwich,Newcastle,2022-04-23T15:00:00,Regular goal,0-2,Joelinton,41,0
https://www.xscores.com/soccer/match/norwich-vs-newcastle/23-04-2022/319447,Norwich,Newcastle,2022-04-23T15:00:00,Regular goal,0-3,Bruno Guimaraes,49,0
https://www.xscores.com/soccer/match/brighton-vs-southampton/24-04-2022/319454,Brighton,Southampton,2022-04-24T14:00:00,Regular goal,1-0,Danny Welbeck,2,0
https://www.xscores.com/soccer/match/brighton-vs-southampton/24-04-2022/319454,Brighton,Southampton,2022-04-24T14:00:00,Own goal,2-0,Mohammed Salisu,44,0
https://www.xscores.com/soccer/match/brighton-vs-southampton/24-04-2022/319454,Brighton,Southampton,2022-04-24T14:00:00,Regular goal,2-1,James Ward-Prowse,45,4
https://www.xscores.com/soccer/match/brighton-vs-southampton/24-04-2022/319454,Brighton,Southampton,2022-04-24T14:00:00,Regular goal,2-2,James Ward-Prowse,54,0
https://www.xscores.com/soccer/match/burnley-vs-wolverhampton/24-04-2022/319453,Burnley,Wolverhampton,2022-04-24T14:00:00,Regular goal,1-0,Matej Vydra,62,0
https://www.xscores.com/soccer/match/chelsea-vs-west-ham/24-04-2022/319452,Chelsea,West Ham,2022-04-24T14:00:00,Regular goal,1-0,Christian Pulisic,90,0
https://www.xscores.com/soccer/match/liverpool-vs-everton/24-04-2022/319449,Liverpool,Everton,2022-04-24T16:30:00,Regular goal,1-0,Andrew Robertson,62,0
https://www.xscores.com/soccer/match/liverpool-vs-everton/24-04-2022/319449,Liverpool,Everton,2022-04-24T16:30:00,Regular goal,2-0,Divock Origi,85,0
https://www.xscores.com/soccer/match/newcastle-vs-liverpool/30-04-2022/319462,Newcastle,Liverpool,2022-04-30T12:30:00,Regular goal,0-1,Naby Keita,19,0
https://www.xscores.com/soccer/match/aston-villa-vs-norwich/30-04-2022/319466,Aston Villa,Norwich,2022-04-30T15:00:00,Regular goal,1-0,Ollie Watkins,41,0
https://www.xscores.com/soccer/match/aston-villa-vs-norwich/30-04-2022/319466,Aston Villa,Norwich,2022-04-30T15:00:00,Regular goal,2-0,Danny Ings,90,3
https://www.xscores.com/soccer/match/southampton-vs-crystal-palace/30-04-2022/319461,Southampton,Crystal Palace,2022-04-30T15:00:00,Regular goal,1-0,Oriol Romeu,9,0
https://www.xscores.com/soccer/match/southampton-vs-crystal-palace/30-04-2022/319461,Southampton,Crystal Palace,2022-04-30T15:00:00,Regular goal,1-1,Eberechi Eze,60,0
https://www.xscores.com/soccer/match/southampton-vs-crystal-palace/30-04-2022/319461,Southampton,Crystal Palace,2022-04-30T15:00:00,Regular goal,1-2,Wilfried Zaha,90,2
https://www.xscores.com/soccer/match/watford-vs-burnley/30-04-2022/319459,Watford,Burnley,2022-04-30T15:00:00,Own goal,1-0,James Tarkowski,8,0
https://www.xscores.com/soccer/match/watford-vs-burnley/30-04-2022/319459,Watford,Burnley,2022-04-30T15:00:00,Regular goal,1-1,Jack Cork,83,0
https://www.xscores.com/soccer/match/watford-vs-burnley/30-04-2022/319459,Watford,Burnley,2022-04-30T15:00:00,Regular goal,1-2,Josh Brownhill,86,0
https://www.xscores.com/soccer/match/wolverhampton-vs-brighton/30-04-2022/319457,Wolverhampton,Brighton,2022-04-30T15:00:00,Penalty,0-1,Alexis Mac Allister,42,0
https://www.xscores.com/soccer/match/wolverhampton-vs-brighton/30-04-2022/319457,Wolverhampton,Brighton,2022-04-30T15:00:00,Regular goal,0-2,Leandro Trossard,70,0
https://www.xscores.com/soccer/match/wolverhampton-vs-brighton/30-04-2022/319457,Wolverhampton,Brighton,2022-04-30T15:00:00,Regular goal,0-3,Yves Bissouma,86,0
https://www.xscores.com/soccer/match/leeds-vs-manchester-city/30-04-2022/319464,Leeds,Manchester City,2022-04-30T17:30:00,Regular goal,0-1,Rodri,13,0
https://www.xscores.com/soccer/match/leeds-vs-manchester-city/30-04-2022/319464,Leeds,Manchester City,2022-04-30T17:30:00,Regular goal,0-2,Nathan Ake,54,0
https://www.xscores.com/soccer/match/leeds-vs-manchester-city/30-04-2022/319464,Leeds,Manchester City,2022-04-30T17:30:00,Regular goal,0-3,Gabriel Jesus,78,0
https://www.xscores.com/soccer/match/leeds-vs-manchester-city/30-04-2022/319464,Leeds,Manchester City,2022-04-30T17:30:00,Regular goal,0-4,Fernandinho,90,3
https://www.xscores.com/soccer/match/everton-vs-chelsea/01-05-2022/319465,Everton,Chelsea,2022-05-01T14:00:00,Regular goal,1-0,Richarlison,46,0
https://www.xscores.com/soccer/match/tottenham-vs-leicester/01-05-2022/319460,Tottenham,Leicester,2022-05-01T14:00:00,Regular goal,1-0,Harry Kane,22,0
https://www.xscores.com/soccer/match/tottenham-vs-leicester/01-05-2022/319460,Tottenham,Leicester,2022-05-01T14:00:00,Regular goal,2-0,Heung-Min Son,60,0
https://www.xscores.com/soccer/match/tottenham-vs-leicester/01-05-2022/319460,Tottenham,Leicester,2022-05-01T14:00:00,Regular goal,3-0,Heung-Min Son,79,0
https://www.xscores.com/soccer/match/tottenham-vs-leicester/01-05-2022/319460,Tottenham,Leicester,2022-05-01T14:00:00,Regular goal,3-1,Kelechi Iheanacho,90,1
https://www.xscores.com/soccer/match/west-ham-vs-arsenal/01-05-2022/319458,West Ham,Arsenal,2022-05-01T16:30:00,Regular goal,0-1,Rob Holding,38,0
https://www.xscores.com/soccer/match/west-ham-vs-arsenal/01-05-2022/319458,West Ham,Arsenal,2022-05-01T16:30:00,Regular goal,1-1,Jarrod Bowen,45,0
https://www.xscores.com/soccer/match/west-ham-vs-arsenal/01-05-2022/319458,West Ham,Arsenal,2022-05-01T16:30:00,Regular goal,1-2,Gabriel,55,0
https://www.xscores.com/soccer/match/manchester-united-vs-brentford/02-05-2022/319463,Manchester United,Brentford,2022-05-02T20:00:00,Regular goal,1-0,Bruno Fernandes,9,0
https://www.xscores.com/soccer/match/manchester-united-vs-brentford/02-05-2022/319463,Manchester United,Brentford,2022-05-02T20:00:00,Penalty,2-0,Cristiano Ronaldo,61,0
https://www.xscores.com/soccer/match/manchester-united-vs-brentford/02-05-2022/319463,Manchester United,Brentford,2022-05-02T20:00:00,Regular goal,3-0,Raphael Varane,72,0
https://www.xscores.com/soccer/match/brentford-vs-southampton/07-05-2022/319475,Brentford,Southampton,2022-05-07T15:00:00,Regular goal,1-0,Pontus Jansson,13,0
https://www.xscores.com/soccer/match/brentford-vs-southampton/07-05-2022/319475,Brentford,Southampton,2022-05-07T15:00:00,Regular goal,2-0,Yoane Wissa,14,0
https://www.xscores.com/soccer/match/brentford-vs-southampton/07-05-2022/319475,Brentford,Southampton,2022-05-07T15:00:00,Regular goal,3-0,Kristoffer Vassbakk Ajer,79,0
https://www.xscores.com/soccer/match/burnley-vs-aston-villa/07-05-2022/319473,Burnley,Aston Villa,2022-05-07T15:00:00,Regular goal,0-1,Danny Ings,7,0
https://www.xscores.com/soccer/match/burnley-vs-aston-villa/07-05-2022/319473,Burnley,Aston Villa,2022-05-07T15:00:00,Regular goal,0-2,Emiliano Buendia,31,0
https://www.xscores.com/soccer/match/burnley-vs-aston-villa/07-05-2022/319473,Burnley,Aston Villa,2022-05-07T15:00:00,Regular goal,0-3,Ollie Watkins,52,0
https://www.xscores.com/soccer/match/burnley-vs-aston-villa/07-05-2022/319473,Burnley,Aston Villa,2022-05-07T15:00:00,Regular goal,1-3,Maxwel Cornet,90,1
https://www.xscores.com/soccer/match/chelsea-vs-wolverhampton/07-05-2022/319472,Chelsea,Wolverhampton,2022-05-07T15:00:00,Penalty,1-0,Romelu Lukaku,56,0
https://www.xscores.com/soccer/match/chelsea-vs-wolverhampton/07-05-2022/319472,Chelsea,Wolverhampton,2022-05-07T15:00:00,Regular goal,2-0,Romelu Lukaku,58,0
https://www.xscores.com/soccer/match/chelsea-vs-wolverhampton/07-05-2022/319472,Chelsea,Wolverhampton,2022-05-07T15:00:00,Regular goal,2-1,Trincao,79,0
https://www.xscores.com/soccer/match/chelsea-vs-wolverhampton/07-05-2022/319472,Chelsea,Wolverhampton,2022-05-07T15:00:00,Regular goal,2-2,Conor Coady,90,7
https://www.xscores.com/soccer/match/crystal-palace-vs-watford/07-05-2022/319471,Crystal Palace,Watford,2022-05-07T15:00:00,Penalty,1-0,Wilfried Zaha,31,0
https://www.xscores.com/soccer/match/brighton-vs-manchester-united/07-05-2022/319474,Brighton,Manchester United,2022-05-07T17:30:00,Regular goal,1-0,Moises Caicedo,15,0
https://www.xscores.com/soccer/match/brighton-vs-manchester-united/07-05-2022/319474,Brighton,Manchester United,2022-05-07T17:30:00,Regular goal,2-0,Marc Cucurella,49,0
https://www.xscores.com/soccer/match/brighton-vs-manchester-united/07-05-2022/319474,Brighton,Manchester United,2022-05-07T17:30:00,Regular goal,3-0,Pascal Gross,57,0
https://www.xscores.com/soccer/match/brighton-vs-manchester-united/07-05-2022/319474,Brighton,Manchester United,2022-05-07T17:30:00,Regular goal,4-0,Leandro Trossard,60,0
https://www.xscores.com/soccer/match/liverpool-vs-tottenham/07-05-2022/319469,Liverpool,Tottenham,2022-05-07T19:45:00,Regular goal,0-1,Heung-Min Son,56,0
https://www.xscores.com/soccer/match/liverpool-vs-tottenham/07-05-2022/319469,Liverpool,Tottenham,2022-05-07T19:45:00,Regular goal,1-1,Luis Diaz,74,0
https://www.xscores.com/soccer/match/arsenal-vs-leeds/08-05-2022/319476,Arsenal,Leeds,2022-05-08T14:00:00,Regular goal,1-0,Edward Nketiah,5,0
https://www.xscores.com/soccer/match/arsenal-vs-leeds/08-05-2022/319476,Arsenal,Leeds,2022-05-08T14:00:00,Regular goal,2-0,Edward Nketiah,10,0
https://www.xscores.com/soccer/match/arsenal-vs-leeds/08-05-2022/319476,Arsenal,Leeds,2022-05-08T14:00:00,Regular goal,2-1,Diego Llorente,66,0
https://www.xscores.com/soccer/match/leicester-vs-everton/08-05-2022/319470,Leicester,Everton,2022-05-08T14:00:00,Regular goal,0-1,Vitalii Mykolenko,6,0
https://www.xscores.com/soccer/match/leicester-vs-everton/08-05-2022/319470,Leicester,Everton,2022-05-08T14:00:00,Regular goal,1-1,Patson Daka,11,0
https://www.xscores.com/soccer/match/leicester-vs-everton/08-05-2022/319470,Leicester,Everton,2022-05-08T14:00:00,Regular goal,1-2,Mason Holgate,30,0
https://www.xscores.com/soccer/match/norwich-vs-west-ham/08-05-2022/319467,Norwich,West Ham,2022-05-08T14:00:00,Regular goal,0-1,Said Benrahma,12,0
https://www.xscores.com/soccer/match/norwich-vs-west-ham/08-05-2022/319467,Norwich,West Ham,2022-05-08T14:00:00,Regular goal,0-2,Michail Antonio,30,0
https://www.xscores.com/soccer/match/norwich-vs-west-ham/08-05-2022/319467,Norwich,West Ham,2022-05-08T14:00:00,Regular goal,0-3,Said Benrahma,45,3
https://www.xscores.com/soccer/match/norwich-vs-west-ham/08-05-2022/319467,Norwich,West Ham,2022-05-08T14:00:00,Penalty,0-4,Manuel Lanzini,65,0
https://www.xscores.com/soccer/match/manchester-city-vs-newcastle/08-05-2022/319468,Manchester City,Newcastle,2022-05-08T16:30:00,Regular goal,1-0,Raheem Sterling,19,0
https://www.xscores.com/soccer/match/manchester-city-vs-newcastle/08-05-2022/319468,Manchester City,Newcastle,2022-05-08T16:30:00,Regular goal,2-0,Aymeric Laporte,38,0
https://www.xscores.com/soccer/match/manchester-city-vs-newcastle/08-05-2022/319468,Manchester City,Newcastle,2022-05-08T16:30:00,Regular goal,3-0,Rodri,61,0
https://www.xscores.com/soccer/match/manchester-city-vs-newcastle/08-05-2022/319468,Manchester City,Newcastle,2022-05-08T16:30:00,Regular goal,4-0,Phil Foden,90,0
https://www.xscores.com/soccer/match/manchester-city-vs-newcastle/08-05-2022/319468,Manchester City,Newcastle,2022-05-08T16:30:00,Regular goal,5-0,Raheem Sterling,90,3
https://www.xscores.com/soccer/match/manchester-united-vs-chelsea/28-04-2022/319483,Manchester United,Chelsea,2022-04-28T19:45:00,Regular goal,0-1,Marcos Alonso,60,0
https://www.xscores.com/soccer/match/manchester-united-vs-chelsea/28-04-2022/319483,Manchester United,Chelsea,2022-04-28T19:45:00,Regular goal,1-1,Cristiano Ronaldo,62,0
https://www.xscores.com/soccer/match/tottenham-vs-burnley/15-05-2022/319480,Tottenham,Burnley,2022-05-15T12:00:00,Penalty,1-0,Harry Kane,45,8
https://www.xscores.com/soccer/match/aston-villa-vs-crystal-palace/15-05-2022/319486,Aston Villa,Crystal Palace,2022-05-15T14:00:00,Regular goal,1-0,Ollie Watkins,69,0
https://www.xscores.com/soccer/match/aston-villa-vs-crystal-palace/15-05-2022/319486,Aston Villa,Crystal Palace,2022-05-15T14:00:00,Regular goal,1-1,Jeffrey Schlupp,81,0
https://www.xscores.com/soccer/match/leeds-vs-brighton/15-05-2022/319484,Leeds,Brighton,2022-05-15T14:00:00,Regular goal,0-1,Danny Welbeck,21,0
https://www.xscores.com/soccer/match/leeds-vs-brighton/15-05-2022/319484,Leeds,Brighton,2022-05-15T14:00:00,Regular goal,1-1,Pascal Struijk,90,2
https://www.xscores.com/soccer/match/watford-vs-leicester/15-05-2022/319479,Watford,Leicester,2022-05-15T14:00:00,Regular goal,1-0,Joao Pedro,6,0
https://www.xscores.com/soccer/match/watford-vs-leicester/15-05-2022/319479,Watford,Leicester,2022-05-15T14:00:00,Regular goal,1-1,James Maddison,18,0
https://www.xscores.com/soccer/match/watford-vs-leicester/15-05-2022/319479,Watford,Leicester,2022-05-15T14:00:00,Regular goal,1-2,Jamie Vardy,22,0
https://www.xscores.com/soccer/match/watford-vs-leicester/15-05-2022/319479,Watford,Leicester,2022-05-15T14:00:00,Regular goal,1-3,Harvey Barnes,46,0
https://www.xscores.com/soccer/match/watford-vs-leicester/15-05-2022/319479,Watford,Leicester,2022-05-15T14:00:00,Regular goal,1-4,Jamie Vardy,70,0
https://www.xscores.com/soccer/match/watford-vs-leicester/15-05-2022/319479,Watford,Leicester,2022-05-15T14:00:00,Regular goal,1-5,Harvey Barnes,86,0
https://www.xscores.com/soccer/match/west-ham-vs-manchester-city/15-05-2022/319478,West Ham,Manchester City,2022-05-15T14:00:00,Regular goal,1-0,Jarrod Bowen,24,0
https://www.xscores.com/soccer/match/west-ham-vs-manchester-city/15-05-2022/319478,West Ham,Manchester City,2022-05-15T14:00:00,Regular goal,2-0,Jarrod Bowen,45,0
https://www.xscores.com/soccer/match/west-ham-vs-manchester-city/15-05-2022/319478,West Ham,Manchester City,2022-05-15T14:00:00,Regular goal,2-1,Jack Grealish,49,0
https://www.xscores.com/soccer/match/west-ham-vs-manchester-city/15-05-2022/319478,West Ham,Manchester City,2022-05-15T14:00:00,Own goal,2-2,Vladimir Coufal,69,0
https://www.xscores.com/soccer/match/wolverhampton-vs-norwich/15-05-2022/319477,Wolverhampton,Norwich,2022-05-15T14:00:00,Regular goal,0-1,Teemu Pukki,37,0
https://www.xscores.com/soccer/match/wolverhampton-vs-norwich/15-05-2022/319477,Wolverhampton,Norwich,2022-05-15T14:00:00,Regular goal,1-1,Rayan Ait Nouri,55,0
https://www.xscores.com/soccer/match/everton-vs-brentford/15-05-2022/319485,Everton,Brentford,2022-05-15T16:30:00,Regular goal,1-0,Dominic Calvert-Lewin,10,0
https://www.xscores.com/soccer/match/everton-vs-brentford/15-05-2022/319485,Everton,Brentford,2022-05-15T16:30:00,Own goal,1-1,Seamus Coleman,37,0
https://www.xscores.com/soccer/match/everton-vs-brentford/15-05-2022/319485,Everton,Brentford,2022-05-15T16:30:00,Penalty,2-1,Richarlison,45,2
https://www.xscores.com/soccer/match/everton-vs-brentford/15-05-2022/319485,Everton,Brentford,2022-05-15T16:30:00,Regular goal,2-2,Yoane Wissa,62,0
https://www.xscores.com/soccer/match/everton-vs-brentford/15-05-2022/319485,Everton,Brentford,2022-05-15T16:30:00,Regular goal,2-3,Rico Henry,64,0
https://www.xscores.com/soccer/match/newcastle-vs-arsenal/16-05-2022/319482,Newcastle,Arsenal,2022-05-16T20:00:00,Own goal,1-0,Ben White,55,0
https://www.xscores.com/soccer/match/newcastle-vs-arsenal/16-05-2022/319482,Newcastle,Arsenal,2022-05-16T20:00:00,Regular goal,2-0,Bruno Guimaraes,85,0
https://www.xscores.com/soccer/match/southampton-vs-liverpool/17-05-2022/319481,Southampton,Liverpool,2022-05-17T19:45:00,Regular goal,1-0,Nathan Redmond,13,0
https://www.xscores.com/soccer/match/southampton-vs-liverpool/17-05-2022/319481,Southampton,Liverpool,2022-05-17T19:45:00,Regular goal,1-1,Takumi Minamino,27,0
https://www.xscores.com/soccer/match/southampton-vs-liverpool/17-05-2022/319481,Southampton,Liverpool,2022-05-17T19:45:00,Regular goal,1-2,Joel Matip,67,0
https://www.xscores.com/soccer/match/arsenal-vs-everton/22-05-2022/319487,Arsenal,Everton,2022-05-22T16:00:00,Penalty,1-0,Gabriel Martinelli,27,0
https://www.xscores.com/soccer/match/arsenal-vs-everton/22-05-2022/319487,Arsenal,Everton,2022-05-22T16:00:00,Regular goal,2-0,Edward Nketiah,31,0
https://www.xscores.com/soccer/match/arsenal-vs-everton/22-05-2022/319487,Arsenal,Everton,2022-05-22T16:00:00,Regular goal,2-1,Donny van de Beek,45,3
https://www.xscores.com/soccer/match/arsenal-vs-everton/22-05-2022/319487,Arsenal,Everton,2022-05-22T16:00:00,Regular goal,3-1,Cedric Soares,56,0
https://www.xscores.com/soccer/match/arsenal-vs-everton/22-05-2022/319487,Arsenal,Everton,2022-05-22T16:00:00,Regular goal,4-1,Gabriel,59,0
https://www.xscores.com/soccer/match/arsenal-vs-everton/22-05-2022/319487,Arsenal,Everton,2022-05-22T16:00:00,Regular goal,5-1,Martin Oedegaard,82,0
https://www.xscores.com/soccer/match/brentford-vs-leeds/22-05-2022/319488,Brentford,Leeds,2022-05-22T16:00:00,Penalty,0-1,Raphinha,56,0
https://www.xscores.com/soccer/match/brentford-vs-leeds/22-05-2022/319488,Brentford,Leeds,2022-05-22T16:00:00,Regular goal,1-1,Sergi Canos,78,0
https://www.xscores.com/soccer/match/brentford-vs-leeds/22-05-2022/319488,Brentford,Leeds,2022-05-22T16:00:00,Regular goal,1-2,Jack Harrison,90,4
https://www.xscores.com/soccer/match/brighton-vs-west-ham/22-05-2022/319489,Brighton,West Ham,2022-05-22T16:00:00,Regular goal,0-1,Michail Antonio,40,0
https://www.xscores.com/soccer/match/brighton-vs-west-ham/22-05-2022/319489,Brighton,West Ham,2022-05-22T16:00:00,Regular goal,1-1,Joel Veltman,50,0
https://www.xscores.com/soccer/match/brighton-vs-west-ham/22-05-2022/319489,Brighton,West Ham,2022-05-22T16:00:00,Regular goal,2-1,Pascal Gross,80,0
https://www.xscores.com/soccer/match/brighton-vs-west-ham/22-05-2022/319489,Brighton,West Ham,2022-05-22T16:00:00,Regular goal,3-1,Danny Welbeck,90,2
https://www.xscores.com/soccer/match/burnley-vs-newcastle/22-05-2022/319490,Burnley,Newcastle,2022-05-22T16:00:00,Penalty,0-1,Callum Wilson,20,0
https://www.xscores.com/soccer/match/burnley-vs-newcastle/22-05-2022/319490,Burnley,Newcastle,2022-05-22T16:00:00,Regular goal,0-2,Callum Wilson,60,0
https://www.xscores.com/soccer/match/burnley-vs-newcastle/22-05-2022/319490,Burnley,Newcastle,2022-05-22T16:00:00,Regular goal,1-2,Maxwel Cornet,69,0
https://www.xscores.com/soccer/match/chelsea-vs-watford/22-05-2022/319491,Chelsea,Watford,2022-05-22T16:00:00,Regular goal,1-0,Kai Havertz,11,0
https://www.xscores.com/soccer/match/chelsea-vs-watford/22-05-2022/319491,Chelsea,Watford,2022-05-22T16:00:00,Regular goal,1-1,Dan Gosling,87,0
https://www.xscores.com/soccer/match/chelsea-vs-watford/22-05-2022/319491,Chelsea,Watford,2022-05-22T16:00:00,Regular goal,2-1,Ross Barkley,90,1
https://www.xscores.com/soccer/match/crystal-palace-vs-manchester-united/22-05-2022/319492,Crystal Palace,Manchester United,2022-05-22T16:00:00,Regular goal,1-0,Wilfried Zaha,37,0
https://www.xscores.com/soccer/match/leicester-vs-southampton/22-05-2022/319493,Leicester,Southampton,2022-05-22T16:00:00,Regular goal,1-0,James Maddison,49,0
https://www.xscores.com/soccer/match/leicester-vs-southampton/22-05-2022/319493,Leicester,Southampton,2022-05-22T16:00:00,Regular goal,2-0,Jamie Vardy,74,0
https://www.xscores.com/soccer/match/leicester-vs-southampton/22-05-2022/319493,Leicester,Southampton,2022-05-22T16:00:00,Penalty,2-1,James Ward-Prowse,79,0
https://www.xscores.com/soccer/match/leicester-vs-southampton/22-05-2022/319493,Leicester,Southampton,2022-05-22T16:00:00,Regular goal,3-1,Ayoze Perez,81,0
https://www.xscores.com/soccer/match/leicester-vs-southampton/22-05-2022/319493,Leicester,Southampton,2022-05-22T16:00:00,Regular goal,4-1,Ayoze Perez,90,6
https://www.xscores.com/soccer/match/liverpool-vs-wolverhampton/22-05-2022/319494,Liverpool,Wolverhampton,2022-05-22T16:00:00,Regular goal,0-1,Pedro Neto,3,0
https://www.xscores.com/soccer/match/liverpool-vs-wolverhampton/22-05-2022/319494,Liverpool,Wolverhampton,2022-05-22T16:00:00,Regular goal,1-1,Sadio Mane,24,0
https://www.xscores.com/soccer/match/liverpool-vs-wolverhampton/22-05-2022/319494,Liverpool,Wolverhampton,2022-05-22T16:00:00,Regular goal,2-1,Mohamed Salah,84,0
https://www.xscores.com/soccer/match/liverpool-vs-wolverhampton/22-05-2022/319494,Liverpool,Wolverhampton,2022-05-22T16:00:00,Regular goal,3-1,Andrew Robertson,89,0
https://www.xscores.com/soccer/match/manchester-city-vs-aston-villa/22-05-2022/319495,Manchester City,Aston Villa,2022-05-22T16:00:00,Regular goal,0-1,Matty Cash,37,0
https://www.xscores.com/soccer/match/manchester-city-vs-aston-villa/22-05-2022/319495,Manchester City,Aston Villa,2022-05-22T16:00:00,Regular goal,0-2,Philippe Coutinho,69,0
https://www.xscores.com/soccer/match/manchester-city-vs-aston-villa/22-05-2022/319495,Manchester City,Aston Villa,2022-05-22T16:00:00,Regular goal,1-2,Ilkay Gundogan,76,0
https://www.xscores.com/soccer/match/manchester-city-vs-aston-villa/22-05-2022/319495,Manchester City,Aston Villa,2022-05-22T16:00:00,Regular goal,2-2,Rodri,78,0
https://www.xscores.com/soccer/match/manchester-city-vs-aston-villa/22-05-2022/319495,Manchester City,Aston Villa,2022-05-22T16:00:00,Regular goal,3-2,Ilkay Gundogan,81,0
https://www.xscores.com/soccer/match/norwich-vs-tottenham/22-05-2022/319496,Norwich,Tottenham,2022-05-22T16:00:00,Regular goal,0-1,Dejan Kulusevski,16,0
https://www.xscores.com/soccer/match/norwich-vs-tottenham/22-05-2022/319496,Norwich,Tottenham,2022-05-22T16:00:00,Regular goal,0-2,Harry Kane,32,0
https://www.xscores.com/soccer/match/norwich-vs-tottenham/22-05-2022/319496,Norwich,Tottenham,2022-05-22T16:00:00,Regular goal,0-3,Dejan Kulusevski,64,0
https://www.xscores.com/soccer/match/norwich-vs-tottenham/22-05-2022/319496,Norwich,Tottenham,2022-05-22T16:00:00,Regular goal,0-4,Heung-Min Son,70,0
https://www.xscores.com/soccer/match/norwich-vs-tottenham/22-05-2022/319496,Norwich,Tottenham,2022-05-22T16:00:00,Regular goal,0-5,Heung-Min Son,75,0
