URL,Home Team,Away Team,date,Goal Type,Score,Player,Elapsed Time,Added Time
https://www.xscores.com/soccer/match/crystal-palace-vs-arsenal/05-08-2022/1205835,Crystal Palace,Arsenal,2022-08-05T20:00:00,Regular goal,0-1,Gabriel Martinelli,20,0
https://www.xscores.com/soccer/match/crystal-palace-vs-arsenal/05-08-2022/1205835,Crystal Palace,Arsenal,2022-08-05T20:00:00,Own goal,0-2,Marc Guehi,85,0
https://www.xscores.com/soccer/match/fulham-vs-liverpool/06-08-2022/1205836,Fulham,Liverpool,2022-08-06T12:30:00,Regular goal,1-0,Aleksandar Mitrovic,32,0
https://www.xscores.com/soccer/match/fulham-vs-liverpool/06-08-2022/1205836,Fulham,Liverpool,2022-08-06T12:30:00,Regular goal,1-1,Darwin Nunez,64,0
https://www.xscores.com/soccer/match/fulham-vs-liverpool/06-08-2022/1205836,Fulham,Liverpool,2022-08-06T12:30:00,Penalty,2-1,Aleksandar Mitrovic,72,0
https://www.xscores.com/soccer/match/fulham-vs-liverpool/06-08-2022/1205836,Fulham,Liverpool,2022-08-06T12:30:00,Regular goal,2-2,Mohamed Salah,80,0
https://www.xscores.com/soccer/match/bournemouth-vs-aston-villa/06-08-2022/1205837,Bournemouth,Aston Villa,2022-08-06T15:00:00,Regular goal,1-0,Jefferson Lerma,2,0
https://www.xscores.com/soccer/match/bournemouth-vs-aston-villa/06-08-2022/1205837,Bournemouth,Aston Villa,2022-08-06T15:00:00,Regular goal,2-0,Kieffer Moore,80,0
https://www.xscores.com/soccer/match/leeds-vs-wolverhampton/06-08-2022/1205838,Leeds,Wolverhampton,2022-08-06T15:00:00,Regular goal,0-1,Daniel Podence,6,0
https://www.xscores.com/soccer/match/leeds-vs-wolverhampton/06-08-2022/1205838,Leeds,Wolverhampton,2022-08-06T15:00:00,Regular goal,1-1,Rodrigo,24,0
https://www.xscores.com/soccer/match/leeds-vs-wolverhampton/06-08-2022/1205838,Leeds,Wolverhampton,2022-08-06T15:00:00,Own goal,2-1,Rayan Ait Nouri,74,0
https://www.xscores.com/soccer/match/newcastle-vs-nottingham-forest/06-08-2022/1205842,Newcastle,Nottingham Forest,2022-08-06T15:00:00,Regular goal,1-0,Fabian Schaer,58,0
https://www.xscores.com/soccer/match/newcastle-vs-nottingham-forest/06-08-2022/1205842,Newcastle,Nottingham Forest,2022-08-06T15:00:00,Regular goal,2-0,Callum Wilson,78,0
https://www.xscores.com/soccer/match/tottenham-vs-southampton/06-08-2022/1205841,Tottenham,Southampton,2022-08-06T15:00:00,Regular goal,0-1,James Ward-Prowse,12,0
https://www.xscores.com/soccer/match/tottenham-vs-southampton/06-08-2022/1205841,Tottenham,Southampton,2022-08-06T15:00:00,Regular goal,1-1,Ryan Sessegnon,21,0
https://www.xscores.com/soccer/match/tottenham-vs-southampton/06-08-2022/1205841,Tottenham,Southampton,2022-08-06T15:00:00,Regular goal,2-1,Eric Dier,31,0
https://www.xscores.com/soccer/match/tottenham-vs-southampton/06-08-2022/1205841,Tottenham,Southampton,2022-08-06T15:00:00,Own goal,3-1,Mohammed Salisu,61,0
https://www.xscores.com/soccer/match/tottenham-vs-southampton/06-08-2022/1205841,Tottenham,Southampton,2022-08-06T15:00:00,Regular goal,4-1,Dejan Kulusevski,63,0
https://www.xscores.com/soccer/match/everton-vs-chelsea/06-08-2022/1205840,Everton,Chelsea,2022-08-06T17:30:00,Penalty,0-1,Jorginho,45,9
https://www.xscores.com/soccer/match/leicester-vs-brentford/07-08-2022/1205839,Leicester,Brentford,2022-08-07T14:00:00,Regular goal,1-0,Timothy Castagne,33,0
https://www.xscores.com/soccer/match/leicester-vs-brentford/07-08-2022/1205839,Leicester,Brentford,2022-08-07T14:00:00,Regular goal,2-0,Kiernan Dewsbury-Hall,46,0
https://www.xscores.com/soccer/match/leicester-vs-brentford/07-08-2022/1205839,Leicester,Brentford,2022-08-07T14:00:00,Regular goal,2-1,Ivan Toney,62,0
https://www.xscores.com/soccer/match/leicester-vs-brentford/07-08-2022/1205839,Leicester,Brentford,2022-08-07T14:00:00,Regular goal,2-2,Joshua Dasilva,86,0
https://www.xscores.com/soccer/match/manchester-united-vs-brighton/07-08-2022/1205843,Manchester United,Brighton,2022-08-07T14:00:00,Regular goal,0-1,Pascal Gross,30,0
https://www.xscores.com/soccer/match/manchester-united-vs-brighton/07-08-2022/1205843,Manchester United,Brighton,2022-08-07T14:00:00,Regular goal,0-2,Pascal Gross,39,0
https://www.xscores.com/soccer/match/manchester-united-vs-brighton/07-08-2022/1205843,Manchester United,Brighton,2022-08-07T14:00:00,Own goal,1-2,Alexis Mac Allister,68,0
https://www.xscores.com/soccer/match/west-ham-vs-manchester-city/07-08-2022/1205844,West Ham,Manchester City,2022-08-07T16:30:00,Penalty,0-1,Erling Haaland,36,0
https://www.xscores.com/soccer/match/west-ham-vs-manchester-city/07-08-2022/1205844,West Ham,Manchester City,2022-08-07T16:30:00,Regular goal,0-2,Erling Haaland,65,0
https://www.xscores.com/soccer/match/aston-villa-vs-everton/13-08-2022/1205860,Aston Villa,Everton,2022-08-13T12:30:00,Regular goal,1-0,Danny Ings,31,0
https://www.xscores.com/soccer/match/aston-villa-vs-everton/13-08-2022/1205860,Aston Villa,Everton,2022-08-13T12:30:00,Regular goal,2-0,Emiliano Buendia,85,0
https://www.xscores.com/soccer/match/aston-villa-vs-everton/13-08-2022/1205860,Aston Villa,Everton,2022-08-13T12:30:00,Own goal,2-1,Lucas Digne,87,0
https://www.xscores.com/soccer/match/arsenal-vs-leicester/13-08-2022/1205853,Arsenal,Leicester,2022-08-13T15:00:00,Regular goal,1-0,Gabriel Jesus,23,0
https://www.xscores.com/soccer/match/arsenal-vs-leicester/13-08-2022/1205853,Arsenal,Leicester,2022-08-13T15:00:00,Regular goal,2-0,Gabriel Jesus,35,0
https://www.xscores.com/soccer/match/arsenal-vs-leicester/13-08-2022/1205853,Arsenal,Leicester,2022-08-13T15:00:00,Own goal,2-1,William Saliba,53,0
https://www.xscores.com/soccer/match/arsenal-vs-leicester/13-08-2022/1205853,Arsenal,Leicester,2022-08-13T15:00:00,Regular goal,3-1,Granit Xhaka,55,0
https://www.xscores.com/soccer/match/arsenal-vs-leicester/13-08-2022/1205853,Arsenal,Leicester,2022-08-13T15:00:00,Regular goal,3-2,James Maddison,74,0
https://www.xscores.com/soccer/match/arsenal-vs-leicester/13-08-2022/1205853,Arsenal,Leicester,2022-08-13T15:00:00,Regular goal,4-2,Gabriel Martinelli,75,0
https://www.xscores.com/soccer/match/manchester-city-vs-bournemouth/13-08-2022/1205855,Manchester City,Bournemouth,2022-08-13T15:00:00,Regular goal,1-0,Ilkay Gundogan,19,0
https://www.xscores.com/soccer/match/manchester-city-vs-bournemouth/13-08-2022/1205855,Manchester City,Bournemouth,2022-08-13T15:00:00,Regular goal,2-0,Kevin De Bruyne,31,0
https://www.xscores.com/soccer/match/manchester-city-vs-bournemouth/13-08-2022/1205855,Manchester City,Bournemouth,2022-08-13T15:00:00,Regular goal,3-0,Phil Foden,37,0
https://www.xscores.com/soccer/match/manchester-city-vs-bournemouth/13-08-2022/1205855,Manchester City,Bournemouth,2022-08-13T15:00:00,Own goal,4-0,Jefferson Lerma,79,0
https://www.xscores.com/soccer/match/southampton-vs-leeds/13-08-2022/1205845,Southampton,Leeds,2022-08-13T15:00:00,Regular goal,0-1,Rodrigo,46,0
https://www.xscores.com/soccer/match/southampton-vs-leeds/13-08-2022/1205845,Southampton,Leeds,2022-08-13T15:00:00,Regular goal,0-2,Rodrigo,60,0
https://www.xscores.com/soccer/match/southampton-vs-leeds/13-08-2022/1205845,Southampton,Leeds,2022-08-13T15:00:00,Regular goal,1-2,Joe Aribo,72,0
https://www.xscores.com/soccer/match/southampton-vs-leeds/13-08-2022/1205845,Southampton,Leeds,2022-08-13T15:00:00,Regular goal,2-2,Kyle Walker-Peters,81,0
https://www.xscores.com/soccer/match/brentford-vs-manchester-united/13-08-2022/1205859,Brentford,Manchester United,2022-08-13T17:30:00,Regular goal,1-0,Joshua Dasilva,10,0
https://www.xscores.com/soccer/match/brentford-vs-manchester-united/13-08-2022/1205859,Brentford,Manchester United,2022-08-13T17:30:00,Regular goal,2-0,Mathias Jensen,18,0
https://www.xscores.com/soccer/match/brentford-vs-manchester-united/13-08-2022/1205859,Brentford,Manchester United,2022-08-13T17:30:00,Regular goal,3-0,Ben Mee,30,0
https://www.xscores.com/soccer/match/brentford-vs-manchester-united/13-08-2022/1205859,Brentford,Manchester United,2022-08-13T17:30:00,Regular goal,4-0,Bryan Mbeumo,35,0
https://www.xscores.com/soccer/match/nottingham-forest-vs-west-ham/14-08-2022/1205854,Nottingham Forest,West Ham,2022-08-14T14:00:00,Regular goal,1-0,Taiwo Awoniyi,45,2
https://www.xscores.com/soccer/match/chelsea-vs-tottenham/14-08-2022/1205857,Chelsea,Tottenham,2022-08-14T16:30:00,Regular goal,1-0,Kalidou Koulibaly,19,0
https://www.xscores.com/soccer/match/chelsea-vs-tottenham/14-08-2022/1205857,Chelsea,Tottenham,2022-08-14T16:30:00,Regular goal,1-1,Pierre-Emile Hoejbjerg,68,0
https://www.xscores.com/soccer/match/chelsea-vs-tottenham/14-08-2022/1205857,Chelsea,Tottenham,2022-08-14T16:30:00,Regular goal,2-1,Reece James,77,0
https://www.xscores.com/soccer/match/chelsea-vs-tottenham/14-08-2022/1205857,Chelsea,Tottenham,2022-08-14T16:30:00,Regular goal,2-2,Harry Kane,90,6
https://www.xscores.com/soccer/match/liverpool-vs-crystal-palace/15-08-2022/1205856,Liverpool,Crystal Palace,2022-08-15T20:00:00,Regular goal,0-1,Wilfried Zaha,32,0
https://www.xscores.com/soccer/match/liverpool-vs-crystal-palace/15-08-2022/1205856,Liverpool,Crystal Palace,2022-08-15T20:00:00,Regular goal,1-1,Luis Diaz,61,0
https://www.xscores.com/soccer/match/tottenham-vs-wolverhampton/20-08-2022/1205870,Tottenham,Wolverhampton,2022-08-20T12:30:00,Regular goal,1-0,Harry Kane,64,0
https://www.xscores.com/soccer/match/crystal-palace-vs-aston-villa/20-08-2022/1205850,Crystal Palace,Aston Villa,2022-08-20T15:00:00,Regular goal,0-1,Ollie Watkins,5,0
https://www.xscores.com/soccer/match/crystal-palace-vs-aston-villa/20-08-2022/1205850,Crystal Palace,Aston Villa,2022-08-20T15:00:00,Regular goal,1-1,Wilfried Zaha,7,0
https://www.xscores.com/soccer/match/crystal-palace-vs-aston-villa/20-08-2022/1205850,Crystal Palace,Aston Villa,2022-08-20T15:00:00,Regular goal,2-1,Wilfried Zaha,58,0
https://www.xscores.com/soccer/match/crystal-palace-vs-aston-villa/20-08-2022/1205850,Crystal Palace,Aston Villa,2022-08-20T15:00:00,Regular goal,3-1,Jean-Philippe Mateta,71,0
https://www.xscores.com/soccer/match/everton-vs-nottingham-forest/20-08-2022/1205849,Everton,Nottingham Forest,2022-08-20T15:00:00,Regular goal,0-1,Brennan Johnson,81,0
https://www.xscores.com/soccer/match/everton-vs-nottingham-forest/20-08-2022/1205849,Everton,Nottingham Forest,2022-08-20T15:00:00,Regular goal,1-1,Demarai Gray,88,0
https://www.xscores.com/soccer/match/fulham-vs-brentford/20-08-2022/1205848,Fulham,Brentford,2022-08-20T15:00:00,Regular goal,1-0,Bobby Reid,1,0
https://www.xscores.com/soccer/match/fulham-vs-brentford/20-08-2022/1205848,Fulham,Brentford,2022-08-20T15:00:00,Regular goal,2-0,Joao Palhinha,20,0
https://www.xscores.com/soccer/match/fulham-vs-brentford/20-08-2022/1205848,Fulham,Brentford,2022-08-20T15:00:00,Regular goal,2-1,Christian Noergaard,44,0
https://www.xscores.com/soccer/match/fulham-vs-brentford/20-08-2022/1205848,Fulham,Brentford,2022-08-20T15:00:00,Regular goal,2-2,Ivan Toney,71,0
https://www.xscores.com/soccer/match/fulham-vs-brentford/20-08-2022/1205848,Fulham,Brentford,2022-08-20T15:00:00,Regular goal,3-2,Aleksandar Mitrovic,90,0
https://www.xscores.com/soccer/match/leicester-vs-southampton/20-08-2022/1205846,Leicester,Southampton,2022-08-20T15:00:00,Regular goal,1-0,James Maddison,54,0
https://www.xscores.com/soccer/match/leicester-vs-southampton/20-08-2022/1205846,Leicester,Southampton,2022-08-20T15:00:00,Regular goal,1-1,Che Adams,68,0
https://www.xscores.com/soccer/match/leicester-vs-southampton/20-08-2022/1205846,Leicester,Southampton,2022-08-20T15:00:00,Regular goal,1-2,Che Adams,84,0
https://www.xscores.com/soccer/match/bournemouth-vs-arsenal/20-08-2022/1205851,Bournemouth,Arsenal,2022-08-20T17:30:00,Regular goal,0-1,Martin Oedegaard,5,0
https://www.xscores.com/soccer/match/bournemouth-vs-arsenal/20-08-2022/1205851,Bournemouth,Arsenal,2022-08-20T17:30:00,Regular goal,0-2,Martin Oedegaard,11,0
https://www.xscores.com/soccer/match/bournemouth-vs-arsenal/20-08-2022/1205851,Bournemouth,Arsenal,2022-08-20T17:30:00,Regular goal,0-3,William Saliba,54,0
https://www.xscores.com/soccer/match/leeds-vs-chelsea/21-08-2022/1205847,Leeds,Chelsea,2022-08-21T14:00:00,Regular goal,1-0,Brenden Aaronson,33,0
https://www.xscores.com/soccer/match/leeds-vs-chelsea/21-08-2022/1205847,Leeds,Chelsea,2022-08-21T14:00:00,Regular goal,2-0,Rodrigo,37,0
https://www.xscores.com/soccer/match/leeds-vs-chelsea/21-08-2022/1205847,Leeds,Chelsea,2022-08-21T14:00:00,Regular goal,3-0,Jack Harrison,69,0
https://www.xscores.com/soccer/match/west-ham-vs-brighton/21-08-2022/1205869,West Ham,Brighton,2022-08-21T14:00:00,Penalty,0-1,Alexis Mac Allister,22,0
https://www.xscores.com/soccer/match/west-ham-vs-brighton/21-08-2022/1205869,West Ham,Brighton,2022-08-21T14:00:00,Regular goal,0-2,Leandro Trossard,66,0
https://www.xscores.com/soccer/match/newcastle-vs-manchester-city/21-08-2022/1205871,Newcastle,Manchester City,2022-08-21T16:30:00,Regular goal,0-1,Ilkay Gundogan,5,0
https://www.xscores.com/soccer/match/newcastle-vs-manchester-city/21-08-2022/1205871,Newcastle,Manchester City,2022-08-21T16:30:00,Regular goal,1-1,Miguel Almiron,28,0
https://www.xscores.com/soccer/match/newcastle-vs-manchester-city/21-08-2022/1205871,Newcastle,Manchester City,2022-08-21T16:30:00,Regular goal,2-1,Callum Wilson,39,0
https://www.xscores.com/soccer/match/newcastle-vs-manchester-city/21-08-2022/1205871,Newcastle,Manchester City,2022-08-21T16:30:00,Regular goal,3-1,Kieran Trippier,54,0
https://www.xscores.com/soccer/match/newcastle-vs-manchester-city/21-08-2022/1205871,Newcastle,Manchester City,2022-08-21T16:30:00,Regular goal,3-2,Erling Haaland,60,0
https://www.xscores.com/soccer/match/newcastle-vs-manchester-city/21-08-2022/1205871,Newcastle,Manchester City,2022-08-21T16:30:00,Regular goal,3-3,Bernardo Silva,64,0
https://www.xscores.com/soccer/match/manchester-united-vs-liverpool/22-08-2022/1205861,Manchester United,Liverpool,2022-08-22T20:00:00,Regular goal,1-0,Jadon Sancho,16,0
https://www.xscores.com/soccer/match/manchester-united-vs-liverpool/22-08-2022/1205861,Manchester United,Liverpool,2022-08-22T20:00:00,Regular goal,2-0,Marcus Rashford,53,0
https://www.xscores.com/soccer/match/manchester-united-vs-liverpool/22-08-2022/1205861,Manchester United,Liverpool,2022-08-22T20:00:00,Regular goal,2-1,Mohamed Salah,81,0
https://www.xscores.com/soccer/match/southampton-vs-manchester-united/27-08-2022/1205885,Southampton,Manchester United,2022-08-27T12:30:00,Regular goal,0-1,Bruno Fernandes,55,0
https://www.xscores.com/soccer/match/brentford-vs-everton/27-08-2022/1205866,Brentford,Everton,2022-08-27T15:00:00,Regular goal,0-1,Anthony Gordon,24,0
https://www.xscores.com/soccer/match/brentford-vs-everton/27-08-2022/1205866,Brentford,Everton,2022-08-27T15:00:00,Regular goal,1-1,Vitaly Janelt,84,0
https://www.xscores.com/soccer/match/brighton-vs-leeds/27-08-2022/1205865,Brighton,Leeds,2022-08-27T15:00:00,Regular goal,1-0,Pascal Gross,66,0
https://www.xscores.com/soccer/match/chelsea-vs-leicester/27-08-2022/1205864,Chelsea,Leicester,2022-08-27T15:00:00,Regular goal,1-0,Raheem Sterling,47,0
https://www.xscores.com/soccer/match/chelsea-vs-leicester/27-08-2022/1205864,Chelsea,Leicester,2022-08-27T15:00:00,Regular goal,2-0,Raheem Sterling,63,0
https://www.xscores.com/soccer/match/chelsea-vs-leicester/27-08-2022/1205864,Chelsea,Leicester,2022-08-27T15:00:00,Regular goal,2-1,Harvey Barnes,66,0
https://www.xscores.com/soccer/match/liverpool-vs-bournemouth/27-08-2022/1205863,Liverpool,Bournemouth,2022-08-27T15:00:00,Regular goal,1-0,Luis Diaz,3,0
https://www.xscores.com/soccer/match/liverpool-vs-bournemouth/27-08-2022/1205863,Liverpool,Bournemouth,2022-08-27T15:00:00,Regular goal,2-0,Harvey Elliott,6,0
https://www.xscores.com/soccer/match/liverpool-vs-bournemouth/27-08-2022/1205863,Liverpool,Bournemouth,2022-08-27T15:00:00,Regular goal,3-0,Trent Alexander-Arnold,28,0
https://www.xscores.com/soccer/match/liverpool-vs-bournemouth/27-08-2022/1205863,Liverpool,Bournemouth,2022-08-27T15:00:00,Regular goal,4-0,Roberto Firmino,31,0
https://www.xscores.com/soccer/match/liverpool-vs-bournemouth/27-08-2022/1205863,Liverpool,Bournemouth,2022-08-27T15:00:00,Regular goal,5-0,Virgil van Dijk,45,0
https://www.xscores.com/soccer/match/liverpool-vs-bournemouth/27-08-2022/1205863,Liverpool,Bournemouth,2022-08-27T15:00:00,Own goal,6-0,Chris Mepham,46,0
https://www.xscores.com/soccer/match/liverpool-vs-bournemouth/27-08-2022/1205863,Liverpool,Bournemouth,2022-08-27T15:00:00,Regular goal,7-0,Roberto Firmino,62,0
https://www.xscores.com/soccer/match/liverpool-vs-bournemouth/27-08-2022/1205863,Liverpool,Bournemouth,2022-08-27T15:00:00,Regular goal,8-0,Fabio Carvalho,80,0
https://www.xscores.com/soccer/match/liverpool-vs-bournemouth/27-08-2022/1205863,Liverpool,Bournemouth,2022-08-27T15:00:00,Regular goal,9-0,Luis Diaz,85,0
https://www.xscores.com/soccer/match/manchester-city-vs-crystal-palace/27-08-2022/1205862,Manchester City,Crystal Palace,2022-08-27T15:00:00,Own goal,0-1,John Stones,4,0
https://www.xscores.com/soccer/match/manchester-city-vs-crystal-palace/27-08-2022/1205862,Manchester City,Crystal Palace,2022-08-27T15:00:00,Regular goal,0-2,Joachim Andersen,21,0
https://www.xscores.com/soccer/match/manchester-city-vs-crystal-palace/27-08-2022/1205862,Manchester City,Crystal Palace,2022-08-27T15:00:00,Regular goal,1-2,Bernardo Silva,53,0
https://www.xscores.com/soccer/match/manchester-city-vs-crystal-palace/27-08-2022/1205862,Manchester City,Crystal Palace,2022-08-27T15:00:00,Regular goal,2-2,Erling Haaland,62,0
https://www.xscores.com/soccer/match/manchester-city-vs-crystal-palace/27-08-2022/1205862,Manchester City,Crystal Palace,2022-08-27T15:00:00,Regular goal,3-2,Erling Haaland,70,0
https://www.xscores.com/soccer/match/manchester-city-vs-crystal-palace/27-08-2022/1205862,Manchester City,Crystal Palace,2022-08-27T15:00:00,Regular goal,4-2,Erling Haaland,81,0
https://www.xscores.com/soccer/match/arsenal-vs-fulham/27-08-2022/1205868,Arsenal,Fulham,2022-08-27T17:30:00,Regular goal,0-1,Aleksandar Mitrovic,56,0
https://www.xscores.com/soccer/match/arsenal-vs-fulham/27-08-2022/1205868,Arsenal,Fulham,2022-08-27T17:30:00,Regular goal,1-1,Martin Oedegaard,64,0
https://www.xscores.com/soccer/match/arsenal-vs-fulham/27-08-2022/1205868,Arsenal,Fulham,2022-08-27T17:30:00,Regular goal,2-1,Gabriel,85,0
https://www.xscores.com/soccer/match/aston-villa-vs-west-ham/28-08-2022/1205867,Aston Villa,West Ham,2022-08-28T14:00:00,Regular goal,0-1,Pablo Fornals,74,0
https://www.xscores.com/soccer/match/wolverhampton-vs-newcastle/28-08-2022/1205884,Wolverhampton,Newcastle,2022-08-28T14:00:00,Regular goal,1-0,Ruben Neves,38,0
https://www.xscores.com/soccer/match/wolverhampton-vs-newcastle/28-08-2022/1205884,Wolverhampton,Newcastle,2022-08-28T14:00:00,Regular goal,1-1,Allan Saint-Maximin,90,0
https://www.xscores.com/soccer/match/nottingham-forest-vs-tottenham/28-08-2022/1205886,Nottingham Forest,Tottenham,2022-08-28T16:30:00,Regular goal,0-1,Harry Kane,5,0
https://www.xscores.com/soccer/match/nottingham-forest-vs-tottenham/28-08-2022/1205886,Nottingham Forest,Tottenham,2022-08-28T16:30:00,Regular goal,0-2,Harry Kane,81,0
https://www.xscores.com/soccer/match/crystal-palace-vs-brentford/30-08-2022/1205877,Crystal Palace,Brentford,2022-08-30T19:30:00,Regular goal,1-0,Wilfried Zaha,59,0
https://www.xscores.com/soccer/match/crystal-palace-vs-brentford/30-08-2022/1205877,Crystal Palace,Brentford,2022-08-30T19:30:00,Regular goal,1-1,Yoane Wissa,88,0
https://www.xscores.com/soccer/match/fulham-vs-brighton/30-08-2022/1205881,Fulham,Brighton,2022-08-30T19:30:00,Regular goal,1-0,Aleksandar Mitrovic,48,0
https://www.xscores.com/soccer/match/fulham-vs-brighton/30-08-2022/1205881,Fulham,Brighton,2022-08-30T19:30:00,Own goal,2-0,Lewis Dunk,55,0
https://www.xscores.com/soccer/match/fulham-vs-brighton/30-08-2022/1205881,Fulham,Brighton,2022-08-30T19:30:00,Penalty,2-1,Alexis Mac Allister,60,0
https://www.xscores.com/soccer/match/southampton-vs-chelsea/30-08-2022/1205876,Southampton,Chelsea,2022-08-30T19:45:00,Regular goal,0-1,Raheem Sterling,23,0
https://www.xscores.com/soccer/match/southampton-vs-chelsea/30-08-2022/1205876,Southampton,Chelsea,2022-08-30T19:45:00,Regular goal,1-1,Romeo Lavia,28,0
https://www.xscores.com/soccer/match/southampton-vs-chelsea/30-08-2022/1205876,Southampton,Chelsea,2022-08-30T19:45:00,Regular goal,2-1,Adam Armstrong,45,1
https://www.xscores.com/soccer/match/leeds-vs-everton/30-08-2022/1205880,Leeds,Everton,2022-08-30T20:00:00,Regular goal,0-1,Anthony Gordon,17,0
https://www.xscores.com/soccer/match/leeds-vs-everton/30-08-2022/1205880,Leeds,Everton,2022-08-30T20:00:00,Regular goal,1-1,Luis Sinisterra,55,0
https://www.xscores.com/soccer/match/arsenal-vs-aston-villa/31-08-2022/1205883,Arsenal,Aston Villa,2022-08-31T19:30:00,Regular goal,1-0,Gabriel Jesus,30,0
https://www.xscores.com/soccer/match/arsenal-vs-aston-villa/31-08-2022/1205883,Arsenal,Aston Villa,2022-08-31T19:30:00,Regular goal,1-1,Douglas Luiz,74,0
https://www.xscores.com/soccer/match/arsenal-vs-aston-villa/31-08-2022/1205883,Arsenal,Aston Villa,2022-08-31T19:30:00,Regular goal,2-1,Gabriel Martinelli,77,0
https://www.xscores.com/soccer/match/manchester-city-vs-nottingham-forest/31-08-2022/1205874,Manchester City,Nottingham Forest,2022-08-31T19:30:00,Regular goal,1-0,Erling Haaland,12,0
https://www.xscores.com/soccer/match/manchester-city-vs-nottingham-forest/31-08-2022/1205874,Manchester City,Nottingham Forest,2022-08-31T19:30:00,Regular goal,2-0,Erling Haaland,23,0
https://www.xscores.com/soccer/match/manchester-city-vs-nottingham-forest/31-08-2022/1205874,Manchester City,Nottingham Forest,2022-08-31T19:30:00,Regular goal,3-0,Erling Haaland,38,0
https://www.xscores.com/soccer/match/manchester-city-vs-nottingham-forest/31-08-2022/1205874,Manchester City,Nottingham Forest,2022-08-31T19:30:00,Regular goal,4-0,Joao Cancelo,50,0
https://www.xscores.com/soccer/match/manchester-city-vs-nottingham-forest/31-08-2022/1205874,Manchester City,Nottingham Forest,2022-08-31T19:30:00,Regular goal,5-0,Julian Alvarez,65,0
https://www.xscores.com/soccer/match/manchester-city-vs-nottingham-forest/31-08-2022/1205874,Manchester City,Nottingham Forest,2022-08-31T19:30:00,Regular goal,6-0,Julian Alvarez,87,0
https://www.xscores.com/soccer/match/west-ham-vs-tottenham/31-08-2022/1205872,West Ham,Tottenham,2022-08-31T19:45:00,Own goal,0-1,Thilo Kehrer,34,0
https://www.xscores.com/soccer/match/west-ham-vs-tottenham/31-08-2022/1205872,West Ham,Tottenham,2022-08-31T19:45:00,Regular goal,1-1,Tomas Soucek,55,0
https://www.xscores.com/soccer/match/liverpool-vs-newcastle/31-08-2022/1205875,Liverpool,Newcastle,2022-08-31T20:00:00,Regular goal,0-1,Alexander Isak,38,0
https://www.xscores.com/soccer/match/liverpool-vs-newcastle/31-08-2022/1205875,Liverpool,Newcastle,2022-08-31T20:00:00,Regular goal,1-1,Roberto Firmino,61,0
https://www.xscores.com/soccer/match/liverpool-vs-newcastle/31-08-2022/1205875,Liverpool,Newcastle,2022-08-31T20:00:00,Regular goal,2-1,Fabio Carvalho,90,8
https://www.xscores.com/soccer/match/leicester-vs-manchester-united/01-09-2022/1205873,Leicester,Manchester United,2022-09-01T20:00:00,Regular goal,0-1,Jadon Sancho,23,0
https://www.xscores.com/soccer/match/brentford-vs-leeds/03-09-2022/1205878,Brentford,Leeds,2022-09-03T15:00:00,Penalty,1-0,Ivan Toney,30,0
https://www.xscores.com/soccer/match/brentford-vs-leeds/03-09-2022/1205878,Brentford,Leeds,2022-09-03T15:00:00,Regular goal,2-0,Ivan Toney,43,0
https://www.xscores.com/soccer/match/brentford-vs-leeds/03-09-2022/1205878,Brentford,Leeds,2022-09-03T15:00:00,Regular goal,2-1,Luis Sinisterra,45,1
https://www.xscores.com/soccer/match/brentford-vs-leeds/03-09-2022/1205878,Brentford,Leeds,2022-09-03T15:00:00,Regular goal,3-1,Ivan Toney,58,0
https://www.xscores.com/soccer/match/brentford-vs-leeds/03-09-2022/1205878,Brentford,Leeds,2022-09-03T15:00:00,Regular goal,3-2,Marc Roca,79,0
https://www.xscores.com/soccer/match/brentford-vs-leeds/03-09-2022/1205878,Brentford,Leeds,2022-09-03T15:00:00,Regular goal,4-2,Bryan Mbeumo,80,0
https://www.xscores.com/soccer/match/brentford-vs-leeds/03-09-2022/1205878,Brentford,Leeds,2022-09-03T15:00:00,Regular goal,5-2,Yoane Wissa,90,1
https://www.xscores.com/soccer/match/chelsea-vs-west-ham/03-09-2022/1205895,Chelsea,West Ham,2022-09-03T15:00:00,Regular goal,0-1,Michail Antonio,63,0
https://www.xscores.com/soccer/match/chelsea-vs-west-ham/03-09-2022/1205895,Chelsea,West Ham,2022-09-03T15:00:00,Regular goal,1-1,Ben Chilwell,76,0
https://www.xscores.com/soccer/match/chelsea-vs-west-ham/03-09-2022/1205895,Chelsea,West Ham,2022-09-03T15:00:00,Regular goal,2-1,Kai Havertz,88,0
https://www.xscores.com/soccer/match/nottingham-forest-vs-bournemouth/03-09-2022/1205889,Nottingham Forest,Bournemouth,2022-09-03T15:00:00,Regular goal,1-0,Cheikhou Kouyate,33,0
https://www.xscores.com/soccer/match/nottingham-forest-vs-bournemouth/03-09-2022/1205889,Nottingham Forest,Bournemouth,2022-09-03T15:00:00,Penalty,2-0,Brennan Johnson,45,2
https://www.xscores.com/soccer/match/nottingham-forest-vs-bournemouth/03-09-2022/1205889,Nottingham Forest,Bournemouth,2022-09-03T15:00:00,Regular goal,2-1,Philip Billing,51,0
https://www.xscores.com/soccer/match/nottingham-forest-vs-bournemouth/03-09-2022/1205889,Nottingham Forest,Bournemouth,2022-09-03T15:00:00,Regular goal,2-2,Dominic Solanke,63,0
https://www.xscores.com/soccer/match/nottingham-forest-vs-bournemouth/03-09-2022/1205889,Nottingham Forest,Bournemouth,2022-09-03T15:00:00,Regular goal,2-3,Jaidon Anthony,87,0
https://www.xscores.com/soccer/match/tottenham-vs-fulham/03-09-2022/1205890,Tottenham,Fulham,2022-09-03T15:00:00,Regular goal,1-0,Pierre-Emile Hoejbjerg,40,0
https://www.xscores.com/soccer/match/tottenham-vs-fulham/03-09-2022/1205890,Tottenham,Fulham,2022-09-03T15:00:00,Regular goal,2-0,Harry Kane,75,0
https://www.xscores.com/soccer/match/tottenham-vs-fulham/03-09-2022/1205890,Tottenham,Fulham,2022-09-03T15:00:00,Regular goal,2-1,Aleksandar Mitrovic,83,0
https://www.xscores.com/soccer/match/wolverhampton-vs-southampton/03-09-2022/1205891,Wolverhampton,Southampton,2022-09-03T15:00:00,Regular goal,1-0,Daniel Podence,45,1
https://www.xscores.com/soccer/match/aston-villa-vs-manchester-city/03-09-2022/1205879,Aston Villa,Manchester City,2022-09-03T17:30:00,Regular goal,0-1,Erling Haaland,50,0
https://www.xscores.com/soccer/match/aston-villa-vs-manchester-city/03-09-2022/1205879,Aston Villa,Manchester City,2022-09-03T17:30:00,Regular goal,1-1,Leon Bailey,74,0
https://www.xscores.com/soccer/match/brighton-vs-leicester/04-09-2022/1205887,Brighton,Leicester,2022-09-04T14:00:00,Regular goal,0-1,Kelechi Iheanacho,1,0
https://www.xscores.com/soccer/match/brighton-vs-leicester/04-09-2022/1205887,Brighton,Leicester,2022-09-04T14:00:00,Own goal,1-1,Luke Thomas,10,0
https://www.xscores.com/soccer/match/brighton-vs-leicester/04-09-2022/1205887,Brighton,Leicester,2022-09-04T14:00:00,Regular goal,2-1,Moises Caicedo,15,0
https://www.xscores.com/soccer/match/brighton-vs-leicester/04-09-2022/1205887,Brighton,Leicester,2022-09-04T14:00:00,Regular goal,2-2,Patson Daka,33,0
https://www.xscores.com/soccer/match/brighton-vs-leicester/04-09-2022/1205887,Brighton,Leicester,2022-09-04T14:00:00,Regular goal,3-2,Leandro Trossard,64,0
https://www.xscores.com/soccer/match/brighton-vs-leicester/04-09-2022/1205887,Brighton,Leicester,2022-09-04T14:00:00,Penalty,4-2,Alexis Mac Allister,71,0
https://www.xscores.com/soccer/match/brighton-vs-leicester/04-09-2022/1205887,Brighton,Leicester,2022-09-04T14:00:00,Regular goal,5-2,Alexis Mac Allister,90,7
https://www.xscores.com/soccer/match/manchester-united-vs-arsenal/04-09-2022/1205893,Manchester United,Arsenal,2022-09-04T16:30:00,Regular goal,1-0,Antony,35,0
https://www.xscores.com/soccer/match/manchester-united-vs-arsenal/04-09-2022/1205893,Manchester United,Arsenal,2022-09-04T16:30:00,Regular goal,1-1,Bukayo Saka,60,0
https://www.xscores.com/soccer/match/manchester-united-vs-arsenal/04-09-2022/1205893,Manchester United,Arsenal,2022-09-04T16:30:00,Regular goal,2-1,Marcus Rashford,66,0
https://www.xscores.com/soccer/match/manchester-united-vs-arsenal/04-09-2022/1205893,Manchester United,Arsenal,2022-09-04T16:30:00,Regular goal,3-1,Marcus Rashford,75,0
https://www.xscores.com/soccer/match/fulham-vs-chelsea/12-01-2023/1205906,Fulham,Chelsea,2023-01-12T20:00:00,Regular goal,1-0,Willian,25,0
https://www.xscores.com/soccer/match/fulham-vs-chelsea/12-01-2023/1205906,Fulham,Chelsea,2023-01-12T20:00:00,Regular goal,1-1,Kalidou Koulibaly,47,0
https://www.xscores.com/soccer/match/fulham-vs-chelsea/12-01-2023/1205906,Fulham,Chelsea,2023-01-12T20:00:00,Regular goal,2-1,Vinicius,73,0
https://www.xscores.com/soccer/match/crystal-palace-vs-manchester-united/18-01-2023/1205905,Crystal Palace,Manchester United,2023-01-18T20:00:00,Regular goal,0-1,Bruno Fernandes,43,0
https://www.xscores.com/soccer/match/crystal-palace-vs-manchester-united/18-01-2023/1205905,Crystal Palace,Manchester United,2023-01-18T20:00:00,Regular goal,1-1,Michael Olise,90,1
https://www.xscores.com/soccer/match/manchester-city-vs-tottenham/19-01-2023/1205903,Manchester City,Tottenham,2023-01-19T20:00:00,Regular goal,0-1,Dejan Kulusevski,44,0
https://www.xscores.com/soccer/match/manchester-city-vs-tottenham/19-01-2023/1205903,Manchester City,Tottenham,2023-01-19T20:00:00,Regular goal,0-2,Emerson Royal,45,2
https://www.xscores.com/soccer/match/manchester-city-vs-tottenham/19-01-2023/1205903,Manchester City,Tottenham,2023-01-19T20:00:00,Regular goal,1-2,Julian Alvarez,51,0
https://www.xscores.com/soccer/match/manchester-city-vs-tottenham/19-01-2023/1205903,Manchester City,Tottenham,2023-01-19T20:00:00,Regular goal,2-2,Erling Haaland,53,0
https://www.xscores.com/soccer/match/manchester-city-vs-tottenham/19-01-2023/1205903,Manchester City,Tottenham,2023-01-19T20:00:00,Regular goal,3-2,Riyad Mahrez,63,0
https://www.xscores.com/soccer/match/manchester-city-vs-tottenham/19-01-2023/1205903,Manchester City,Tottenham,2023-01-19T20:00:00,Regular goal,4-2,Riyad Mahrez,90,0
https://www.xscores.com/soccer/match/arsenal-vs-everton/01-03-2023/1205892,Arsenal,Everton,2023-03-01T19:45:00,Regular goal,1-0,Bukayo Saka,40,0
https://www.xscores.com/soccer/match/arsenal-vs-everton/01-03-2023/1205892,Arsenal,Everton,2023-03-01T19:45:00,Regular goal,2-0,Gabriel Martinelli,45,1
https://www.xscores.com/soccer/match/arsenal-vs-everton/01-03-2023/1205892,Arsenal,Everton,2023-03-01T19:45:00,Regular goal,3-0,Martin Oedegaard,71,0
https://www.xscores.com/soccer/match/arsenal-vs-everton/01-03-2023/1205892,Arsenal,Everton,2023-03-01T19:45:00,Regular goal,4-0,Gabriel Martinelli,80,0
https://www.xscores.com/soccer/match/liverpool-vs-wolverhampton/01-03-2023/1205909,Liverpool,Wolverhampton,2023-03-01T20:00:00,Regular goal,1-0,Virgil van Dijk,73,0
https://www.xscores.com/soccer/match/liverpool-vs-wolverhampton/01-03-2023/1205909,Liverpool,Wolverhampton,2023-03-01T20:00:00,Regular goal,2-0,Mohamed Salah,77,0
https://www.xscores.com/soccer/match/southampton-vs-brentford/15-03-2023/1205902,Southampton,Brentford,2023-03-15T19:30:00,Regular goal,0-1,Ivan Toney,32,0
https://www.xscores.com/soccer/match/southampton-vs-brentford/15-03-2023/1205902,Southampton,Brentford,2023-03-15T19:30:00,Regular goal,0-2,Yoane Wissa,90,7
https://www.xscores.com/soccer/match/bournemouth-vs-brighton/04-04-2023/1205904,Bournemouth,Brighton,2023-04-04T19:45:00,Regular goal,0-1,Evan Ferguson,28,0
https://www.xscores.com/soccer/match/bournemouth-vs-brighton/04-04-2023/1205904,Bournemouth,Brighton,2023-04-04T19:45:00,Regular goal,0-2,Julio Enciso,90,1
https://www.xscores.com/soccer/match/leeds-vs-nottingham-forest/04-04-2023/1205907,Leeds,Nottingham Forest,2023-04-04T19:45:00,Regular goal,0-1,Orel Mangala,12,0
https://www.xscores.com/soccer/match/leeds-vs-nottingham-forest/04-04-2023/1205907,Leeds,Nottingham Forest,2023-04-04T19:45:00,Regular goal,1-1,Jack Harrison,20,0
https://www.xscores.com/soccer/match/leeds-vs-nottingham-forest/04-04-2023/1205907,Leeds,Nottingham Forest,2023-04-04T19:45:00,Regular goal,2-1,Luis Sinisterra,45,1
https://www.xscores.com/soccer/match/leicester-vs-aston-villa/04-04-2023/1205908,Leicester,Aston Villa,2023-04-04T19:45:00,Regular goal,0-1,Ollie Watkins,24,0
https://www.xscores.com/soccer/match/leicester-vs-aston-villa/04-04-2023/1205908,Leicester,Aston Villa,2023-04-04T19:45:00,Regular goal,1-1,Harvey Barnes,35,0
https://www.xscores.com/soccer/match/leicester-vs-aston-villa/04-04-2023/1205908,Leicester,Aston Villa,2023-04-04T19:45:00,Regular goal,1-2,Bertrand Traore,87,0
https://www.xscores.com/soccer/match/west-ham-vs-newcastle/05-04-2023/1205896,West Ham,Newcastle,2023-04-05T20:00:00,Regular goal,0-1,Callum Wilson,6,0
https://www.xscores.com/soccer/match/west-ham-vs-newcastle/05-04-2023/1205896,West Ham,Newcastle,2023-04-05T20:00:00,Regular goal,0-2,Joelinton,13,0
https://www.xscores.com/soccer/match/west-ham-vs-newcastle/05-04-2023/1205896,West Ham,Newcastle,2023-04-05T20:00:00,Regular goal,1-2,Kurt Zouma,40,0
https://www.xscores.com/soccer/match/west-ham-vs-newcastle/05-04-2023/1205896,West Ham,Newcastle,2023-04-05T20:00:00,Regular goal,1-3,Callum Wilson,46,0
https://www.xscores.com/soccer/match/west-ham-vs-newcastle/05-04-2023/1205896,West Ham,Newcastle,2023-04-05T20:00:00,Regular goal,1-4,Alexander Isak,82,0
https://www.xscores.com/soccer/match/west-ham-vs-newcastle/05-04-2023/1205896,West Ham,Newcastle,2023-04-05T20:00:00,Regular goal,1-5,Joelinton,90,0
https://www.xscores.com/soccer/match/aston-villa-vs-southampton/16-09-2022/1205897,Aston Villa,Southampton,2022-09-16T20:00:00,Regular goal,1-0,Jacob Ramsey,41,0
https://www.xscores.com/soccer/match/nottingham-forest-vs-fulham/16-09-2022/1205916,Nottingham Forest,Fulham,2022-09-16T20:00:00,Regular goal,1-0,Taiwo Awoniyi,11,0
https://www.xscores.com/soccer/match/nottingham-forest-vs-fulham/16-09-2022/1205916,Nottingham Forest,Fulham,2022-09-16T20:00:00,Regular goal,1-1,Tosin Adarabioyo,54,0
https://www.xscores.com/soccer/match/nottingham-forest-vs-fulham/16-09-2022/1205916,Nottingham Forest,Fulham,2022-09-16T20:00:00,Regular goal,1-2,Joao Palhinha,57,0
https://www.xscores.com/soccer/match/nottingham-forest-vs-fulham/16-09-2022/1205916,Nottingham Forest,Fulham,2022-09-16T20:00:00,Regular goal,1-3,Harrison Reed,60,0
https://www.xscores.com/soccer/match/nottingham-forest-vs-fulham/16-09-2022/1205916,Nottingham Forest,Fulham,2022-09-16T20:00:00,Regular goal,2-3,Lewis O'Brien,77,0
https://www.xscores.com/soccer/match/wolverhampton-vs-manchester-city/17-09-2022/1205914,Wolverhampton,Manchester City,2022-09-17T12:30:00,Regular goal,0-1,Jack Grealish,1,0
https://www.xscores.com/soccer/match/wolverhampton-vs-manchester-city/17-09-2022/1205914,Wolverhampton,Manchester City,2022-09-17T12:30:00,Regular goal,0-2,Erling Haaland,16,0
https://www.xscores.com/soccer/match/wolverhampton-vs-manchester-city/17-09-2022/1205914,Wolverhampton,Manchester City,2022-09-17T12:30:00,Regular goal,0-3,Phil Foden,69,0
https://www.xscores.com/soccer/match/newcastle-vs-bournemouth/17-09-2022/1205917,Newcastle,Bournemouth,2022-09-17T15:00:00,Regular goal,0-1,Philip Billing,62,0
https://www.xscores.com/soccer/match/newcastle-vs-bournemouth/17-09-2022/1205917,Newcastle,Bournemouth,2022-09-17T15:00:00,Penalty,1-1,Alexander Isak,67,0
https://www.xscores.com/soccer/match/tottenham-vs-leicester/17-09-2022/1205915,Tottenham,Leicester,2022-09-17T17:30:00,Penalty,0-1,Youri Tielemans,6,0
https://www.xscores.com/soccer/match/tottenham-vs-leicester/17-09-2022/1205915,Tottenham,Leicester,2022-09-17T17:30:00,Regular goal,1-1,Harry Kane,8,0
https://www.xscores.com/soccer/match/tottenham-vs-leicester/17-09-2022/1205915,Tottenham,Leicester,2022-09-17T17:30:00,Regular goal,2-1,Eric Dier,21,0
https://www.xscores.com/soccer/match/tottenham-vs-leicester/17-09-2022/1205915,Tottenham,Leicester,2022-09-17T17:30:00,Regular goal,2-2,James Maddison,41,0
https://www.xscores.com/soccer/match/tottenham-vs-leicester/17-09-2022/1205915,Tottenham,Leicester,2022-09-17T17:30:00,Regular goal,3-2,Rodrigo Bentancur,47,0
https://www.xscores.com/soccer/match/tottenham-vs-leicester/17-09-2022/1205915,Tottenham,Leicester,2022-09-17T17:30:00,Regular goal,4-2,Heung-Min Son,73,0
https://www.xscores.com/soccer/match/tottenham-vs-leicester/17-09-2022/1205915,Tottenham,Leicester,2022-09-17T17:30:00,Regular goal,5-2,Heung-Min Son,84,0
https://www.xscores.com/soccer/match/tottenham-vs-leicester/17-09-2022/1205915,Tottenham,Leicester,2022-09-17T17:30:00,Regular goal,6-2,Heung-Min Son,86,0
https://www.xscores.com/soccer/match/brentford-vs-arsenal/18-09-2022/1205898,Brentford,Arsenal,2022-09-18T12:00:00,Regular goal,0-1,William Saliba,17,0
https://www.xscores.com/soccer/match/brentford-vs-arsenal/18-09-2022/1205898,Brentford,Arsenal,2022-09-18T12:00:00,Regular goal,0-2,Gabriel Jesus,28,0
https://www.xscores.com/soccer/match/brentford-vs-arsenal/18-09-2022/1205898,Brentford,Arsenal,2022-09-18T12:00:00,Regular goal,0-3,Fabio Vieira,49,0
https://www.xscores.com/soccer/match/everton-vs-west-ham/18-09-2022/1205901,Everton,West Ham,2022-09-18T14:15:00,Regular goal,1-0,Neal Maupay,53,0
https://www.xscores.com/soccer/match/manchester-united-vs-leeds/08-02-2023/1205918,Manchester United,Leeds,2023-02-08T20:00:00,Regular goal,0-1,Wilfried Gnonto,1,0
https://www.xscores.com/soccer/match/manchester-united-vs-leeds/08-02-2023/1205918,Manchester United,Leeds,2023-02-08T20:00:00,Own goal,0-2,Raphael Varane,48,0
https://www.xscores.com/soccer/match/manchester-united-vs-leeds/08-02-2023/1205918,Manchester United,Leeds,2023-02-08T20:00:00,Regular goal,1-2,Marcus Rashford,62,0
https://www.xscores.com/soccer/match/manchester-united-vs-leeds/08-02-2023/1205918,Manchester United,Leeds,2023-02-08T20:00:00,Regular goal,2-2,Jadon Sancho,70,0
https://www.xscores.com/soccer/match/brighton-vs-crystal-palace/15-03-2023/1205899,Brighton,Crystal Palace,2023-03-15T19:30:00,Regular goal,1-0,Solly March,15,0
https://www.xscores.com/soccer/match/arsenal-vs-tottenham/01-10-2022/1205913,Arsenal,Tottenham,2022-10-01T12:30:00,Regular goal,1-0,Thomas Partey,20,0
https://www.xscores.com/soccer/match/arsenal-vs-tottenham/01-10-2022/1205913,Arsenal,Tottenham,2022-10-01T12:30:00,Penalty,1-1,Harry Kane,31,0
https://www.xscores.com/soccer/match/arsenal-vs-tottenham/01-10-2022/1205913,Arsenal,Tottenham,2022-10-01T12:30:00,Regular goal,2-1,Gabriel Jesus,49,0
https://www.xscores.com/soccer/match/arsenal-vs-tottenham/01-10-2022/1205913,Arsenal,Tottenham,2022-10-01T12:30:00,Regular goal,3-1,Granit Xhaka,67,0
https://www.xscores.com/soccer/match/crystal-palace-vs-chelsea/01-10-2022/1205911,Crystal Palace,Chelsea,2022-10-01T15:00:00,Regular goal,1-0,Odsonne Edouard,7,0
https://www.xscores.com/soccer/match/crystal-palace-vs-chelsea/01-10-2022/1205911,Crystal Palace,Chelsea,2022-10-01T15:00:00,Regular goal,1-1,Pierre-Emerick Aubameyang,38,0
https://www.xscores.com/soccer/match/crystal-palace-vs-chelsea/01-10-2022/1205911,Crystal Palace,Chelsea,2022-10-01T15:00:00,Regular goal,1-2,Conor Gallagher,90,0
https://www.xscores.com/soccer/match/fulham-vs-newcastle/01-10-2022/1205910,Fulham,Newcastle,2022-10-01T15:00:00,Regular goal,0-1,Callum Wilson,11,0
https://www.xscores.com/soccer/match/fulham-vs-newcastle/01-10-2022/1205910,Fulham,Newcastle,2022-10-01T15:00:00,Regular goal,0-2,Miguel Almiron,33,0
https://www.xscores.com/soccer/match/fulham-vs-newcastle/01-10-2022/1205910,Fulham,Newcastle,2022-10-01T15:00:00,Regular goal,0-3,Sean Longstaff,43,0
https://www.xscores.com/soccer/match/fulham-vs-newcastle/01-10-2022/1205910,Fulham,Newcastle,2022-10-01T15:00:00,Regular goal,0-4,Miguel Almiron,57,0
https://www.xscores.com/soccer/match/fulham-vs-newcastle/01-10-2022/1205910,Fulham,Newcastle,2022-10-01T15:00:00,Regular goal,1-4,Bobby Reid,88,0
https://www.xscores.com/soccer/match/liverpool-vs-brighton/01-10-2022/1205962,Liverpool,Brighton,2022-10-01T15:00:00,Regular goal,0-1,Leandro Trossard,4,0
https://www.xscores.com/soccer/match/liverpool-vs-brighton/01-10-2022/1205962,Liverpool,Brighton,2022-10-01T15:00:00,Regular goal,0-2,Leandro Trossard,17,0
https://www.xscores.com/soccer/match/liverpool-vs-brighton/01-10-2022/1205962,Liverpool,Brighton,2022-10-01T15:00:00,Regular goal,1-2,Roberto Firmino,33,0
https://www.xscores.com/soccer/match/liverpool-vs-brighton/01-10-2022/1205962,Liverpool,Brighton,2022-10-01T15:00:00,Regular goal,2-2,Roberto Firmino,54,0
https://www.xscores.com/soccer/match/liverpool-vs-brighton/01-10-2022/1205962,Liverpool,Brighton,2022-10-01T15:00:00,Own goal,3-2,Adam Webster,63,0
https://www.xscores.com/soccer/match/liverpool-vs-brighton/01-10-2022/1205962,Liverpool,Brighton,2022-10-01T15:00:00,Regular goal,3-3,Leandro Trossard,83,0
https://www.xscores.com/soccer/match/southampton-vs-everton/01-10-2022/1205920,Southampton,Everton,2022-10-01T15:00:00,Regular goal,1-0,Joe Aribo,49,0
https://www.xscores.com/soccer/match/southampton-vs-everton/01-10-2022/1205920,Southampton,Everton,2022-10-01T15:00:00,Regular goal,1-1,Conor Coady,52,0
https://www.xscores.com/soccer/match/southampton-vs-everton/01-10-2022/1205920,Southampton,Everton,2022-10-01T15:00:00,Regular goal,1-2,Dwight McNeil,54,0
https://www.xscores.com/soccer/match/west-ham-vs-wolverhampton/01-10-2022/1205926,West Ham,Wolverhampton,2022-10-01T17:30:00,Regular goal,1-0,Gianluca Scamacca,29,0
https://www.xscores.com/soccer/match/west-ham-vs-wolverhampton/01-10-2022/1205926,West Ham,Wolverhampton,2022-10-01T17:30:00,Regular goal,2-0,Jarrod Bowen,54,0
https://www.xscores.com/soccer/match/manchester-city-vs-manchester-united/02-10-2022/1205964,Manchester City,Manchester United,2022-10-02T14:00:00,Regular goal,1-0,Phil Foden,8,0
https://www.xscores.com/soccer/match/manchester-city-vs-manchester-united/02-10-2022/1205964,Manchester City,Manchester United,2022-10-02T14:00:00,Regular goal,2-0,Erling Haaland,34,0
https://www.xscores.com/soccer/match/manchester-city-vs-manchester-united/02-10-2022/1205964,Manchester City,Manchester United,2022-10-02T14:00:00,Regular goal,3-0,Erling Haaland,37,0
https://www.xscores.com/soccer/match/manchester-city-vs-manchester-united/02-10-2022/1205964,Manchester City,Manchester United,2022-10-02T14:00:00,Regular goal,4-0,Phil Foden,44,0
https://www.xscores.com/soccer/match/manchester-city-vs-manchester-united/02-10-2022/1205964,Manchester City,Manchester United,2022-10-02T14:00:00,Regular goal,4-1,Antony,56,0
https://www.xscores.com/soccer/match/manchester-city-vs-manchester-united/02-10-2022/1205964,Manchester City,Manchester United,2022-10-02T14:00:00,Regular goal,5-1,Erling Haaland,64,0
https://www.xscores.com/soccer/match/manchester-city-vs-manchester-united/02-10-2022/1205964,Manchester City,Manchester United,2022-10-02T14:00:00,Regular goal,6-1,Phil Foden,73,0
https://www.xscores.com/soccer/match/manchester-city-vs-manchester-united/02-10-2022/1205964,Manchester City,Manchester United,2022-10-02T14:00:00,Regular goal,6-2,Anthony Martial,84,0
https://www.xscores.com/soccer/match/manchester-city-vs-manchester-united/02-10-2022/1205964,Manchester City,Manchester United,2022-10-02T14:00:00,Penalty,6-3,Anthony Martial,90,1
https://www.xscores.com/soccer/match/leicester-vs-nottingham-forest/03-10-2022/1205960,Leicester,Nottingham Forest,2022-10-03T20:00:00,Regular goal,1-0,James Maddison,25,0
https://www.xscores.com/soccer/match/leicester-vs-nottingham-forest/03-10-2022/1205960,Leicester,Nottingham Forest,2022-10-03T20:00:00,Regular goal,2-0,Harvey Barnes,27,0
https://www.xscores.com/soccer/match/leicester-vs-nottingham-forest/03-10-2022/1205960,Leicester,Nottingham Forest,2022-10-03T20:00:00,Regular goal,3-0,James Maddison,35,0
https://www.xscores.com/soccer/match/leicester-vs-nottingham-forest/03-10-2022/1205960,Leicester,Nottingham Forest,2022-10-03T20:00:00,Regular goal,4-0,Patson Daka,73,0
https://www.xscores.com/soccer/match/bournemouth-vs-leicester/08-10-2022/1205924,Bournemouth,Leicester,2022-10-08T15:00:00,Regular goal,0-1,Patson Daka,10,0
https://www.xscores.com/soccer/match/bournemouth-vs-leicester/08-10-2022/1205924,Bournemouth,Leicester,2022-10-08T15:00:00,Regular goal,1-1,Philip Billing,67,0
https://www.xscores.com/soccer/match/bournemouth-vs-leicester/08-10-2022/1205924,Bournemouth,Leicester,2022-10-08T15:00:00,Regular goal,2-1,Ryan Christie,71,0
https://www.xscores.com/soccer/match/chelsea-vs-wolverhampton/08-10-2022/1205922,Chelsea,Wolverhampton,2022-10-08T15:00:00,Regular goal,1-0,Kai Havertz,45,3
https://www.xscores.com/soccer/match/chelsea-vs-wolverhampton/08-10-2022/1205922,Chelsea,Wolverhampton,2022-10-08T15:00:00,Regular goal,2-0,Christian Pulisic,54,0
https://www.xscores.com/soccer/match/chelsea-vs-wolverhampton/08-10-2022/1205922,Chelsea,Wolverhampton,2022-10-08T15:00:00,Regular goal,3-0,Armando Broja,89,0
https://www.xscores.com/soccer/match/manchester-city-vs-southampton/08-10-2022/1205936,Manchester City,Southampton,2022-10-08T15:00:00,Regular goal,1-0,Joao Cancelo,20,0
https://www.xscores.com/soccer/match/manchester-city-vs-southampton/08-10-2022/1205936,Manchester City,Southampton,2022-10-08T15:00:00,Regular goal,2-0,Phil Foden,32,0
https://www.xscores.com/soccer/match/manchester-city-vs-southampton/08-10-2022/1205936,Manchester City,Southampton,2022-10-08T15:00:00,Regular goal,3-0,Riyad Mahrez,49,0
https://www.xscores.com/soccer/match/manchester-city-vs-southampton/08-10-2022/1205936,Manchester City,Southampton,2022-10-08T15:00:00,Regular goal,4-0,Erling Haaland,65,0
https://www.xscores.com/soccer/match/newcastle-vs-brentford/08-10-2022/1205935,Newcastle,Brentford,2022-10-08T15:00:00,Regular goal,1-0,Bruno Guimaraes,21,0
https://www.xscores.com/soccer/match/newcastle-vs-brentford/08-10-2022/1205935,Newcastle,Brentford,2022-10-08T15:00:00,Regular goal,2-0,Jacob Murphy,28,0
https://www.xscores.com/soccer/match/newcastle-vs-brentford/08-10-2022/1205935,Newcastle,Brentford,2022-10-08T15:00:00,Penalty,2-1,Ivan Toney,54,0
https://www.xscores.com/soccer/match/newcastle-vs-brentford/08-10-2022/1205935,Newcastle,Brentford,2022-10-08T15:00:00,Regular goal,3-1,Bruno Guimaraes,56,0
https://www.xscores.com/soccer/match/newcastle-vs-brentford/08-10-2022/1205935,Newcastle,Brentford,2022-10-08T15:00:00,Regular goal,4-1,Miguel Almiron,82,0
https://www.xscores.com/soccer/match/newcastle-vs-brentford/08-10-2022/1205935,Newcastle,Brentford,2022-10-08T15:00:00,Own goal,5-1,Ethan Pinnock,90,0
https://www.xscores.com/soccer/match/brighton-vs-tottenham/08-10-2022/1205923,Brighton,Tottenham,2022-10-08T17:30:00,Regular goal,0-1,Harry Kane,22,0
https://www.xscores.com/soccer/match/crystal-palace-vs-leeds/09-10-2022/1205921,Crystal Palace,Leeds,2022-10-09T14:00:00,Regular goal,0-1,Pascal Struijk,10,0
https://www.xscores.com/soccer/match/crystal-palace-vs-leeds/09-10-2022/1205921,Crystal Palace,Leeds,2022-10-09T14:00:00,Regular goal,1-1,Odsonne Edouard,24,0
https://www.xscores.com/soccer/match/crystal-palace-vs-leeds/09-10-2022/1205921,Crystal Palace,Leeds,2022-10-09T14:00:00,Regular goal,2-1,Eberechi Eze,76,0
https://www.xscores.com/soccer/match/west-ham-vs-fulham/09-10-2022/1205933,West Ham,Fulham,2022-10-09T14:00:00,Regular goal,0-1,Andreas Pereira,5,0
https://www.xscores.com/soccer/match/west-ham-vs-fulham/09-10-2022/1205933,West Ham,Fulham,2022-10-09T14:00:00,Penalty,1-1,Jarrod Bowen,29,0
https://www.xscores.com/soccer/match/west-ham-vs-fulham/09-10-2022/1205933,West Ham,Fulham,2022-10-09T14:00:00,Regular goal,2-1,Gianluca Scamacca,62,0
https://www.xscores.com/soccer/match/west-ham-vs-fulham/09-10-2022/1205933,West Ham,Fulham,2022-10-09T14:00:00,Regular goal,3-1,Michail Antonio,90,1
https://www.xscores.com/soccer/match/arsenal-vs-liverpool/09-10-2022/1205925,Arsenal,Liverpool,2022-10-09T16:30:00,Regular goal,1-0,Gabriel Martinelli,1,0
https://www.xscores.com/soccer/match/arsenal-vs-liverpool/09-10-2022/1205925,Arsenal,Liverpool,2022-10-09T16:30:00,Regular goal,1-1,Darwin Nunez,34,0
https://www.xscores.com/soccer/match/arsenal-vs-liverpool/09-10-2022/1205925,Arsenal,Liverpool,2022-10-09T16:30:00,Regular goal,2-1,Bukayo Saka,45,5
https://www.xscores.com/soccer/match/arsenal-vs-liverpool/09-10-2022/1205925,Arsenal,Liverpool,2022-10-09T16:30:00,Regular goal,2-2,Roberto Firmino,53,0
https://www.xscores.com/soccer/match/arsenal-vs-liverpool/09-10-2022/1205925,Arsenal,Liverpool,2022-10-09T16:30:00,Penalty,3-2,Bukayo Saka,76,0
https://www.xscores.com/soccer/match/everton-vs-manchester-united/09-10-2022/1205937,Everton,Manchester United,2022-10-09T19:00:00,Regular goal,1-0,Alex Iwobi,5,0
https://www.xscores.com/soccer/match/everton-vs-manchester-united/09-10-2022/1205937,Everton,Manchester United,2022-10-09T19:00:00,Regular goal,1-1,Antony,15,0
https://www.xscores.com/soccer/match/everton-vs-manchester-united/09-10-2022/1205937,Everton,Manchester United,2022-10-09T19:00:00,Regular goal,1-2,Cristiano Ronaldo,44,0
https://www.xscores.com/soccer/match/nottingham-forest-vs-aston-villa/10-10-2022/1205934,Nottingham Forest,Aston Villa,2022-10-10T20:00:00,Regular goal,1-0,Emmanuel Dennis,15,0
https://www.xscores.com/soccer/match/nottingham-forest-vs-aston-villa/10-10-2022/1205934,Nottingham Forest,Aston Villa,2022-10-10T20:00:00,Regular goal,1-1,Ashley Young,22,0
https://www.xscores.com/soccer/match/brentford-vs-brighton/14-10-2022/1205931,Brentford,Brighton,2022-10-14T20:00:00,Regular goal,1-0,Ivan Toney,27,0
https://www.xscores.com/soccer/match/brentford-vs-brighton/14-10-2022/1205931,Brentford,Brighton,2022-10-14T20:00:00,Penalty,2-0,Ivan Toney,64,0
https://www.xscores.com/soccer/match/fulham-vs-bournemouth/15-10-2022/1205930,Fulham,Bournemouth,2022-10-15T15:00:00,Regular goal,0-1,Dominic Solanke,2,0
https://www.xscores.com/soccer/match/fulham-vs-bournemouth/15-10-2022/1205930,Fulham,Bournemouth,2022-10-15T15:00:00,Regular goal,1-1,Issa Diop,22,0
https://www.xscores.com/soccer/match/fulham-vs-bournemouth/15-10-2022/1205930,Fulham,Bournemouth,2022-10-15T15:00:00,Regular goal,1-2,Jefferson Lerma,29,0
https://www.xscores.com/soccer/match/fulham-vs-bournemouth/15-10-2022/1205930,Fulham,Bournemouth,2022-10-15T15:00:00,Penalty,2-2,Aleksandar Mitrovic,52,0
https://www.xscores.com/soccer/match/wolverhampton-vs-nottingham-forest/15-10-2022/1205946,Wolverhampton,Nottingham Forest,2022-10-15T15:00:00,Penalty,1-0,Ruben Neves,56,0
https://www.xscores.com/soccer/match/tottenham-vs-everton/15-10-2022/1205947,Tottenham,Everton,2022-10-15T17:30:00,Penalty,1-0,Harry Kane,59,0
https://www.xscores.com/soccer/match/tottenham-vs-everton/15-10-2022/1205947,Tottenham,Everton,2022-10-15T17:30:00,Regular goal,2-0,Pierre-Emile Hoejbjerg,86,0
https://www.xscores.com/soccer/match/aston-villa-vs-chelsea/16-10-2022/1205932,Aston Villa,Chelsea,2022-10-16T14:00:00,Regular goal,0-1,Mason Mount,6,0
https://www.xscores.com/soccer/match/aston-villa-vs-chelsea/16-10-2022/1205932,Aston Villa,Chelsea,2022-10-16T14:00:00,Regular goal,0-2,Mason Mount,65,0
https://www.xscores.com/soccer/match/leeds-vs-arsenal/16-10-2022/1205929,Leeds,Arsenal,2022-10-16T14:00:00,Regular goal,0-1,Bukayo Saka,35,0
https://www.xscores.com/soccer/match/southampton-vs-west-ham/16-10-2022/1205948,Southampton,West Ham,2022-10-16T14:00:00,Regular goal,1-0,Romain Perraud,20,0
https://www.xscores.com/soccer/match/southampton-vs-west-ham/16-10-2022/1205948,Southampton,West Ham,2022-10-16T14:00:00,Regular goal,1-1,Declan Rice,64,0
https://www.xscores.com/soccer/match/liverpool-vs-manchester-city/16-10-2022/1205927,Liverpool,Manchester City,2022-10-16T16:30:00,Regular goal,1-0,Mohamed Salah,76,0
https://www.xscores.com/soccer/match/crystal-palace-vs-wolverhampton/18-10-2022/1205941,Crystal Palace,Wolverhampton,2022-10-18T20:15:00,Regular goal,0-1,Adama Traore,31,0
https://www.xscores.com/soccer/match/crystal-palace-vs-wolverhampton/18-10-2022/1205941,Crystal Palace,Wolverhampton,2022-10-18T20:15:00,Regular goal,1-1,Eberechi Eze,47,0
https://www.xscores.com/soccer/match/crystal-palace-vs-wolverhampton/18-10-2022/1205941,Crystal Palace,Wolverhampton,2022-10-18T20:15:00,Regular goal,2-1,Wilfried Zaha,70,0
https://www.xscores.com/soccer/match/bournemouth-vs-southampton/19-10-2022/1205944,Bournemouth,Southampton,2022-10-19T19:30:00,Regular goal,0-1,Che Adams,9,0
https://www.xscores.com/soccer/match/liverpool-vs-west-ham/19-10-2022/1205965,Liverpool,West Ham,2022-10-19T19:30:00,Regular goal,1-0,Darwin Nunez,22,0
https://www.xscores.com/soccer/match/newcastle-vs-everton/19-10-2022/1205942,Newcastle,Everton,2022-10-19T19:30:00,Regular goal,1-0,Miguel Almiron,31,0
https://www.xscores.com/soccer/match/manchester-united-vs-tottenham/19-10-2022/1205963,Manchester United,Tottenham,2022-10-19T20:15:00,Regular goal,1-0,Fred,47,0
https://www.xscores.com/soccer/match/manchester-united-vs-tottenham/19-10-2022/1205963,Manchester United,Tottenham,2022-10-19T20:15:00,Regular goal,2-0,Bruno Fernandes,69,0
https://www.xscores.com/soccer/match/fulham-vs-aston-villa/20-10-2022/1205939,Fulham,Aston Villa,2022-10-20T19:30:00,Regular goal,1-0,Harrison Reed,36,0
https://www.xscores.com/soccer/match/fulham-vs-aston-villa/20-10-2022/1205939,Fulham,Aston Villa,2022-10-20T19:30:00,Penalty,2-0,Aleksandar Mitrovic,68,0
https://www.xscores.com/soccer/match/fulham-vs-aston-villa/20-10-2022/1205939,Fulham,Aston Villa,2022-10-20T19:30:00,Own goal,3-0,Tyrone Mings,83,0
https://www.xscores.com/soccer/match/leicester-vs-leeds/20-10-2022/1205940,Leicester,Leeds,2022-10-20T20:15:00,Own goal,1-0,Robin Koch,16,0
https://www.xscores.com/soccer/match/leicester-vs-leeds/20-10-2022/1205940,Leicester,Leeds,2022-10-20T20:15:00,Regular goal,2-0,Harvey Barnes,35,0
https://www.xscores.com/soccer/match/arsenal-vs-manchester-city/15-02-2023/1205945,Arsenal,Manchester City,2023-02-15T19:30:00,Regular goal,0-1,Kevin De Bruyne,24,0
https://www.xscores.com/soccer/match/arsenal-vs-manchester-city/15-02-2023/1205945,Arsenal,Manchester City,2023-02-15T19:30:00,Penalty,1-1,Bukayo Saka,42,0
https://www.xscores.com/soccer/match/arsenal-vs-manchester-city/15-02-2023/1205945,Arsenal,Manchester City,2023-02-15T19:30:00,Regular goal,1-2,Jack Grealish,72,0
https://www.xscores.com/soccer/match/arsenal-vs-manchester-city/15-02-2023/1205945,Arsenal,Manchester City,2023-02-15T19:30:00,Regular goal,1-3,Erling Haaland,82,0
https://www.xscores.com/soccer/match/nottingham-forest-vs-liverpool/22-10-2022/1205955,Nottingham Forest,Liverpool,2022-10-22T12:30:00,Regular goal,1-0,Taiwo Awoniyi,55,0
https://www.xscores.com/soccer/match/everton-vs-crystal-palace/22-10-2022/1205958,Everton,Crystal Palace,2022-10-22T15:00:00,Regular goal,1-0,Dominic Calvert-Lewin,11,0
https://www.xscores.com/soccer/match/everton-vs-crystal-palace/22-10-2022/1205958,Everton,Crystal Palace,2022-10-22T15:00:00,Regular goal,2-0,Anthony Gordon,63,0
https://www.xscores.com/soccer/match/everton-vs-crystal-palace/22-10-2022/1205958,Everton,Crystal Palace,2022-10-22T15:00:00,Regular goal,3-0,Dwight McNeil,84,0
https://www.xscores.com/soccer/match/manchester-city-vs-brighton/22-10-2022/1205956,Manchester City,Brighton,2022-10-22T15:00:00,Regular goal,1-0,Erling Haaland,22,0
https://www.xscores.com/soccer/match/manchester-city-vs-brighton/22-10-2022/1205956,Manchester City,Brighton,2022-10-22T15:00:00,Penalty,2-0,Erling Haaland,43,0
https://www.xscores.com/soccer/match/manchester-city-vs-brighton/22-10-2022/1205956,Manchester City,Brighton,2022-10-22T15:00:00,Regular goal,2-1,Leandro Trossard,53,0
https://www.xscores.com/soccer/match/manchester-city-vs-brighton/22-10-2022/1205956,Manchester City,Brighton,2022-10-22T15:00:00,Regular goal,3-1,Kevin De Bruyne,75,0
https://www.xscores.com/soccer/match/chelsea-vs-manchester-united/22-10-2022/1205959,Chelsea,Manchester United,2022-10-22T17:30:00,Penalty,1-0,Jorginho,87,0
https://www.xscores.com/soccer/match/chelsea-vs-manchester-united/22-10-2022/1205959,Chelsea,Manchester United,2022-10-22T17:30:00,Regular goal,1-1,Casemiro,90,4
https://www.xscores.com/soccer/match/aston-villa-vs-brentford/23-10-2022/1205961,Aston Villa,Brentford,2022-10-23T14:00:00,Regular goal,1-0,Leon Bailey,2,0
https://www.xscores.com/soccer/match/aston-villa-vs-brentford/23-10-2022/1205961,Aston Villa,Brentford,2022-10-23T14:00:00,Regular goal,2-0,Danny Ings,7,0
https://www.xscores.com/soccer/match/aston-villa-vs-brentford/23-10-2022/1205961,Aston Villa,Brentford,2022-10-23T14:00:00,Penalty,3-0,Danny Ings,14,0
https://www.xscores.com/soccer/match/aston-villa-vs-brentford/23-10-2022/1205961,Aston Villa,Brentford,2022-10-23T14:00:00,Regular goal,4-0,Ollie Watkins,59,0
https://www.xscores.com/soccer/match/leeds-vs-fulham/23-10-2022/1205957,Leeds,Fulham,2022-10-23T14:00:00,Regular goal,1-0,Rodrigo,20,0
https://www.xscores.com/soccer/match/leeds-vs-fulham/23-10-2022/1205957,Leeds,Fulham,2022-10-23T14:00:00,Regular goal,1-1,Aleksandar Mitrovic,26,0
https://www.xscores.com/soccer/match/leeds-vs-fulham/23-10-2022/1205957,Leeds,Fulham,2022-10-23T14:00:00,Regular goal,1-2,Bobby Reid,74,0
https://www.xscores.com/soccer/match/leeds-vs-fulham/23-10-2022/1205957,Leeds,Fulham,2022-10-23T14:00:00,Regular goal,1-3,Willian,84,0
https://www.xscores.com/soccer/match/leeds-vs-fulham/23-10-2022/1205957,Leeds,Fulham,2022-10-23T14:00:00,Regular goal,2-3,Crysencio Summerville,90,1
https://www.xscores.com/soccer/match/southampton-vs-arsenal/23-10-2022/1205950,Southampton,Arsenal,2022-10-23T14:00:00,Regular goal,0-1,Granit Xhaka,11,0
https://www.xscores.com/soccer/match/southampton-vs-arsenal/23-10-2022/1205950,Southampton,Arsenal,2022-10-23T14:00:00,Regular goal,1-1,Stuart Armstrong,65,0
https://www.xscores.com/soccer/match/wolverhampton-vs-leicester/23-10-2022/1205953,Wolverhampton,Leicester,2022-10-23T14:00:00,Regular goal,0-1,Youri Tielemans,8,0
https://www.xscores.com/soccer/match/wolverhampton-vs-leicester/23-10-2022/1205953,Wolverhampton,Leicester,2022-10-23T14:00:00,Regular goal,0-2,Harvey Barnes,19,0
https://www.xscores.com/soccer/match/wolverhampton-vs-leicester/23-10-2022/1205953,Wolverhampton,Leicester,2022-10-23T14:00:00,Regular goal,0-3,James Maddison,65,0
https://www.xscores.com/soccer/match/wolverhampton-vs-leicester/23-10-2022/1205953,Wolverhampton,Leicester,2022-10-23T14:00:00,Regular goal,0-4,Jamie Vardy,79,0
https://www.xscores.com/soccer/match/tottenham-vs-newcastle/23-10-2022/1205951,Tottenham,Newcastle,2022-10-23T16:30:00,Regular goal,0-1,Callum Wilson,31,0
https://www.xscores.com/soccer/match/tottenham-vs-newcastle/23-10-2022/1205951,Tottenham,Newcastle,2022-10-23T16:30:00,Regular goal,0-2,Miguel Almiron,40,0
https://www.xscores.com/soccer/match/tottenham-vs-newcastle/23-10-2022/1205951,Tottenham,Newcastle,2022-10-23T16:30:00,Regular goal,1-2,Harry Kane,54,0
https://www.xscores.com/soccer/match/west-ham-vs-bournemouth/24-10-2022/1205952,West Ham,Bournemouth,2022-10-24T20:00:00,Regular goal,1-0,Kurt Zouma,45,0
https://www.xscores.com/soccer/match/west-ham-vs-bournemouth/24-10-2022/1205952,West Ham,Bournemouth,2022-10-24T20:00:00,Penalty,2-0,Said Benrahma,90,2
https://www.xscores.com/soccer/match/leicester-vs-manchester-city/29-10-2022/1205966,Leicester,Manchester City,2022-10-29T12:30:00,Regular goal,0-1,Kevin De Bruyne,49,0
https://www.xscores.com/soccer/match/bournemouth-vs-tottenham/29-10-2022/1205971,Bournemouth,Tottenham,2022-10-29T15:00:00,Regular goal,1-0,Kieffer Moore,22,0
https://www.xscores.com/soccer/match/bournemouth-vs-tottenham/29-10-2022/1205971,Bournemouth,Tottenham,2022-10-29T15:00:00,Regular goal,2-0,Kieffer Moore,49,0
https://www.xscores.com/soccer/match/bournemouth-vs-tottenham/29-10-2022/1205971,Bournemouth,Tottenham,2022-10-29T15:00:00,Regular goal,2-1,Ryan Sessegnon,57,0
https://www.xscores.com/soccer/match/bournemouth-vs-tottenham/29-10-2022/1205971,Bournemouth,Tottenham,2022-10-29T15:00:00,Regular goal,2-2,Ben Davies,73,0
https://www.xscores.com/soccer/match/bournemouth-vs-tottenham/29-10-2022/1205971,Bournemouth,Tottenham,2022-10-29T15:00:00,Regular goal,2-3,Rodrigo Bentancur,90,2
https://www.xscores.com/soccer/match/brentford-vs-wolverhampton/29-10-2022/1205970,Brentford,Wolverhampton,2022-10-29T15:00:00,Regular goal,1-0,Ben Mee,50,0
https://www.xscores.com/soccer/match/brentford-vs-wolverhampton/29-10-2022/1205970,Brentford,Wolverhampton,2022-10-29T15:00:00,Regular goal,1-1,Ruben Neves,52,0
https://www.xscores.com/soccer/match/brighton-vs-chelsea/29-10-2022/1205969,Brighton,Chelsea,2022-10-29T15:00:00,Regular goal,1-0,Leandro Trossard,5,0
https://www.xscores.com/soccer/match/brighton-vs-chelsea/29-10-2022/1205969,Brighton,Chelsea,2022-10-29T15:00:00,Own goal,2-0,Ruben Loftus-Cheek,14,0
https://www.xscores.com/soccer/match/brighton-vs-chelsea/29-10-2022/1205969,Brighton,Chelsea,2022-10-29T15:00:00,Own goal,3-0,Trevoh Chalobah,42,0
https://www.xscores.com/soccer/match/brighton-vs-chelsea/29-10-2022/1205969,Brighton,Chelsea,2022-10-29T15:00:00,Regular goal,3-1,Kai Havertz,48,0
https://www.xscores.com/soccer/match/brighton-vs-chelsea/29-10-2022/1205969,Brighton,Chelsea,2022-10-29T15:00:00,Regular goal,4-1,Pascal Gross,90,2
https://www.xscores.com/soccer/match/crystal-palace-vs-southampton/29-10-2022/1205968,Crystal Palace,Southampton,2022-10-29T15:00:00,Regular goal,1-0,Odsonne Edouard,38,0
https://www.xscores.com/soccer/match/newcastle-vs-aston-villa/29-10-2022/1205974,Newcastle,Aston Villa,2022-10-29T15:00:00,Penalty,1-0,Callum Wilson,45,6
https://www.xscores.com/soccer/match/newcastle-vs-aston-villa/29-10-2022/1205974,Newcastle,Aston Villa,2022-10-29T15:00:00,Regular goal,2-0,Callum Wilson,56,0
https://www.xscores.com/soccer/match/newcastle-vs-aston-villa/29-10-2022/1205974,Newcastle,Aston Villa,2022-10-29T15:00:00,Regular goal,3-0,Joelinton,59,0
https://www.xscores.com/soccer/match/newcastle-vs-aston-villa/29-10-2022/1205974,Newcastle,Aston Villa,2022-10-29T15:00:00,Regular goal,4-0,Miguel Almiron,67,0
https://www.xscores.com/soccer/match/liverpool-vs-leeds/29-10-2022/1205972,Liverpool,Leeds,2022-10-29T19:45:00,Regular goal,0-1,Rodrigo,4,0
https://www.xscores.com/soccer/match/liverpool-vs-leeds/29-10-2022/1205972,Liverpool,Leeds,2022-10-29T19:45:00,Regular goal,1-1,Mohamed Salah,14,0
https://www.xscores.com/soccer/match/liverpool-vs-leeds/29-10-2022/1205972,Liverpool,Leeds,2022-10-29T19:45:00,Regular goal,1-2,Crysencio Summerville,89,0
https://www.xscores.com/soccer/match/arsenal-vs-nottingham-forest/30-10-2022/1205954,Arsenal,Nottingham Forest,2022-10-30T14:00:00,Regular goal,1-0,Gabriel Martinelli,5,0
https://www.xscores.com/soccer/match/arsenal-vs-nottingham-forest/30-10-2022/1205954,Arsenal,Nottingham Forest,2022-10-30T14:00:00,Regular goal,2-0,Reiss Nelson,49,0
https://www.xscores.com/soccer/match/arsenal-vs-nottingham-forest/30-10-2022/1205954,Arsenal,Nottingham Forest,2022-10-30T14:00:00,Regular goal,3-0,Reiss Nelson,52,0
https://www.xscores.com/soccer/match/arsenal-vs-nottingham-forest/30-10-2022/1205954,Arsenal,Nottingham Forest,2022-10-30T14:00:00,Regular goal,4-0,Thomas Partey,57,0
https://www.xscores.com/soccer/match/arsenal-vs-nottingham-forest/30-10-2022/1205954,Arsenal,Nottingham Forest,2022-10-30T14:00:00,Regular goal,5-0,Martin Oedegaard,78,0
https://www.xscores.com/soccer/match/manchester-united-vs-west-ham/30-10-2022/1205973,Manchester United,West Ham,2022-10-30T16:15:00,Regular goal,1-0,Marcus Rashford,38,0
https://www.xscores.com/soccer/match/leeds-vs-bournemouth/05-11-2022/1205978,Leeds,Bournemouth,2022-11-05T15:00:00,Penalty,1-0,Rodrigo,3,0
https://www.xscores.com/soccer/match/leeds-vs-bournemouth/05-11-2022/1205978,Leeds,Bournemouth,2022-11-05T15:00:00,Regular goal,1-1,Marcus Tavernier,7,0
https://www.xscores.com/soccer/match/leeds-vs-bournemouth/05-11-2022/1205978,Leeds,Bournemouth,2022-11-05T15:00:00,Regular goal,1-2,Philip Billing,19,0
https://www.xscores.com/soccer/match/leeds-vs-bournemouth/05-11-2022/1205978,Leeds,Bournemouth,2022-11-05T15:00:00,Regular goal,1-3,Dominic Solanke,48,0
https://www.xscores.com/soccer/match/leeds-vs-bournemouth/05-11-2022/1205978,Leeds,Bournemouth,2022-11-05T15:00:00,Regular goal,2-3,Sam Greenwood,60,0
https://www.xscores.com/soccer/match/leeds-vs-bournemouth/05-11-2022/1205978,Leeds,Bournemouth,2022-11-05T15:00:00,Regular goal,3-3,Liam Cooper,68,0
https://www.xscores.com/soccer/match/leeds-vs-bournemouth/05-11-2022/1205978,Leeds,Bournemouth,2022-11-05T15:00:00,Regular goal,4-3,Crysencio Summerville,84,0
https://www.xscores.com/soccer/match/manchester-city-vs-fulham/05-11-2022/1205991,Manchester City,Fulham,2022-11-05T15:00:00,Regular goal,1-0,Julian Alvarez,17,0
https://www.xscores.com/soccer/match/manchester-city-vs-fulham/05-11-2022/1205991,Manchester City,Fulham,2022-11-05T15:00:00,Penalty,1-1,Andreas Pereira,28,0
https://www.xscores.com/soccer/match/manchester-city-vs-fulham/05-11-2022/1205991,Manchester City,Fulham,2022-11-05T15:00:00,Penalty,2-1,Erling Haaland,90,5
https://www.xscores.com/soccer/match/nottingham-forest-vs-brentford/05-11-2022/1205990,Nottingham Forest,Brentford,2022-11-05T15:00:00,Regular goal,1-0,Morgan Gibbs-White,20,0
https://www.xscores.com/soccer/match/nottingham-forest-vs-brentford/05-11-2022/1205990,Nottingham Forest,Brentford,2022-11-05T15:00:00,Penalty,1-1,Bryan Mbeumo,45,3
https://www.xscores.com/soccer/match/nottingham-forest-vs-brentford/05-11-2022/1205990,Nottingham Forest,Brentford,2022-11-05T15:00:00,Regular goal,1-2,Yoane Wissa,75,0
https://www.xscores.com/soccer/match/nottingham-forest-vs-brentford/05-11-2022/1205990,Nottingham Forest,Brentford,2022-11-05T15:00:00,Own goal,2-2,Mathias Joergensen,90,6
https://www.xscores.com/soccer/match/wolverhampton-vs-brighton/05-11-2022/1205994,Wolverhampton,Brighton,2022-11-05T15:00:00,Regular goal,0-1,Adam Lallana,10,0
https://www.xscores.com/soccer/match/wolverhampton-vs-brighton/05-11-2022/1205994,Wolverhampton,Brighton,2022-11-05T15:00:00,Regular goal,1-1,Goncalo Guedes,12,0
https://www.xscores.com/soccer/match/wolverhampton-vs-brighton/05-11-2022/1205994,Wolverhampton,Brighton,2022-11-05T15:00:00,Penalty,2-1,Ruben Neves,35,0
https://www.xscores.com/soccer/match/wolverhampton-vs-brighton/05-11-2022/1205994,Wolverhampton,Brighton,2022-11-05T15:00:00,Regular goal,2-2,Kaoru Mitoma,44,0
https://www.xscores.com/soccer/match/wolverhampton-vs-brighton/05-11-2022/1205994,Wolverhampton,Brighton,2022-11-05T15:00:00,Regular goal,2-3,Pascal Gross,83,0
https://www.xscores.com/soccer/match/everton-vs-leicester/05-11-2022/1205977,Everton,Leicester,2022-11-05T17:30:00,Regular goal,0-1,Youri Tielemans,45,0
https://www.xscores.com/soccer/match/everton-vs-leicester/05-11-2022/1205977,Everton,Leicester,2022-11-05T17:30:00,Regular goal,0-2,Harvey Barnes,86,0
https://www.xscores.com/soccer/match/chelsea-vs-arsenal/06-11-2022/1205976,Chelsea,Arsenal,2022-11-06T12:00:00,Regular goal,0-1,Gabriel,63,0
https://www.xscores.com/soccer/match/aston-villa-vs-manchester-united/06-11-2022/1205975,Aston Villa,Manchester United,2022-11-06T14:00:00,Regular goal,1-0,Leon Bailey,7,0
https://www.xscores.com/soccer/match/aston-villa-vs-manchester-united/06-11-2022/1205975,Aston Villa,Manchester United,2022-11-06T14:00:00,Regular goal,2-0,Lucas Digne,11,0
https://www.xscores.com/soccer/match/aston-villa-vs-manchester-united/06-11-2022/1205975,Aston Villa,Manchester United,2022-11-06T14:00:00,Own goal,2-1,Jacob Ramsey,45,0
https://www.xscores.com/soccer/match/aston-villa-vs-manchester-united/06-11-2022/1205975,Aston Villa,Manchester United,2022-11-06T14:00:00,Regular goal,3-1,Jacob Ramsey,49,0
https://www.xscores.com/soccer/match/southampton-vs-newcastle/06-11-2022/1205989,Southampton,Newcastle,2022-11-06T14:00:00,Regular goal,0-1,Miguel Almiron,35,0
https://www.xscores.com/soccer/match/southampton-vs-newcastle/06-11-2022/1205989,Southampton,Newcastle,2022-11-06T14:00:00,Regular goal,0-2,Chris Wood,58,0
https://www.xscores.com/soccer/match/southampton-vs-newcastle/06-11-2022/1205989,Southampton,Newcastle,2022-11-06T14:00:00,Regular goal,0-3,Joseph Willock,62,0
https://www.xscores.com/soccer/match/southampton-vs-newcastle/06-11-2022/1205989,Southampton,Newcastle,2022-11-06T14:00:00,Regular goal,1-3,Romain Perraud,89,0
https://www.xscores.com/soccer/match/southampton-vs-newcastle/06-11-2022/1205989,Southampton,Newcastle,2022-11-06T14:00:00,Regular goal,1-4,Bruno Guimaraes,90,1
https://www.xscores.com/soccer/match/west-ham-vs-crystal-palace/06-11-2022/1205993,West Ham,Crystal Palace,2022-11-06T14:00:00,Regular goal,1-0,Said Benrahma,20,0
https://www.xscores.com/soccer/match/west-ham-vs-crystal-palace/06-11-2022/1205993,West Ham,Crystal Palace,2022-11-06T14:00:00,Regular goal,1-1,Wilfried Zaha,41,0
https://www.xscores.com/soccer/match/west-ham-vs-crystal-palace/06-11-2022/1205993,West Ham,Crystal Palace,2022-11-06T14:00:00,Regular goal,1-2,Michael Olise,90,4
https://www.xscores.com/soccer/match/tottenham-vs-liverpool/06-11-2022/1205992,Tottenham,Liverpool,2022-11-06T16:30:00,Regular goal,0-1,Mohamed Salah,11,0
https://www.xscores.com/soccer/match/tottenham-vs-liverpool/06-11-2022/1205992,Tottenham,Liverpool,2022-11-06T16:30:00,Regular goal,0-2,Mohamed Salah,40,0
https://www.xscores.com/soccer/match/tottenham-vs-liverpool/06-11-2022/1205992,Tottenham,Liverpool,2022-11-06T16:30:00,Regular goal,1-2,Harry Kane,70,0
https://www.xscores.com/soccer/match/manchester-city-vs-brentford/12-11-2022/1205979,Manchester City,Brentford,2022-11-12T12:30:00,Regular goal,0-1,Ivan Toney,16,0
https://www.xscores.com/soccer/match/manchester-city-vs-brentford/12-11-2022/1205979,Manchester City,Brentford,2022-11-12T12:30:00,Regular goal,1-1,Phil Foden,45,1
https://www.xscores.com/soccer/match/manchester-city-vs-brentford/12-11-2022/1205979,Manchester City,Brentford,2022-11-12T12:30:00,Regular goal,1-2,Ivan Toney,90,8
https://www.xscores.com/soccer/match/bournemouth-vs-everton/12-11-2022/1205995,Bournemouth,Everton,2022-11-12T15:00:00,Regular goal,1-0,Marcus Tavernier,18,0
https://www.xscores.com/soccer/match/bournemouth-vs-everton/12-11-2022/1205995,Bournemouth,Everton,2022-11-12T15:00:00,Regular goal,2-0,Kieffer Moore,25,0
https://www.xscores.com/soccer/match/bournemouth-vs-everton/12-11-2022/1205995,Bournemouth,Everton,2022-11-12T15:00:00,Regular goal,3-0,Jaidon Anthony,69,0
https://www.xscores.com/soccer/match/liverpool-vs-southampton/12-11-2022/1205987,Liverpool,Southampton,2022-11-12T15:00:00,Regular goal,1-0,Roberto Firmino,6,0
https://www.xscores.com/soccer/match/liverpool-vs-southampton/12-11-2022/1205987,Liverpool,Southampton,2022-11-12T15:00:00,Regular goal,1-1,Che Adams,9,0
https://www.xscores.com/soccer/match/liverpool-vs-southampton/12-11-2022/1205987,Liverpool,Southampton,2022-11-12T15:00:00,Regular goal,2-1,Darwin Nunez,21,0
https://www.xscores.com/soccer/match/liverpool-vs-southampton/12-11-2022/1205987,Liverpool,Southampton,2022-11-12T15:00:00,Regular goal,3-1,Darwin Nunez,42,0
https://www.xscores.com/soccer/match/nottingham-forest-vs-crystal-palace/12-11-2022/1205981,Nottingham Forest,Crystal Palace,2022-11-12T15:00:00,Regular goal,1-0,Morgan Gibbs-White,54,0
https://www.xscores.com/soccer/match/tottenham-vs-leeds/12-11-2022/1205982,Tottenham,Leeds,2022-11-12T15:00:00,Regular goal,0-1,Crysencio Summerville,10,0
https://www.xscores.com/soccer/match/tottenham-vs-leeds/12-11-2022/1205982,Tottenham,Leeds,2022-11-12T15:00:00,Regular goal,1-1,Harry Kane,25,0
https://www.xscores.com/soccer/match/tottenham-vs-leeds/12-11-2022/1205982,Tottenham,Leeds,2022-11-12T15:00:00,Regular goal,1-2,Rodrigo,43,0
https://www.xscores.com/soccer/match/tottenham-vs-leeds/12-11-2022/1205982,Tottenham,Leeds,2022-11-12T15:00:00,Regular goal,2-2,Ben Davies,51,0
https://www.xscores.com/soccer/match/tottenham-vs-leeds/12-11-2022/1205982,Tottenham,Leeds,2022-11-12T15:00:00,Regular goal,2-3,Rodrigo,76,0
https://www.xscores.com/soccer/match/tottenham-vs-leeds/12-11-2022/1205982,Tottenham,Leeds,2022-11-12T15:00:00,Regular goal,3-3,Rodrigo Bentancur,81,0
https://www.xscores.com/soccer/match/tottenham-vs-leeds/12-11-2022/1205982,Tottenham,Leeds,2022-11-12T15:00:00,Regular goal,4-3,Rodrigo Bentancur,83,0
https://www.xscores.com/soccer/match/west-ham-vs-leicester/12-11-2022/1206006,West Ham,Leicester,2022-11-12T15:00:00,Regular goal,0-1,James Maddison,8,0
https://www.xscores.com/soccer/match/west-ham-vs-leicester/12-11-2022/1206006,West Ham,Leicester,2022-11-12T15:00:00,Regular goal,0-2,Harvey Barnes,78,0
https://www.xscores.com/soccer/match/newcastle-vs-chelsea/12-11-2022/1205980,Newcastle,Chelsea,2022-11-12T17:30:00,Regular goal,1-0,Joseph Willock,67,0
https://www.xscores.com/soccer/match/wolverhampton-vs-arsenal/12-11-2022/1206005,Wolverhampton,Arsenal,2022-11-12T19:45:00,Regular goal,0-1,Martin Oedegaard,55,0
https://www.xscores.com/soccer/match/wolverhampton-vs-arsenal/12-11-2022/1206005,Wolverhampton,Arsenal,2022-11-12T19:45:00,Regular goal,0-2,Martin Oedegaard,75,0
https://www.xscores.com/soccer/match/brighton-vs-aston-villa/13-11-2022/1205996,Brighton,Aston Villa,2022-11-13T14:00:00,Regular goal,1-0,Alexis Mac Allister,1,0
https://www.xscores.com/soccer/match/brighton-vs-aston-villa/13-11-2022/1205996,Brighton,Aston Villa,2022-11-13T14:00:00,Penalty,1-1,Danny Ings,20,0
https://www.xscores.com/soccer/match/brighton-vs-aston-villa/13-11-2022/1205996,Brighton,Aston Villa,2022-11-13T14:00:00,Regular goal,1-2,Danny Ings,54,0
https://www.xscores.com/soccer/match/fulham-vs-manchester-united/13-11-2022/1205988,Fulham,Manchester United,2022-11-13T16:30:00,Regular goal,0-1,Christian Eriksen,14,0
https://www.xscores.com/soccer/match/fulham-vs-manchester-united/13-11-2022/1205988,Fulham,Manchester United,2022-11-13T16:30:00,Regular goal,1-1,Daniel James,61,0
https://www.xscores.com/soccer/match/fulham-vs-manchester-united/13-11-2022/1205988,Fulham,Manchester United,2022-11-13T16:30:00,Regular goal,1-2,Alejandro Garnacho,90,3
https://www.xscores.com/soccer/match/brentford-vs-tottenham/26-12-2022/1206002,Brentford,Tottenham,2022-12-26T12:30:00,Regular goal,1-0,Vitaly Janelt,15,0
https://www.xscores.com/soccer/match/brentford-vs-tottenham/26-12-2022/1206002,Brentford,Tottenham,2022-12-26T12:30:00,Regular goal,2-0,Ivan Toney,54,0
https://www.xscores.com/soccer/match/brentford-vs-tottenham/26-12-2022/1206002,Brentford,Tottenham,2022-12-26T12:30:00,Regular goal,2-1,Harry Kane,65,0
https://www.xscores.com/soccer/match/brentford-vs-tottenham/26-12-2022/1206002,Brentford,Tottenham,2022-12-26T12:30:00,Regular goal,2-2,Pierre-Emile Hoejbjerg,71,0
https://www.xscores.com/soccer/match/crystal-palace-vs-fulham/26-12-2022/1206000,Crystal Palace,Fulham,2022-12-26T15:00:00,Regular goal,0-1,Bobby Reid,31,0
https://www.xscores.com/soccer/match/crystal-palace-vs-fulham/26-12-2022/1206000,Crystal Palace,Fulham,2022-12-26T15:00:00,Regular goal,0-2,Tim Ream,71,0
https://www.xscores.com/soccer/match/crystal-palace-vs-fulham/26-12-2022/1206000,Crystal Palace,Fulham,2022-12-26T15:00:00,Regular goal,0-3,Aleksandar Mitrovic,80,0
https://www.xscores.com/soccer/match/everton-vs-wolverhampton/26-12-2022/1205983,Everton,Wolverhampton,2022-12-26T15:00:00,Regular goal,1-0,Yerry Mina,7,0
https://www.xscores.com/soccer/match/everton-vs-wolverhampton/26-12-2022/1205983,Everton,Wolverhampton,2022-12-26T15:00:00,Regular goal,1-1,Daniel Podence,22,0
https://www.xscores.com/soccer/match/everton-vs-wolverhampton/26-12-2022/1205983,Everton,Wolverhampton,2022-12-26T15:00:00,Regular goal,1-2,Rayan Ait Nouri,90,5
https://www.xscores.com/soccer/match/leicester-vs-newcastle/26-12-2022/1205985,Leicester,Newcastle,2022-12-26T15:00:00,Penalty,0-1,Chris Wood,3,0
https://www.xscores.com/soccer/match/leicester-vs-newcastle/26-12-2022/1205985,Leicester,Newcastle,2022-12-26T15:00:00,Regular goal,0-2,Miguel Almiron,7,0
https://www.xscores.com/soccer/match/leicester-vs-newcastle/26-12-2022/1205985,Leicester,Newcastle,2022-12-26T15:00:00,Regular goal,0-3,Joelinton,32,0
https://www.xscores.com/soccer/match/southampton-vs-brighton/26-12-2022/1205998,Southampton,Brighton,2022-12-26T15:00:00,Regular goal,0-1,Adam Lallana,14,0
https://www.xscores.com/soccer/match/southampton-vs-brighton/26-12-2022/1205998,Southampton,Brighton,2022-12-26T15:00:00,Own goal,0-2,Romain Perraud,35,0
https://www.xscores.com/soccer/match/southampton-vs-brighton/26-12-2022/1205998,Southampton,Brighton,2022-12-26T15:00:00,Regular goal,0-3,Solly March,56,0
https://www.xscores.com/soccer/match/southampton-vs-brighton/26-12-2022/1205998,Southampton,Brighton,2022-12-26T15:00:00,Regular goal,1-3,James Ward-Prowse,73,0
https://www.xscores.com/soccer/match/aston-villa-vs-liverpool/26-12-2022/1206003,Aston Villa,Liverpool,2022-12-26T17:30:00,Regular goal,0-1,Mohamed Salah,5,0
https://www.xscores.com/soccer/match/aston-villa-vs-liverpool/26-12-2022/1206003,Aston Villa,Liverpool,2022-12-26T17:30:00,Regular goal,0-2,Virgil van Dijk,37,0
https://www.xscores.com/soccer/match/aston-villa-vs-liverpool/26-12-2022/1206003,Aston Villa,Liverpool,2022-12-26T17:30:00,Regular goal,1-2,Ollie Watkins,59,0
https://www.xscores.com/soccer/match/aston-villa-vs-liverpool/26-12-2022/1206003,Aston Villa,Liverpool,2022-12-26T17:30:00,Regular goal,1-3,Stefan Bajcetic,81,0
https://www.xscores.com/soccer/match/arsenal-vs-west-ham/26-12-2022/1206004,Arsenal,West Ham,2022-12-26T20:00:00,Penalty,0-1,Said Benrahma,27,0
https://www.xscores.com/soccer/match/arsenal-vs-west-ham/26-12-2022/1206004,Arsenal,West Ham,2022-12-26T20:00:00,Regular goal,1-1,Bukayo Saka,53,0
https://www.xscores.com/soccer/match/arsenal-vs-west-ham/26-12-2022/1206004,Arsenal,West Ham,2022-12-26T20:00:00,Regular goal,2-1,Gabriel Martinelli,58,0
https://www.xscores.com/soccer/match/arsenal-vs-west-ham/26-12-2022/1206004,Arsenal,West Ham,2022-12-26T20:00:00,Regular goal,3-1,Edward Nketiah,69,0
https://www.xscores.com/soccer/match/chelsea-vs-bournemouth/27-12-2022/1206001,Chelsea,Bournemouth,2022-12-27T17:30:00,Regular goal,1-0,Kai Havertz,16,0
https://www.xscores.com/soccer/match/chelsea-vs-bournemouth/27-12-2022/1206001,Chelsea,Bournemouth,2022-12-27T17:30:00,Regular goal,2-0,Mason Mount,24,0
https://www.xscores.com/soccer/match/manchester-united-vs-nottingham-forest/27-12-2022/1205986,Manchester United,Nottingham Forest,2022-12-27T20:00:00,Regular goal,1-0,Marcus Rashford,19,0
https://www.xscores.com/soccer/match/manchester-united-vs-nottingham-forest/27-12-2022/1205986,Manchester United,Nottingham Forest,2022-12-27T20:00:00,Regular goal,2-0,Anthony Martial,22,0
https://www.xscores.com/soccer/match/manchester-united-vs-nottingham-forest/27-12-2022/1205986,Manchester United,Nottingham Forest,2022-12-27T20:00:00,Regular goal,3-0,Fred,87,0
https://www.xscores.com/soccer/match/leeds-vs-manchester-city/28-12-2022/1205984,Leeds,Manchester City,2022-12-28T20:00:00,Regular goal,0-1,Rodri,45,1
https://www.xscores.com/soccer/match/leeds-vs-manchester-city/28-12-2022/1205984,Leeds,Manchester City,2022-12-28T20:00:00,Regular goal,0-2,Erling Haaland,51,0
https://www.xscores.com/soccer/match/leeds-vs-manchester-city/28-12-2022/1205984,Leeds,Manchester City,2022-12-28T20:00:00,Regular goal,0-3,Erling Haaland,64,0
https://www.xscores.com/soccer/match/leeds-vs-manchester-city/28-12-2022/1205984,Leeds,Manchester City,2022-12-28T20:00:00,Regular goal,1-3,Pascal Struijk,73,0
https://www.xscores.com/soccer/match/west-ham-vs-brentford/30-12-2022/1206015,West Ham,Brentford,2022-12-30T19:45:00,Regular goal,0-1,Ivan Toney,18,0
https://www.xscores.com/soccer/match/west-ham-vs-brentford/30-12-2022/1206015,West Ham,Brentford,2022-12-30T19:45:00,Regular goal,0-2,Joshua Dasilva,43,0
https://www.xscores.com/soccer/match/liverpool-vs-leicester/30-12-2022/1206016,Liverpool,Leicester,2022-12-30T20:00:00,Regular goal,0-1,Kiernan Dewsbury-Hall,4,0
https://www.xscores.com/soccer/match/liverpool-vs-leicester/30-12-2022/1206016,Liverpool,Leicester,2022-12-30T20:00:00,Own goal,1-1,Wout Faes,38,0
https://www.xscores.com/soccer/match/liverpool-vs-leicester/30-12-2022/1206016,Liverpool,Leicester,2022-12-30T20:00:00,Own goal,2-1,Wout Faes,45,0
https://www.xscores.com/soccer/match/wolverhampton-vs-manchester-united/31-12-2022/1206014,Wolverhampton,Manchester United,2022-12-31T12:30:00,Regular goal,0-1,Marcus Rashford,76,0
https://www.xscores.com/soccer/match/bournemouth-vs-crystal-palace/31-12-2022/1205999,Bournemouth,Crystal Palace,2022-12-31T15:00:00,Regular goal,0-1,Jordan Ayew,19,0
https://www.xscores.com/soccer/match/bournemouth-vs-crystal-palace/31-12-2022/1205999,Bournemouth,Crystal Palace,2022-12-31T15:00:00,Regular goal,0-2,Eberechi Eze,36,0
https://www.xscores.com/soccer/match/fulham-vs-southampton/31-12-2022/1206007,Fulham,Southampton,2022-12-31T15:00:00,Own goal,1-0,James Ward-Prowse,32,0
https://www.xscores.com/soccer/match/fulham-vs-southampton/31-12-2022/1206007,Fulham,Southampton,2022-12-31T15:00:00,Regular goal,1-1,James Ward-Prowse,56,0
https://www.xscores.com/soccer/match/fulham-vs-southampton/31-12-2022/1206007,Fulham,Southampton,2022-12-31T15:00:00,Regular goal,2-1,Joao Palhinha,88,0
https://www.xscores.com/soccer/match/manchester-city-vs-everton/31-12-2022/1206017,Manchester City,Everton,2022-12-31T15:00:00,Regular goal,1-0,Erling Haaland,24,0
https://www.xscores.com/soccer/match/manchester-city-vs-everton/31-12-2022/1206017,Manchester City,Everton,2022-12-31T15:00:00,Regular goal,1-1,Demarai Gray,64,0
https://www.xscores.com/soccer/match/brighton-vs-arsenal/31-12-2022/1205997,Brighton,Arsenal,2022-12-31T17:30:00,Regular goal,0-1,Bukayo Saka,2,0
https://www.xscores.com/soccer/match/brighton-vs-arsenal/31-12-2022/1205997,Brighton,Arsenal,2022-12-31T17:30:00,Regular goal,0-2,Martin Oedegaard,39,0
https://www.xscores.com/soccer/match/brighton-vs-arsenal/31-12-2022/1205997,Brighton,Arsenal,2022-12-31T17:30:00,Regular goal,0-3,Edward Nketiah,47,0
https://www.xscores.com/soccer/match/brighton-vs-arsenal/31-12-2022/1205997,Brighton,Arsenal,2022-12-31T17:30:00,Regular goal,1-3,Kaoru Mitoma,65,0
https://www.xscores.com/soccer/match/brighton-vs-arsenal/31-12-2022/1205997,Brighton,Arsenal,2022-12-31T17:30:00,Regular goal,1-4,Gabriel Martinelli,71,0
https://www.xscores.com/soccer/match/brighton-vs-arsenal/31-12-2022/1205997,Brighton,Arsenal,2022-12-31T17:30:00,Regular goal,2-4,Evan Ferguson,77,0
https://www.xscores.com/soccer/match/tottenham-vs-aston-villa/01-01-2023/1206020,Tottenham,Aston Villa,2023-01-01T14:00:00,Regular goal,0-1,Emiliano Buendia,50,0
https://www.xscores.com/soccer/match/tottenham-vs-aston-villa/01-01-2023/1206020,Tottenham,Aston Villa,2023-01-01T14:00:00,Regular goal,0-2,Douglas Luiz,73,0
https://www.xscores.com/soccer/match/nottingham-forest-vs-chelsea/01-01-2023/1206019,Nottingham Forest,Chelsea,2023-01-01T16:30:00,Regular goal,0-1,Raheem Sterling,16,0
https://www.xscores.com/soccer/match/nottingham-forest-vs-chelsea/01-01-2023/1206019,Nottingham Forest,Chelsea,2023-01-01T16:30:00,Regular goal,1-1,Serge Aurier,63,0
https://www.xscores.com/soccer/match/brentford-vs-liverpool/02-01-2023/1206009,Brentford,Liverpool,2023-01-02T17:30:00,Own goal,1-0,Ibrahima Konate,19,0
https://www.xscores.com/soccer/match/brentford-vs-liverpool/02-01-2023/1206009,Brentford,Liverpool,2023-01-02T17:30:00,Regular goal,2-0,Yoane Wissa,42,0
https://www.xscores.com/soccer/match/brentford-vs-liverpool/02-01-2023/1206009,Brentford,Liverpool,2023-01-02T17:30:00,Regular goal,2-1,Alex Oxlade-Chamberlain,50,0
https://www.xscores.com/soccer/match/brentford-vs-liverpool/02-01-2023/1206009,Brentford,Liverpool,2023-01-02T17:30:00,Regular goal,3-1,Bryan Mbeumo,84,0
https://www.xscores.com/soccer/match/everton-vs-brighton/03-01-2023/1206012,Everton,Brighton,2023-01-03T19:45:00,Regular goal,0-1,Kaoru Mitoma,14,0
https://www.xscores.com/soccer/match/everton-vs-brighton/03-01-2023/1206012,Everton,Brighton,2023-01-03T19:45:00,Regular goal,0-2,Evan Ferguson,51,0
https://www.xscores.com/soccer/match/everton-vs-brighton/03-01-2023/1206012,Everton,Brighton,2023-01-03T19:45:00,Regular goal,0-3,Solly March,54,0
https://www.xscores.com/soccer/match/everton-vs-brighton/03-01-2023/1206012,Everton,Brighton,2023-01-03T19:45:00,Regular goal,0-4,Pascal Gross,57,0
https://www.xscores.com/soccer/match/everton-vs-brighton/03-01-2023/1206012,Everton,Brighton,2023-01-03T19:45:00,Penalty,1-4,Demarai Gray,90,2
https://www.xscores.com/soccer/match/leicester-vs-fulham/03-01-2023/1206030,Leicester,Fulham,2023-01-03T19:45:00,Regular goal,0-1,Aleksandar Mitrovic,17,0
https://www.xscores.com/soccer/match/manchester-united-vs-bournemouth/03-01-2023/1206029,Manchester United,Bournemouth,2023-01-03T20:00:00,Regular goal,1-0,Casemiro,23,0
https://www.xscores.com/soccer/match/manchester-united-vs-bournemouth/03-01-2023/1206029,Manchester United,Bournemouth,2023-01-03T20:00:00,Regular goal,2-0,Luke Shaw,49,0
https://www.xscores.com/soccer/match/manchester-united-vs-bournemouth/03-01-2023/1206029,Manchester United,Bournemouth,2023-01-03T20:00:00,Regular goal,3-0,Marcus Rashford,86,0
https://www.xscores.com/soccer/match/southampton-vs-nottingham-forest/04-01-2023/1206028,Southampton,Nottingham Forest,2023-01-04T19:30:00,Regular goal,0-1,Taiwo Awoniyi,27,0
https://www.xscores.com/soccer/match/leeds-vs-west-ham/04-01-2023/1206031,Leeds,West Ham,2023-01-04T19:45:00,Regular goal,1-0,Wilfried Gnonto,27,0
https://www.xscores.com/soccer/match/leeds-vs-west-ham/04-01-2023/1206031,Leeds,West Ham,2023-01-04T19:45:00,Penalty,1-1,Lucas Paqueta,45,0
https://www.xscores.com/soccer/match/leeds-vs-west-ham/04-01-2023/1206031,Leeds,West Ham,2023-01-04T19:45:00,Regular goal,1-2,Gianluca Scamacca,46,0
https://www.xscores.com/soccer/match/leeds-vs-west-ham/04-01-2023/1206031,Leeds,West Ham,2023-01-04T19:45:00,Regular goal,2-2,Rodrigo,70,0
https://www.xscores.com/soccer/match/aston-villa-vs-wolverhampton/04-01-2023/1206008,Aston Villa,Wolverhampton,2023-01-04T20:00:00,Regular goal,0-1,Daniel Podence,12,0
https://www.xscores.com/soccer/match/aston-villa-vs-wolverhampton/04-01-2023/1206008,Aston Villa,Wolverhampton,2023-01-04T20:00:00,Regular goal,1-1,Danny Ings,78,0
https://www.xscores.com/soccer/match/crystal-palace-vs-tottenham/04-01-2023/1206011,Crystal Palace,Tottenham,2023-01-04T20:00:00,Regular goal,0-1,Harry Kane,48,0
https://www.xscores.com/soccer/match/crystal-palace-vs-tottenham/04-01-2023/1206011,Crystal Palace,Tottenham,2023-01-04T20:00:00,Regular goal,0-2,Harry Kane,53,0
https://www.xscores.com/soccer/match/crystal-palace-vs-tottenham/04-01-2023/1206011,Crystal Palace,Tottenham,2023-01-04T20:00:00,Regular goal,0-3,Matt Doherty,68,0
https://www.xscores.com/soccer/match/crystal-palace-vs-tottenham/04-01-2023/1206011,Crystal Palace,Tottenham,2023-01-04T20:00:00,Regular goal,0-4,Heung-Min Son,72,0
https://www.xscores.com/soccer/match/chelsea-vs-manchester-city/05-01-2023/1206010,Chelsea,Manchester City,2023-01-05T20:00:00,Regular goal,0-1,Riyad Mahrez,63,0
https://www.xscores.com/soccer/match/aston-villa-vs-leeds/13-01-2023/1206027,Aston Villa,Leeds,2023-01-13T20:00:00,Regular goal,1-0,Leon Bailey,3,0
https://www.xscores.com/soccer/match/aston-villa-vs-leeds/13-01-2023/1206027,Aston Villa,Leeds,2023-01-13T20:00:00,Regular goal,2-0,Emiliano Buendia,64,0
https://www.xscores.com/soccer/match/aston-villa-vs-leeds/13-01-2023/1206027,Aston Villa,Leeds,2023-01-13T20:00:00,Regular goal,2-1,Patrick Bamford,83,0
https://www.xscores.com/soccer/match/manchester-united-vs-manchester-city/14-01-2023/1206022,Manchester United,Manchester City,2023-01-14T12:30:00,Regular goal,0-1,Jack Grealish,60,0
https://www.xscores.com/soccer/match/manchester-united-vs-manchester-city/14-01-2023/1206022,Manchester United,Manchester City,2023-01-14T12:30:00,Regular goal,1-1,Bruno Fernandes,78,0
https://www.xscores.com/soccer/match/manchester-united-vs-manchester-city/14-01-2023/1206022,Manchester United,Manchester City,2023-01-14T12:30:00,Regular goal,2-1,Marcus Rashford,82,0
https://www.xscores.com/soccer/match/brighton-vs-liverpool/14-01-2023/1206025,Brighton,Liverpool,2023-01-14T15:00:00,Regular goal,1-0,Solly March,46,0
https://www.xscores.com/soccer/match/brighton-vs-liverpool/14-01-2023/1206025,Brighton,Liverpool,2023-01-14T15:00:00,Regular goal,2-0,Solly March,53,0
https://www.xscores.com/soccer/match/brighton-vs-liverpool/14-01-2023/1206025,Brighton,Liverpool,2023-01-14T15:00:00,Regular goal,3-0,Danny Welbeck,81,0
https://www.xscores.com/soccer/match/everton-vs-southampton/14-01-2023/1206023,Everton,Southampton,2023-01-14T15:00:00,Regular goal,1-0,Amadou Onana,39,0
https://www.xscores.com/soccer/match/everton-vs-southampton/14-01-2023/1206023,Everton,Southampton,2023-01-14T15:00:00,Regular goal,1-1,James Ward-Prowse,46,0
https://www.xscores.com/soccer/match/everton-vs-southampton/14-01-2023/1206023,Everton,Southampton,2023-01-14T15:00:00,Regular goal,1-2,James Ward-Prowse,78,0
https://www.xscores.com/soccer/match/nottingham-forest-vs-leicester/14-01-2023/1206043,Nottingham Forest,Leicester,2023-01-14T15:00:00,Regular goal,1-0,Brennan Johnson,56,0
https://www.xscores.com/soccer/match/nottingham-forest-vs-leicester/14-01-2023/1206043,Nottingham Forest,Leicester,2023-01-14T15:00:00,Regular goal,2-0,Brennan Johnson,84,0
https://www.xscores.com/soccer/match/wolverhampton-vs-west-ham/14-01-2023/1206041,Wolverhampton,West Ham,2023-01-14T15:00:00,Regular goal,1-0,Daniel Podence,48,0
https://www.xscores.com/soccer/match/brentford-vs-bournemouth/14-01-2023/1206026,Brentford,Bournemouth,2023-01-14T17:30:00,Penalty,1-0,Ivan Toney,39,0
https://www.xscores.com/soccer/match/brentford-vs-bournemouth/14-01-2023/1206026,Brentford,Bournemouth,2023-01-14T17:30:00,Regular goal,2-0,Mathias Jensen,75,0
https://www.xscores.com/soccer/match/chelsea-vs-crystal-palace/15-01-2023/1206024,Chelsea,Crystal Palace,2023-01-15T14:00:00,Regular goal,1-0,Kai Havertz,64,0
https://www.xscores.com/soccer/match/newcastle-vs-fulham/15-01-2023/1206021,Newcastle,Fulham,2023-01-15T14:00:00,Regular goal,1-0,Alexander Isak,89,0
https://www.xscores.com/soccer/match/tottenham-vs-arsenal/15-01-2023/1206042,Tottenham,Arsenal,2023-01-15T16:30:00,Own goal,0-1,Hugo Lloris,14,0
https://www.xscores.com/soccer/match/tottenham-vs-arsenal/15-01-2023/1206042,Tottenham,Arsenal,2023-01-15T16:30:00,Regular goal,0-2,Martin Oedegaard,36,0
https://www.xscores.com/soccer/match/bournemouth-vs-nottingham-forest/21-01-2023/1206039,Bournemouth,Nottingham Forest,2023-01-21T15:00:00,Regular goal,1-0,Jaidon Anthony,28,0
https://www.xscores.com/soccer/match/bournemouth-vs-nottingham-forest/21-01-2023/1206039,Bournemouth,Nottingham Forest,2023-01-21T15:00:00,Regular goal,1-1,Sam Surridge,83,0
https://www.xscores.com/soccer/match/leicester-vs-brighton/21-01-2023/1206033,Leicester,Brighton,2023-01-21T15:00:00,Regular goal,0-1,Kaoru Mitoma,27,0
https://www.xscores.com/soccer/match/leicester-vs-brighton/21-01-2023/1206033,Leicester,Brighton,2023-01-21T15:00:00,Regular goal,1-1,Marc Albrighton,38,0
https://www.xscores.com/soccer/match/leicester-vs-brighton/21-01-2023/1206033,Leicester,Brighton,2023-01-21T15:00:00,Regular goal,2-1,Harvey Barnes,63,0
https://www.xscores.com/soccer/match/leicester-vs-brighton/21-01-2023/1206033,Leicester,Brighton,2023-01-21T15:00:00,Regular goal,2-2,Evan Ferguson,88,0
https://www.xscores.com/soccer/match/southampton-vs-aston-villa/21-01-2023/1206036,Southampton,Aston Villa,2023-01-21T15:00:00,Regular goal,0-1,Ollie Watkins,77,0
https://www.xscores.com/soccer/match/west-ham-vs-everton/21-01-2023/1206044,West Ham,Everton,2023-01-21T15:00:00,Regular goal,1-0,Jarrod Bowen,34,0
https://www.xscores.com/soccer/match/west-ham-vs-everton/21-01-2023/1206044,West Ham,Everton,2023-01-21T15:00:00,Regular goal,2-0,Jarrod Bowen,41,0
https://www.xscores.com/soccer/match/manchester-city-vs-wolverhampton/22-01-2023/1206035,Manchester City,Wolverhampton,2023-01-22T14:00:00,Regular goal,1-0,Erling Haaland,40,0
https://www.xscores.com/soccer/match/manchester-city-vs-wolverhampton/22-01-2023/1206035,Manchester City,Wolverhampton,2023-01-22T14:00:00,Penalty,2-0,Erling Haaland,50,0
https://www.xscores.com/soccer/match/manchester-city-vs-wolverhampton/22-01-2023/1206035,Manchester City,Wolverhampton,2023-01-22T14:00:00,Regular goal,3-0,Erling Haaland,54,0
https://www.xscores.com/soccer/match/arsenal-vs-manchester-united/22-01-2023/1206040,Arsenal,Manchester United,2023-01-22T16:30:00,Regular goal,0-1,Marcus Rashford,17,0
https://www.xscores.com/soccer/match/arsenal-vs-manchester-united/22-01-2023/1206040,Arsenal,Manchester United,2023-01-22T16:30:00,Regular goal,1-1,Edward Nketiah,24,0
https://www.xscores.com/soccer/match/arsenal-vs-manchester-united/22-01-2023/1206040,Arsenal,Manchester United,2023-01-22T16:30:00,Regular goal,2-1,Bukayo Saka,53,0
https://www.xscores.com/soccer/match/arsenal-vs-manchester-united/22-01-2023/1206040,Arsenal,Manchester United,2023-01-22T16:30:00,Regular goal,2-2,Lisandro Martinez,59,0
https://www.xscores.com/soccer/match/arsenal-vs-manchester-united/22-01-2023/1206040,Arsenal,Manchester United,2023-01-22T16:30:00,Regular goal,3-2,Edward Nketiah,90,0
https://www.xscores.com/soccer/match/fulham-vs-tottenham/23-01-2023/1206037,Fulham,Tottenham,2023-01-23T20:15:00,Regular goal,0-1,Harry Kane,45,1
https://www.xscores.com/soccer/match/everton-vs-arsenal/04-02-2023/1206050,Everton,Arsenal,2023-02-04T12:30:00,Regular goal,1-0,James Tarkowski,60,0
https://www.xscores.com/soccer/match/aston-villa-vs-leicester/04-02-2023/1206053,Aston Villa,Leicester,2023-02-04T15:00:00,Regular goal,1-0,Ollie Watkins,9,0
https://www.xscores.com/soccer/match/aston-villa-vs-leicester/04-02-2023/1206053,Aston Villa,Leicester,2023-02-04T15:00:00,Regular goal,1-1,James Maddison,12,0
https://www.xscores.com/soccer/match/aston-villa-vs-leicester/04-02-2023/1206053,Aston Villa,Leicester,2023-02-04T15:00:00,Own goal,2-1,Harry Souttar,32,0
https://www.xscores.com/soccer/match/aston-villa-vs-leicester/04-02-2023/1206053,Aston Villa,Leicester,2023-02-04T15:00:00,Regular goal,2-2,Kelechi Iheanacho,41,0
https://www.xscores.com/soccer/match/aston-villa-vs-leicester/04-02-2023/1206053,Aston Villa,Leicester,2023-02-04T15:00:00,Regular goal,2-3,Tete,45,2
https://www.xscores.com/soccer/match/aston-villa-vs-leicester/04-02-2023/1206053,Aston Villa,Leicester,2023-02-04T15:00:00,Regular goal,2-4,Dennis Praet,79,0
https://www.xscores.com/soccer/match/brentford-vs-southampton/04-02-2023/1206052,Brentford,Southampton,2023-02-04T15:00:00,Regular goal,1-0,Ben Mee,41,0
https://www.xscores.com/soccer/match/brentford-vs-southampton/04-02-2023/1206052,Brentford,Southampton,2023-02-04T15:00:00,Regular goal,2-0,Bryan Mbeumo,44,0
https://www.xscores.com/soccer/match/brentford-vs-southampton/04-02-2023/1206052,Brentford,Southampton,2023-02-04T15:00:00,Regular goal,3-0,Mathias Jensen,80,0
https://www.xscores.com/soccer/match/brighton-vs-bournemouth/04-02-2023/1206051,Brighton,Bournemouth,2023-02-04T15:00:00,Regular goal,1-0,Kaoru Mitoma,87,0
https://www.xscores.com/soccer/match/manchester-united-vs-crystal-palace/04-02-2023/1206049,Manchester United,Crystal Palace,2023-02-04T15:00:00,Penalty,1-0,Bruno Fernandes,7,0
https://www.xscores.com/soccer/match/manchester-united-vs-crystal-palace/04-02-2023/1206049,Manchester United,Crystal Palace,2023-02-04T15:00:00,Regular goal,2-0,Marcus Rashford,62,0
https://www.xscores.com/soccer/match/manchester-united-vs-crystal-palace/04-02-2023/1206049,Manchester United,Crystal Palace,2023-02-04T15:00:00,Regular goal,2-1,Jeffrey Schlupp,76,0
https://www.xscores.com/soccer/match/wolverhampton-vs-liverpool/04-02-2023/1206045,Wolverhampton,Liverpool,2023-02-04T15:00:00,Own goal,1-0,Joel Matip,5,0
https://www.xscores.com/soccer/match/wolverhampton-vs-liverpool/04-02-2023/1206045,Wolverhampton,Liverpool,2023-02-04T15:00:00,Regular goal,2-0,Craig Dawson,12,0
https://www.xscores.com/soccer/match/wolverhampton-vs-liverpool/04-02-2023/1206045,Wolverhampton,Liverpool,2023-02-04T15:00:00,Regular goal,3-0,Ruben Neves,71,0
https://www.xscores.com/soccer/match/newcastle-vs-west-ham/04-02-2023/1206048,Newcastle,West Ham,2023-02-04T17:30:00,Regular goal,1-0,Callum Wilson,3,0
https://www.xscores.com/soccer/match/newcastle-vs-west-ham/04-02-2023/1206048,Newcastle,West Ham,2023-02-04T17:30:00,Regular goal,1-1,Lucas Paqueta,32,0
https://www.xscores.com/soccer/match/nottingham-forest-vs-leeds/05-02-2023/1206047,Nottingham Forest,Leeds,2023-02-05T14:00:00,Regular goal,1-0,Brennan Johnson,14,0
https://www.xscores.com/soccer/match/tottenham-vs-manchester-city/05-02-2023/1206046,Tottenham,Manchester City,2023-02-05T16:30:00,Regular goal,1-0,Harry Kane,15,0
https://www.xscores.com/soccer/match/west-ham-vs-chelsea/11-02-2023/1206064,West Ham,Chelsea,2023-02-11T12:30:00,Regular goal,0-1,Joao Felix,16,0
https://www.xscores.com/soccer/match/west-ham-vs-chelsea/11-02-2023/1206064,West Ham,Chelsea,2023-02-11T12:30:00,Regular goal,1-1,Emerson,28,0
https://www.xscores.com/soccer/match/arsenal-vs-brentford/11-02-2023/1206062,Arsenal,Brentford,2023-02-11T15:00:00,Regular goal,1-0,Leandro Trossard,66,0
https://www.xscores.com/soccer/match/arsenal-vs-brentford/11-02-2023/1206062,Arsenal,Brentford,2023-02-11T15:00:00,Regular goal,1-1,Ivan Toney,74,0
https://www.xscores.com/soccer/match/crystal-palace-vs-brighton/11-02-2023/1206060,Crystal Palace,Brighton,2023-02-11T15:00:00,Regular goal,0-1,Solly March,63,0
https://www.xscores.com/soccer/match/crystal-palace-vs-brighton/11-02-2023/1206060,Crystal Palace,Brighton,2023-02-11T15:00:00,Regular goal,1-1,James Tomkins,69,0
https://www.xscores.com/soccer/match/fulham-vs-nottingham-forest/11-02-2023/1206059,Fulham,Nottingham Forest,2023-02-11T15:00:00,Regular goal,1-0,Willian,17,0
https://www.xscores.com/soccer/match/fulham-vs-nottingham-forest/11-02-2023/1206059,Fulham,Nottingham Forest,2023-02-11T15:00:00,Regular goal,2-0,Manor Solomon,88,0
https://www.xscores.com/soccer/match/leicester-vs-tottenham/11-02-2023/1206057,Leicester,Tottenham,2023-02-11T15:00:00,Regular goal,0-1,Rodrigo Bentancur,14,0
https://www.xscores.com/soccer/match/leicester-vs-tottenham/11-02-2023/1206057,Leicester,Tottenham,2023-02-11T15:00:00,Regular goal,1-1,Nampalys Mendy,23,0
https://www.xscores.com/soccer/match/leicester-vs-tottenham/11-02-2023/1206057,Leicester,Tottenham,2023-02-11T15:00:00,Regular goal,2-1,James Maddison,25,0
https://www.xscores.com/soccer/match/leicester-vs-tottenham/11-02-2023/1206057,Leicester,Tottenham,2023-02-11T15:00:00,Regular goal,3-1,Kelechi Iheanacho,45,4
https://www.xscores.com/soccer/match/leicester-vs-tottenham/11-02-2023/1206057,Leicester,Tottenham,2023-02-11T15:00:00,Regular goal,4-1,Harvey Barnes,81,0
https://www.xscores.com/soccer/match/southampton-vs-wolverhampton/11-02-2023/1206054,Southampton,Wolverhampton,2023-02-11T15:00:00,Regular goal,1-0,Carlos Alcaraz,24,0
https://www.xscores.com/soccer/match/southampton-vs-wolverhampton/11-02-2023/1206054,Southampton,Wolverhampton,2023-02-11T15:00:00,Own goal,1-1,Jan Bednarek,72,0
https://www.xscores.com/soccer/match/southampton-vs-wolverhampton/11-02-2023/1206054,Southampton,Wolverhampton,2023-02-11T15:00:00,Regular goal,1-2,Joao Gomes,87,0
https://www.xscores.com/soccer/match/bournemouth-vs-newcastle/11-02-2023/1206061,Bournemouth,Newcastle,2023-02-11T17:30:00,Regular goal,1-0,Marcos Senesi,30,0
https://www.xscores.com/soccer/match/bournemouth-vs-newcastle/11-02-2023/1206061,Bournemouth,Newcastle,2023-02-11T17:30:00,Regular goal,1-1,Miguel Almiron,45,2
https://www.xscores.com/soccer/match/leeds-vs-manchester-united/12-02-2023/1206058,Leeds,Manchester United,2023-02-12T14:00:00,Regular goal,0-1,Marcus Rashford,80,0
https://www.xscores.com/soccer/match/leeds-vs-manchester-united/12-02-2023/1206058,Leeds,Manchester United,2023-02-12T14:00:00,Regular goal,0-2,Alejandro Garnacho,85,0
https://www.xscores.com/soccer/match/manchester-city-vs-aston-villa/12-02-2023/1206055,Manchester City,Aston Villa,2023-02-12T16:30:00,Regular goal,1-0,Rodri,4,0
https://www.xscores.com/soccer/match/manchester-city-vs-aston-villa/12-02-2023/1206055,Manchester City,Aston Villa,2023-02-12T16:30:00,Regular goal,2-0,Ilkay Gundogan,39,0
https://www.xscores.com/soccer/match/manchester-city-vs-aston-villa/12-02-2023/1206055,Manchester City,Aston Villa,2023-02-12T16:30:00,Penalty,3-0,Riyad Mahrez,45,1
https://www.xscores.com/soccer/match/manchester-city-vs-aston-villa/12-02-2023/1206055,Manchester City,Aston Villa,2023-02-12T16:30:00,Regular goal,3-1,Ollie Watkins,61,0
https://www.xscores.com/soccer/match/liverpool-vs-everton/13-02-2023/1206056,Liverpool,Everton,2023-02-13T20:00:00,Regular goal,1-0,Mohamed Salah,36,0
https://www.xscores.com/soccer/match/liverpool-vs-everton/13-02-2023/1206056,Liverpool,Everton,2023-02-13T20:00:00,Regular goal,2-0,Cody Gakpo,49,0
https://www.xscores.com/soccer/match/aston-villa-vs-arsenal/18-02-2023/1206071,Aston Villa,Arsenal,2023-02-18T12:30:00,Regular goal,1-0,Ollie Watkins,5,0
https://www.xscores.com/soccer/match/aston-villa-vs-arsenal/18-02-2023/1206071,Aston Villa,Arsenal,2023-02-18T12:30:00,Regular goal,1-1,Bukayo Saka,16,0
https://www.xscores.com/soccer/match/aston-villa-vs-arsenal/18-02-2023/1206071,Aston Villa,Arsenal,2023-02-18T12:30:00,Regular goal,2-1,Philippe Coutinho,31,0
https://www.xscores.com/soccer/match/aston-villa-vs-arsenal/18-02-2023/1206071,Aston Villa,Arsenal,2023-02-18T12:30:00,Regular goal,2-2,Oleksandr Zinchenko,61,0
https://www.xscores.com/soccer/match/aston-villa-vs-arsenal/18-02-2023/1206071,Aston Villa,Arsenal,2023-02-18T12:30:00,Own goal,2-3,Emiliano Martinez,90,3
https://www.xscores.com/soccer/match/aston-villa-vs-arsenal/18-02-2023/1206071,Aston Villa,Arsenal,2023-02-18T12:30:00,Regular goal,2-4,Gabriel Martinelli,90,8
https://www.xscores.com/soccer/match/brentford-vs-crystal-palace/18-02-2023/1206070,Brentford,Crystal Palace,2023-02-18T15:00:00,Regular goal,0-1,Eberechi Eze,69,0
https://www.xscores.com/soccer/match/brentford-vs-crystal-palace/18-02-2023/1206070,Brentford,Crystal Palace,2023-02-18T15:00:00,Regular goal,1-1,Vitaly Janelt,90,6
https://www.xscores.com/soccer/match/brighton-vs-fulham/18-02-2023/1206065,Brighton,Fulham,2023-02-18T15:00:00,Regular goal,0-1,Manor Solomon,88,0
https://www.xscores.com/soccer/match/chelsea-vs-southampton/18-02-2023/1206066,Chelsea,Southampton,2023-02-18T15:00:00,Regular goal,0-1,James Ward-Prowse,45,1
https://www.xscores.com/soccer/match/everton-vs-leeds/18-02-2023/1206067,Everton,Leeds,2023-02-18T15:00:00,Regular goal,1-0,Seamus Coleman,64,0
https://www.xscores.com/soccer/match/nottingham-forest-vs-manchester-city/18-02-2023/1206083,Nottingham Forest,Manchester City,2023-02-18T15:00:00,Regular goal,0-1,Bernardo Silva,41,0
https://www.xscores.com/soccer/match/nottingham-forest-vs-manchester-city/18-02-2023/1206083,Nottingham Forest,Manchester City,2023-02-18T15:00:00,Regular goal,1-1,Chris Wood,84,0
https://www.xscores.com/soccer/match/wolverhampton-vs-bournemouth/18-02-2023/1206081,Wolverhampton,Bournemouth,2023-02-18T15:00:00,Regular goal,0-1,Marcus Tavernier,49,0
https://www.xscores.com/soccer/match/newcastle-vs-liverpool/18-02-2023/1206069,Newcastle,Liverpool,2023-02-18T17:30:00,Regular goal,0-1,Darwin Nunez,10,0
https://www.xscores.com/soccer/match/newcastle-vs-liverpool/18-02-2023/1206069,Newcastle,Liverpool,2023-02-18T17:30:00,Regular goal,0-2,Cody Gakpo,17,0
https://www.xscores.com/soccer/match/manchester-united-vs-leicester/19-02-2023/1206068,Manchester United,Leicester,2023-02-19T14:00:00,Regular goal,1-0,Marcus Rashford,25,0
https://www.xscores.com/soccer/match/manchester-united-vs-leicester/19-02-2023/1206068,Manchester United,Leicester,2023-02-19T14:00:00,Regular goal,2-0,Marcus Rashford,56,0
https://www.xscores.com/soccer/match/manchester-united-vs-leicester/19-02-2023/1206068,Manchester United,Leicester,2023-02-19T14:00:00,Regular goal,3-0,Jadon Sancho,61,0
https://www.xscores.com/soccer/match/tottenham-vs-west-ham/19-02-2023/1206082,Tottenham,West Ham,2023-02-19T16:30:00,Regular goal,1-0,Emerson Royal,56,0
https://www.xscores.com/soccer/match/tottenham-vs-west-ham/19-02-2023/1206082,Tottenham,West Ham,2023-02-19T16:30:00,Regular goal,2-0,Heung-Min Son,72,0
https://www.xscores.com/soccer/match/fulham-vs-wolverhampton/24-02-2023/1206077,Fulham,Wolverhampton,2023-02-24T20:00:00,Regular goal,0-1,Pablo Sarabia,23,0
https://www.xscores.com/soccer/match/fulham-vs-wolverhampton/24-02-2023/1206077,Fulham,Wolverhampton,2023-02-24T20:00:00,Regular goal,1-1,Manor Solomon,64,0
https://www.xscores.com/soccer/match/everton-vs-aston-villa/25-02-2023/1206078,Everton,Aston Villa,2023-02-25T15:00:00,Penalty,0-1,Ollie Watkins,63,0
https://www.xscores.com/soccer/match/everton-vs-aston-villa/25-02-2023/1206078,Everton,Aston Villa,2023-02-25T15:00:00,Regular goal,0-2,Emiliano Buendia,81,0
https://www.xscores.com/soccer/match/leeds-vs-southampton/25-02-2023/1206072,Leeds,Southampton,2023-02-25T15:00:00,Regular goal,1-0,Junior Firpo,77,0
https://www.xscores.com/soccer/match/leicester-vs-arsenal/25-02-2023/1206073,Leicester,Arsenal,2023-02-25T15:00:00,Regular goal,0-1,Gabriel Martinelli,46,0
https://www.xscores.com/soccer/match/west-ham-vs-nottingham-forest/25-02-2023/1206096,West Ham,Nottingham Forest,2023-02-25T15:00:00,Regular goal,1-0,Danny Ings,70,0
https://www.xscores.com/soccer/match/west-ham-vs-nottingham-forest/25-02-2023/1206096,West Ham,Nottingham Forest,2023-02-25T15:00:00,Regular goal,2-0,Danny Ings,73,0
https://www.xscores.com/soccer/match/west-ham-vs-nottingham-forest/25-02-2023/1206096,West Ham,Nottingham Forest,2023-02-25T15:00:00,Regular goal,3-0,Declan Rice,78,0
https://www.xscores.com/soccer/match/west-ham-vs-nottingham-forest/25-02-2023/1206096,West Ham,Nottingham Forest,2023-02-25T15:00:00,Regular goal,4-0,Michail Antonio,85,0
https://www.xscores.com/soccer/match/bournemouth-vs-manchester-city/25-02-2023/1206080,Bournemouth,Manchester City,2023-02-25T17:30:00,Regular goal,0-1,Julian Alvarez,15,0
https://www.xscores.com/soccer/match/bournemouth-vs-manchester-city/25-02-2023/1206080,Bournemouth,Manchester City,2023-02-25T17:30:00,Regular goal,0-2,Erling Haaland,29,0
https://www.xscores.com/soccer/match/bournemouth-vs-manchester-city/25-02-2023/1206080,Bournemouth,Manchester City,2023-02-25T17:30:00,Regular goal,0-3,Phil Foden,45,0
https://www.xscores.com/soccer/match/bournemouth-vs-manchester-city/25-02-2023/1206080,Bournemouth,Manchester City,2023-02-25T17:30:00,Own goal,0-4,Chris Mepham,51,0
https://www.xscores.com/soccer/match/bournemouth-vs-manchester-city/25-02-2023/1206080,Bournemouth,Manchester City,2023-02-25T17:30:00,Regular goal,1-4,Jefferson Lerma,83,0
https://www.xscores.com/soccer/match/tottenham-vs-chelsea/26-02-2023/1206076,Tottenham,Chelsea,2023-02-26T13:30:00,Regular goal,1-0,Oliver Skipp,46,0
https://www.xscores.com/soccer/match/tottenham-vs-chelsea/26-02-2023/1206076,Tottenham,Chelsea,2023-02-26T13:30:00,Regular goal,2-0,Harry Kane,82,0
https://www.xscores.com/soccer/match/manchester-united-vs-brentford/05-04-2023/1206074,Manchester United,Brentford,2023-04-05T20:00:00,Regular goal,1-0,Marcus Rashford,27,0
https://www.xscores.com/soccer/match/newcastle-vs-brighton/18-05-2023/1206075,Newcastle,Brighton,2023-05-18T19:30:00,Own goal,1-0,Deniz Undav,22,0
https://www.xscores.com/soccer/match/newcastle-vs-brighton/18-05-2023/1206075,Newcastle,Brighton,2023-05-18T19:30:00,Regular goal,2-0,Daniel Burn,45,4
https://www.xscores.com/soccer/match/newcastle-vs-brighton/18-05-2023/1206075,Newcastle,Brighton,2023-05-18T19:30:00,Regular goal,2-1,Deniz Undav,51,0
https://www.xscores.com/soccer/match/newcastle-vs-brighton/18-05-2023/1206075,Newcastle,Brighton,2023-05-18T19:30:00,Regular goal,3-1,Callum Wilson,89,0
https://www.xscores.com/soccer/match/newcastle-vs-brighton/18-05-2023/1206075,Newcastle,Brighton,2023-05-18T19:30:00,Regular goal,4-1,Bruno Guimaraes,90,1
https://www.xscores.com/soccer/match/manchester-city-vs-newcastle/04-03-2023/1206089,Manchester City,Newcastle,2023-03-04T12:30:00,Regular goal,1-0,Phil Foden,15,0
https://www.xscores.com/soccer/match/manchester-city-vs-newcastle/04-03-2023/1206089,Manchester City,Newcastle,2023-03-04T12:30:00,Regular goal,2-0,Bernardo Silva,67,0
https://www.xscores.com/soccer/match/arsenal-vs-bournemouth/04-03-2023/1206095,Arsenal,Bournemouth,2023-03-04T15:00:00,Regular goal,0-1,Philip Billing,1,0
https://www.xscores.com/soccer/match/arsenal-vs-bournemouth/04-03-2023/1206095,Arsenal,Bournemouth,2023-03-04T15:00:00,Regular goal,0-2,Marcos Senesi,57,0
https://www.xscores.com/soccer/match/arsenal-vs-bournemouth/04-03-2023/1206095,Arsenal,Bournemouth,2023-03-04T15:00:00,Regular goal,1-2,Thomas Partey,62,0
https://www.xscores.com/soccer/match/arsenal-vs-bournemouth/04-03-2023/1206095,Arsenal,Bournemouth,2023-03-04T15:00:00,Regular goal,2-2,Ben White,70,0
https://www.xscores.com/soccer/match/arsenal-vs-bournemouth/04-03-2023/1206095,Arsenal,Bournemouth,2023-03-04T15:00:00,Regular goal,3-2,Reiss Nelson,90,7
https://www.xscores.com/soccer/match/aston-villa-vs-crystal-palace/04-03-2023/1206094,Aston Villa,Crystal Palace,2023-03-04T15:00:00,Own goal,1-0,Joachim Andersen,27,0
https://www.xscores.com/soccer/match/brighton-vs-west-ham/04-03-2023/1206092,Brighton,West Ham,2023-03-04T15:00:00,Penalty,1-0,Alexis Mac Allister,18,0
https://www.xscores.com/soccer/match/brighton-vs-west-ham/04-03-2023/1206092,Brighton,West Ham,2023-03-04T15:00:00,Regular goal,2-0,Joel Veltman,51,0
https://www.xscores.com/soccer/match/brighton-vs-west-ham/04-03-2023/1206092,Brighton,West Ham,2023-03-04T15:00:00,Regular goal,3-0,Kaoru Mitoma,69,0
https://www.xscores.com/soccer/match/brighton-vs-west-ham/04-03-2023/1206092,Brighton,West Ham,2023-03-04T15:00:00,Regular goal,4-0,Danny Welbeck,89,0
https://www.xscores.com/soccer/match/chelsea-vs-leeds/04-03-2023/1206091,Chelsea,Leeds,2023-03-04T15:00:00,Regular goal,1-0,Wesley Fofana,53,0
https://www.xscores.com/soccer/match/wolverhampton-vs-tottenham/04-03-2023/1206086,Wolverhampton,Tottenham,2023-03-04T15:00:00,Regular goal,1-0,Adama Traore,82,0
https://www.xscores.com/soccer/match/southampton-vs-leicester/04-03-2023/1206085,Southampton,Leicester,2023-03-04T17:30:00,Regular goal,1-0,Carlos Alcaraz,35,0
https://www.xscores.com/soccer/match/nottingham-forest-vs-everton/05-03-2023/1206084,Nottingham Forest,Everton,2023-03-05T14:00:00,Penalty,0-1,Demarai Gray,10,0
https://www.xscores.com/soccer/match/nottingham-forest-vs-everton/05-03-2023/1206084,Nottingham Forest,Everton,2023-03-05T14:00:00,Regular goal,1-1,Brennan Johnson,19,0
https://www.xscores.com/soccer/match/nottingham-forest-vs-everton/05-03-2023/1206084,Nottingham Forest,Everton,2023-03-05T14:00:00,Regular goal,1-2,Abdoulaye Doucoure,29,0
https://www.xscores.com/soccer/match/nottingham-forest-vs-everton/05-03-2023/1206084,Nottingham Forest,Everton,2023-03-05T14:00:00,Regular goal,2-2,Brennan Johnson,77,0
https://www.xscores.com/soccer/match/liverpool-vs-manchester-united/05-03-2023/1206090,Liverpool,Manchester United,2023-03-05T16:30:00,Regular goal,1-0,Cody Gakpo,43,0
https://www.xscores.com/soccer/match/liverpool-vs-manchester-united/05-03-2023/1206090,Liverpool,Manchester United,2023-03-05T16:30:00,Regular goal,2-0,Darwin Nunez,47,0
https://www.xscores.com/soccer/match/liverpool-vs-manchester-united/05-03-2023/1206090,Liverpool,Manchester United,2023-03-05T16:30:00,Regular goal,3-0,Cody Gakpo,50,0
https://www.xscores.com/soccer/match/liverpool-vs-manchester-united/05-03-2023/1206090,Liverpool,Manchester United,2023-03-05T16:30:00,Regular goal,4-0,Mohamed Salah,66,0
https://www.xscores.com/soccer/match/liverpool-vs-manchester-united/05-03-2023/1206090,Liverpool,Manchester United,2023-03-05T16:30:00,Regular goal,5-0,Darwin Nunez,75,0
https://www.xscores.com/soccer/match/liverpool-vs-manchester-united/05-03-2023/1206090,Liverpool,Manchester United,2023-03-05T16:30:00,Regular goal,6-0,Mohamed Salah,83,0
https://www.xscores.com/soccer/match/liverpool-vs-manchester-united/05-03-2023/1206090,Liverpool,Manchester United,2023-03-05T16:30:00,Regular goal,7-0,Roberto Firmino,88,0
https://www.xscores.com/soccer/match/brentford-vs-fulham/06-03-2023/1206093,Brentford,Fulham,2023-03-06T20:00:00,Regular goal,1-0,Ethan Pinnock,6,0
https://www.xscores.com/soccer/match/brentford-vs-fulham/06-03-2023/1206093,Brentford,Fulham,2023-03-06T20:00:00,Regular goal,1-1,Manor Solomon,39,0
https://www.xscores.com/soccer/match/brentford-vs-fulham/06-03-2023/1206093,Brentford,Fulham,2023-03-06T20:00:00,Penalty,2-1,Ivan Toney,53,0
https://www.xscores.com/soccer/match/brentford-vs-fulham/06-03-2023/1206093,Brentford,Fulham,2023-03-06T20:00:00,Regular goal,3-1,Mathias Jensen,85,0
https://www.xscores.com/soccer/match/brentford-vs-fulham/06-03-2023/1206093,Brentford,Fulham,2023-03-06T20:00:00,Regular goal,3-2,Vinicius,90,9
https://www.xscores.com/soccer/match/bournemouth-vs-liverpool/11-03-2023/1206087,Bournemouth,Liverpool,2023-03-11T12:30:00,Regular goal,1-0,Philip Billing,28,0
https://www.xscores.com/soccer/match/everton-vs-brentford/11-03-2023/1206101,Everton,Brentford,2023-03-11T15:00:00,Regular goal,1-0,Dwight McNeil,1,0
https://www.xscores.com/soccer/match/leeds-vs-brighton/11-03-2023/1206099,Leeds,Brighton,2023-03-11T15:00:00,Regular goal,0-1,Alexis Mac Allister,33,0
https://www.xscores.com/soccer/match/leeds-vs-brighton/11-03-2023/1206099,Leeds,Brighton,2023-03-11T15:00:00,Regular goal,1-1,Patrick Bamford,40,0
https://www.xscores.com/soccer/match/leeds-vs-brighton/11-03-2023/1206099,Leeds,Brighton,2023-03-11T15:00:00,Regular goal,1-2,Solly March,61,0
https://www.xscores.com/soccer/match/leeds-vs-brighton/11-03-2023/1206099,Leeds,Brighton,2023-03-11T15:00:00,Regular goal,2-2,Jack Harrison,78,0
https://www.xscores.com/soccer/match/leicester-vs-chelsea/11-03-2023/1206098,Leicester,Chelsea,2023-03-11T15:00:00,Regular goal,0-1,Ben Chilwell,11,0
https://www.xscores.com/soccer/match/leicester-vs-chelsea/11-03-2023/1206098,Leicester,Chelsea,2023-03-11T15:00:00,Regular goal,1-1,Patson Daka,39,0
https://www.xscores.com/soccer/match/leicester-vs-chelsea/11-03-2023/1206098,Leicester,Chelsea,2023-03-11T15:00:00,Regular goal,1-2,Kai Havertz,45,6
https://www.xscores.com/soccer/match/leicester-vs-chelsea/11-03-2023/1206098,Leicester,Chelsea,2023-03-11T15:00:00,Regular goal,1-3,Mateo Kovacic,78,0
https://www.xscores.com/soccer/match/tottenham-vs-nottingham-forest/11-03-2023/1206103,Tottenham,Nottingham Forest,2023-03-11T15:00:00,Regular goal,1-0,Harry Kane,19,0
https://www.xscores.com/soccer/match/tottenham-vs-nottingham-forest/11-03-2023/1206103,Tottenham,Nottingham Forest,2023-03-11T15:00:00,Penalty,2-0,Harry Kane,35,0
https://www.xscores.com/soccer/match/tottenham-vs-nottingham-forest/11-03-2023/1206103,Tottenham,Nottingham Forest,2023-03-11T15:00:00,Regular goal,3-0,Heung-Min Son,62,0
https://www.xscores.com/soccer/match/tottenham-vs-nottingham-forest/11-03-2023/1206103,Tottenham,Nottingham Forest,2023-03-11T15:00:00,Regular goal,3-1,Joe Worrall,81,0
https://www.xscores.com/soccer/match/crystal-palace-vs-manchester-city/11-03-2023/1206088,Crystal Palace,Manchester City,2023-03-11T17:30:00,Penalty,0-1,Erling Haaland,78,0
https://www.xscores.com/soccer/match/fulham-vs-arsenal/12-03-2023/1206100,Fulham,Arsenal,2023-03-12T14:00:00,Regular goal,0-1,Gabriel,21,0
https://www.xscores.com/soccer/match/fulham-vs-arsenal/12-03-2023/1206100,Fulham,Arsenal,2023-03-12T14:00:00,Regular goal,0-2,Gabriel Martinelli,26,0
https://www.xscores.com/soccer/match/fulham-vs-arsenal/12-03-2023/1206100,Fulham,Arsenal,2023-03-12T14:00:00,Regular goal,0-3,Martin Oedegaard,45,2
https://www.xscores.com/soccer/match/west-ham-vs-aston-villa/12-03-2023/1206114,West Ham,Aston Villa,2023-03-12T14:00:00,Regular goal,0-1,Ollie Watkins,17,0
https://www.xscores.com/soccer/match/west-ham-vs-aston-villa/12-03-2023/1206114,West Ham,Aston Villa,2023-03-12T14:00:00,Penalty,1-1,Said Benrahma,26,0
https://www.xscores.com/soccer/match/newcastle-vs-wolverhampton/12-03-2023/1206102,Newcastle,Wolverhampton,2023-03-12T16:30:00,Regular goal,1-0,Alexander Isak,26,0
https://www.xscores.com/soccer/match/newcastle-vs-wolverhampton/12-03-2023/1206102,Newcastle,Wolverhampton,2023-03-12T16:30:00,Regular goal,1-1,Hee-Chan Hwang,70,0
https://www.xscores.com/soccer/match/newcastle-vs-wolverhampton/12-03-2023/1206102,Newcastle,Wolverhampton,2023-03-12T16:30:00,Regular goal,2-1,Miguel Almiron,79,0
https://www.xscores.com/soccer/match/nottingham-forest-vs-newcastle/17-03-2023/1206107,Nottingham Forest,Newcastle,2023-03-17T20:00:00,Regular goal,1-0,Emmanuel Dennis,26,0
https://www.xscores.com/soccer/match/nottingham-forest-vs-newcastle/17-03-2023/1206107,Nottingham Forest,Newcastle,2023-03-17T20:00:00,Regular goal,1-1,Alexander Isak,45,2
https://www.xscores.com/soccer/match/nottingham-forest-vs-newcastle/17-03-2023/1206107,Nottingham Forest,Newcastle,2023-03-17T20:00:00,Penalty,1-2,Alexander Isak,90,3
https://www.xscores.com/soccer/match/aston-villa-vs-bournemouth/18-03-2023/1206116,Aston Villa,Bournemouth,2023-03-18T15:00:00,Regular goal,1-0,Douglas Luiz,7,0
https://www.xscores.com/soccer/match/aston-villa-vs-bournemouth/18-03-2023/1206116,Aston Villa,Bournemouth,2023-03-18T15:00:00,Regular goal,2-0,Jacob Ramsey,80,0
https://www.xscores.com/soccer/match/aston-villa-vs-bournemouth/18-03-2023/1206116,Aston Villa,Bournemouth,2023-03-18T15:00:00,Regular goal,3-0,Emiliano Buendia,89,0
https://www.xscores.com/soccer/match/brentford-vs-leicester/18-03-2023/1206117,Brentford,Leicester,2023-03-18T15:00:00,Regular goal,1-0,Mathias Jensen,32,0
https://www.xscores.com/soccer/match/brentford-vs-leicester/18-03-2023/1206117,Brentford,Leicester,2023-03-18T15:00:00,Regular goal,1-1,Harvey Barnes,52,0
https://www.xscores.com/soccer/match/southampton-vs-tottenham/18-03-2023/1206106,Southampton,Tottenham,2023-03-18T15:00:00,Regular goal,0-1,Pedro Porro,45,1
https://www.xscores.com/soccer/match/southampton-vs-tottenham/18-03-2023/1206106,Southampton,Tottenham,2023-03-18T15:00:00,Regular goal,1-1,Che Adams,46,0
https://www.xscores.com/soccer/match/southampton-vs-tottenham/18-03-2023/1206106,Southampton,Tottenham,2023-03-18T15:00:00,Regular goal,1-2,Harry Kane,65,0
https://www.xscores.com/soccer/match/southampton-vs-tottenham/18-03-2023/1206106,Southampton,Tottenham,2023-03-18T15:00:00,Regular goal,1-3,Ivan Perisic,74,0
https://www.xscores.com/soccer/match/southampton-vs-tottenham/18-03-2023/1206106,Southampton,Tottenham,2023-03-18T15:00:00,Regular goal,2-3,Theo Walcott,77,0
https://www.xscores.com/soccer/match/southampton-vs-tottenham/18-03-2023/1206106,Southampton,Tottenham,2023-03-18T15:00:00,Penalty,3-3,James Ward-Prowse,90,3
https://www.xscores.com/soccer/match/wolverhampton-vs-leeds/18-03-2023/1206105,Wolverhampton,Leeds,2023-03-18T15:00:00,Regular goal,0-1,Jack Harrison,6,0
https://www.xscores.com/soccer/match/wolverhampton-vs-leeds/18-03-2023/1206105,Wolverhampton,Leeds,2023-03-18T15:00:00,Regular goal,0-2,Luke Ayling,49,0
https://www.xscores.com/soccer/match/wolverhampton-vs-leeds/18-03-2023/1206105,Wolverhampton,Leeds,2023-03-18T15:00:00,Regular goal,0-3,Rasmus Nissen,62,0
https://www.xscores.com/soccer/match/wolverhampton-vs-leeds/18-03-2023/1206105,Wolverhampton,Leeds,2023-03-18T15:00:00,Regular goal,1-3,Jonny,65,0
https://www.xscores.com/soccer/match/wolverhampton-vs-leeds/18-03-2023/1206105,Wolverhampton,Leeds,2023-03-18T15:00:00,Regular goal,2-3,Matheus Cunha,73,0
https://www.xscores.com/soccer/match/wolverhampton-vs-leeds/18-03-2023/1206105,Wolverhampton,Leeds,2023-03-18T15:00:00,Regular goal,2-4,Rodrigo,90,7
https://www.xscores.com/soccer/match/chelsea-vs-everton/18-03-2023/1206120,Chelsea,Everton,2023-03-18T17:30:00,Regular goal,1-0,Joao Felix,52,0
https://www.xscores.com/soccer/match/chelsea-vs-everton/18-03-2023/1206120,Chelsea,Everton,2023-03-18T17:30:00,Regular goal,1-1,Abdoulaye Doucoure,69,0
https://www.xscores.com/soccer/match/chelsea-vs-everton/18-03-2023/1206120,Chelsea,Everton,2023-03-18T17:30:00,Penalty,2-1,Kai Havertz,76,0
https://www.xscores.com/soccer/match/chelsea-vs-everton/18-03-2023/1206120,Chelsea,Everton,2023-03-18T17:30:00,Regular goal,2-2,Ellis Simms,89,0
https://www.xscores.com/soccer/match/arsenal-vs-crystal-palace/19-03-2023/1206115,Arsenal,Crystal Palace,2023-03-19T14:00:00,Regular goal,1-0,Gabriel Martinelli,28,0
https://www.xscores.com/soccer/match/arsenal-vs-crystal-palace/19-03-2023/1206115,Arsenal,Crystal Palace,2023-03-19T14:00:00,Regular goal,2-0,Bukayo Saka,43,0
https://www.xscores.com/soccer/match/arsenal-vs-crystal-palace/19-03-2023/1206115,Arsenal,Crystal Palace,2023-03-19T14:00:00,Regular goal,3-0,Granit Xhaka,55,0
https://www.xscores.com/soccer/match/arsenal-vs-crystal-palace/19-03-2023/1206115,Arsenal,Crystal Palace,2023-03-19T14:00:00,Regular goal,3-1,Jeffrey Schlupp,63,0
https://www.xscores.com/soccer/match/arsenal-vs-crystal-palace/19-03-2023/1206115,Arsenal,Crystal Palace,2023-03-19T14:00:00,Regular goal,4-1,Bukayo Saka,74,0
https://www.xscores.com/soccer/match/liverpool-vs-fulham/03-05-2023/1206119,Liverpool,Fulham,2023-05-03T20:00:00,Penalty,1-0,Mohamed Salah,39,0
https://www.xscores.com/soccer/match/manchester-city-vs-west-ham/03-05-2023/1206118,Manchester City,West Ham,2023-05-03T20:00:00,Regular goal,1-0,Nathan Ake,50,0
https://www.xscores.com/soccer/match/manchester-city-vs-west-ham/03-05-2023/1206118,Manchester City,West Ham,2023-05-03T20:00:00,Regular goal,2-0,Erling Haaland,70,0
https://www.xscores.com/soccer/match/manchester-city-vs-west-ham/03-05-2023/1206118,Manchester City,West Ham,2023-05-03T20:00:00,Regular goal,3-0,Phil Foden,85,0
https://www.xscores.com/soccer/match/brighton-vs-manchester-united/04-05-2023/1206108,Brighton,Manchester United,2023-05-04T20:00:00,Penalty,1-0,Alexis Mac Allister,90,9
https://www.xscores.com/soccer/match/manchester-city-vs-liverpool/01-04-2023/1206121,Manchester City,Liverpool,2023-04-01T12:30:00,Regular goal,0-1,Mohamed Salah,17,0
https://www.xscores.com/soccer/match/manchester-city-vs-liverpool/01-04-2023/1206121,Manchester City,Liverpool,2023-04-01T12:30:00,Regular goal,1-1,Julian Alvarez,27,0
https://www.xscores.com/soccer/match/manchester-city-vs-liverpool/01-04-2023/1206121,Manchester City,Liverpool,2023-04-01T12:30:00,Regular goal,2-1,Kevin De Bruyne,46,0
https://www.xscores.com/soccer/match/manchester-city-vs-liverpool/01-04-2023/1206121,Manchester City,Liverpool,2023-04-01T12:30:00,Regular goal,3-1,Ilkay Gundogan,53,0
https://www.xscores.com/soccer/match/manchester-city-vs-liverpool/01-04-2023/1206121,Manchester City,Liverpool,2023-04-01T12:30:00,Regular goal,4-1,Jack Grealish,74,0
https://www.xscores.com/soccer/match/arsenal-vs-leeds/01-04-2023/1206104,Arsenal,Leeds,2023-04-01T15:00:00,Penalty,1-0,Gabriel Jesus,35,0
https://www.xscores.com/soccer/match/arsenal-vs-leeds/01-04-2023/1206104,Arsenal,Leeds,2023-04-01T15:00:00,Regular goal,2-0,Ben White,47,0
https://www.xscores.com/soccer/match/arsenal-vs-leeds/01-04-2023/1206104,Arsenal,Leeds,2023-04-01T15:00:00,Regular goal,3-0,Gabriel Jesus,55,0
https://www.xscores.com/soccer/match/arsenal-vs-leeds/01-04-2023/1206104,Arsenal,Leeds,2023-04-01T15:00:00,Regular goal,3-1,Rasmus Nissen,76,0
https://www.xscores.com/soccer/match/arsenal-vs-leeds/01-04-2023/1206104,Arsenal,Leeds,2023-04-01T15:00:00,Regular goal,4-1,Granit Xhaka,84,0
https://www.xscores.com/soccer/match/bournemouth-vs-fulham/01-04-2023/1206113,Bournemouth,Fulham,2023-04-01T15:00:00,Regular goal,0-1,Andreas Pereira,16,0
https://www.xscores.com/soccer/match/bournemouth-vs-fulham/01-04-2023/1206113,Bournemouth,Fulham,2023-04-01T15:00:00,Regular goal,1-1,Marcus Tavernier,50,0
https://www.xscores.com/soccer/match/bournemouth-vs-fulham/01-04-2023/1206113,Bournemouth,Fulham,2023-04-01T15:00:00,Regular goal,2-1,Dominic Solanke,79,0
https://www.xscores.com/soccer/match/brighton-vs-brentford/01-04-2023/1206112,Brighton,Brentford,2023-04-01T15:00:00,Regular goal,0-1,Pontus Jansson,10,0
https://www.xscores.com/soccer/match/brighton-vs-brentford/01-04-2023/1206112,Brighton,Brentford,2023-04-01T15:00:00,Regular goal,1-1,Kaoru Mitoma,21,0
https://www.xscores.com/soccer/match/brighton-vs-brentford/01-04-2023/1206112,Brighton,Brentford,2023-04-01T15:00:00,Regular goal,1-2,Ivan Toney,22,0
https://www.xscores.com/soccer/match/brighton-vs-brentford/01-04-2023/1206112,Brighton,Brentford,2023-04-01T15:00:00,Regular goal,2-2,Danny Welbeck,28,0
https://www.xscores.com/soccer/match/brighton-vs-brentford/01-04-2023/1206112,Brighton,Brentford,2023-04-01T15:00:00,Regular goal,2-3,Ethan Pinnock,49,0
https://www.xscores.com/soccer/match/brighton-vs-brentford/01-04-2023/1206112,Brighton,Brentford,2023-04-01T15:00:00,Penalty,3-3,Alexis Mac Allister,90,0
https://www.xscores.com/soccer/match/crystal-palace-vs-leicester/01-04-2023/1206110,Crystal Palace,Leicester,2023-04-01T15:00:00,Regular goal,0-1,Ricardo Pereira,56,0
https://www.xscores.com/soccer/match/crystal-palace-vs-leicester/01-04-2023/1206110,Crystal Palace,Leicester,2023-04-01T15:00:00,Own goal,1-1,Daniel Iversen,59,0
https://www.xscores.com/soccer/match/crystal-palace-vs-leicester/01-04-2023/1206110,Crystal Palace,Leicester,2023-04-01T15:00:00,Regular goal,2-1,Jean-Philippe Mateta,90,4
https://www.xscores.com/soccer/match/nottingham-forest-vs-wolverhampton/01-04-2023/1206128,Nottingham Forest,Wolverhampton,2023-04-01T15:00:00,Regular goal,1-0,Brennan Johnson,38,0
https://www.xscores.com/soccer/match/nottingham-forest-vs-wolverhampton/01-04-2023/1206128,Nottingham Forest,Wolverhampton,2023-04-01T15:00:00,Regular goal,1-1,Daniel Podence,83,0
https://www.xscores.com/soccer/match/chelsea-vs-aston-villa/01-04-2023/1206111,Chelsea,Aston Villa,2023-04-01T17:30:00,Regular goal,0-1,Ollie Watkins,18,0
https://www.xscores.com/soccer/match/chelsea-vs-aston-villa/01-04-2023/1206111,Chelsea,Aston Villa,2023-04-01T17:30:00,Regular goal,0-2,John McGinn,56,0
https://www.xscores.com/soccer/match/west-ham-vs-southampton/02-04-2023/1206127,West Ham,Southampton,2023-04-02T14:00:00,Regular goal,1-0,Naif Aguerd,25,0
https://www.xscores.com/soccer/match/newcastle-vs-manchester-united/02-04-2023/1206129,Newcastle,Manchester United,2023-04-02T16:30:00,Regular goal,1-0,Joseph Willock,65,0
https://www.xscores.com/soccer/match/newcastle-vs-manchester-united/02-04-2023/1206129,Newcastle,Manchester United,2023-04-02T16:30:00,Regular goal,2-0,Callum Wilson,88,0
https://www.xscores.com/soccer/match/everton-vs-tottenham/03-04-2023/1206109,Everton,Tottenham,2023-04-03T20:00:00,Penalty,0-1,Harry Kane,68,0
https://www.xscores.com/soccer/match/everton-vs-tottenham/03-04-2023/1206109,Everton,Tottenham,2023-04-03T20:00:00,Regular goal,1-1,Michael Keane,90,0
https://www.xscores.com/soccer/match/manchester-united-vs-everton/08-04-2023/1206139,Manchester United,Everton,2023-04-08T12:30:00,Regular goal,1-0,Scott McTominay,36,0
https://www.xscores.com/soccer/match/manchester-united-vs-everton/08-04-2023/1206139,Manchester United,Everton,2023-04-08T12:30:00,Regular goal,2-0,Anthony Martial,71,0
https://www.xscores.com/soccer/match/aston-villa-vs-nottingham-forest/08-04-2023/1206122,Aston Villa,Nottingham Forest,2023-04-08T15:00:00,Regular goal,1-0,Bertrand Traore,48,0
https://www.xscores.com/soccer/match/aston-villa-vs-nottingham-forest/08-04-2023/1206122,Aston Villa,Nottingham Forest,2023-04-08T15:00:00,Regular goal,2-0,Ollie Watkins,90,5
https://www.xscores.com/soccer/match/brentford-vs-newcastle/08-04-2023/1206123,Brentford,Newcastle,2023-04-08T15:00:00,Penalty,1-0,Ivan Toney,45,1
https://www.xscores.com/soccer/match/brentford-vs-newcastle/08-04-2023/1206123,Brentford,Newcastle,2023-04-08T15:00:00,Own goal,1-1,David Raya,54,0
https://www.xscores.com/soccer/match/brentford-vs-newcastle/08-04-2023/1206123,Brentford,Newcastle,2023-04-08T15:00:00,Regular goal,1-2,Alexander Isak,61,0
https://www.xscores.com/soccer/match/fulham-vs-west-ham/08-04-2023/1206124,Fulham,West Ham,2023-04-08T15:00:00,Own goal,0-1,Harrison Reed,23,0
https://www.xscores.com/soccer/match/leicester-vs-bournemouth/08-04-2023/1206126,Leicester,Bournemouth,2023-04-08T15:00:00,Regular goal,0-1,Philip Billing,40,0
https://www.xscores.com/soccer/match/tottenham-vs-brighton/08-04-2023/1206137,Tottenham,Brighton,2023-04-08T15:00:00,Regular goal,1-0,Heung-Min Son,10,0
https://www.xscores.com/soccer/match/tottenham-vs-brighton/08-04-2023/1206137,Tottenham,Brighton,2023-04-08T15:00:00,Regular goal,1-1,Lewis Dunk,34,0
https://www.xscores.com/soccer/match/tottenham-vs-brighton/08-04-2023/1206137,Tottenham,Brighton,2023-04-08T15:00:00,Regular goal,2-1,Harry Kane,79,0
https://www.xscores.com/soccer/match/wolverhampton-vs-chelsea/08-04-2023/1206136,Wolverhampton,Chelsea,2023-04-08T15:00:00,Regular goal,1-0,Matheus Nunes,31,0
https://www.xscores.com/soccer/match/southampton-vs-manchester-city/08-04-2023/1206138,Southampton,Manchester City,2023-04-08T17:30:00,Regular goal,0-1,Erling Haaland,45,0
https://www.xscores.com/soccer/match/southampton-vs-manchester-city/08-04-2023/1206138,Southampton,Manchester City,2023-04-08T17:30:00,Regular goal,0-2,Jack Grealish,58,0
https://www.xscores.com/soccer/match/southampton-vs-manchester-city/08-04-2023/1206138,Southampton,Manchester City,2023-04-08T17:30:00,Regular goal,0-3,Erling Haaland,68,0
https://www.xscores.com/soccer/match/southampton-vs-manchester-city/08-04-2023/1206138,Southampton,Manchester City,2023-04-08T17:30:00,Regular goal,1-3,Sekou Mara,72,0
https://www.xscores.com/soccer/match/southampton-vs-manchester-city/08-04-2023/1206138,Southampton,Manchester City,2023-04-08T17:30:00,Penalty,1-4,Julian Alvarez,75,0
https://www.xscores.com/soccer/match/leeds-vs-crystal-palace/09-04-2023/1206125,Leeds,Crystal Palace,2023-04-09T14:00:00,Regular goal,1-0,Patrick Bamford,21,0
https://www.xscores.com/soccer/match/leeds-vs-crystal-palace/09-04-2023/1206125,Leeds,Crystal Palace,2023-04-09T14:00:00,Regular goal,1-1,Marc Guehi,45,1
https://www.xscores.com/soccer/match/leeds-vs-crystal-palace/09-04-2023/1206125,Leeds,Crystal Palace,2023-04-09T14:00:00,Regular goal,1-2,Jordan Ayew,53,0
https://www.xscores.com/soccer/match/leeds-vs-crystal-palace/09-04-2023/1206125,Leeds,Crystal Palace,2023-04-09T14:00:00,Regular goal,1-3,Eberechi Eze,55,0
https://www.xscores.com/soccer/match/leeds-vs-crystal-palace/09-04-2023/1206125,Leeds,Crystal Palace,2023-04-09T14:00:00,Regular goal,1-4,Odsonne Edouard,69,0
https://www.xscores.com/soccer/match/leeds-vs-crystal-palace/09-04-2023/1206125,Leeds,Crystal Palace,2023-04-09T14:00:00,Regular goal,1-5,Jordan Ayew,77,0
https://www.xscores.com/soccer/match/liverpool-vs-arsenal/09-04-2023/1206140,Liverpool,Arsenal,2023-04-09T16:30:00,Regular goal,0-1,Gabriel Martinelli,8,0
https://www.xscores.com/soccer/match/liverpool-vs-arsenal/09-04-2023/1206140,Liverpool,Arsenal,2023-04-09T16:30:00,Regular goal,0-2,Gabriel Jesus,28,0
https://www.xscores.com/soccer/match/liverpool-vs-arsenal/09-04-2023/1206140,Liverpool,Arsenal,2023-04-09T16:30:00,Regular goal,1-2,Mohamed Salah,42,0
https://www.xscores.com/soccer/match/liverpool-vs-arsenal/09-04-2023/1206140,Liverpool,Arsenal,2023-04-09T16:30:00,Regular goal,2-2,Roberto Firmino,87,0
https://www.xscores.com/soccer/match/aston-villa-vs-newcastle/15-04-2023/1206135,Aston Villa,Newcastle,2023-04-15T12:30:00,Regular goal,1-0,Jacob Ramsey,11,0
https://www.xscores.com/soccer/match/aston-villa-vs-newcastle/15-04-2023/1206135,Aston Villa,Newcastle,2023-04-15T12:30:00,Regular goal,2-0,Ollie Watkins,64,0
https://www.xscores.com/soccer/match/aston-villa-vs-newcastle/15-04-2023/1206135,Aston Villa,Newcastle,2023-04-15T12:30:00,Regular goal,3-0,Ollie Watkins,83,0
https://www.xscores.com/soccer/match/chelsea-vs-brighton/15-04-2023/1206134,Chelsea,Brighton,2023-04-15T15:00:00,Regular goal,1-0,Conor Gallagher,13,0
https://www.xscores.com/soccer/match/chelsea-vs-brighton/15-04-2023/1206134,Chelsea,Brighton,2023-04-15T15:00:00,Regular goal,1-1,Danny Welbeck,42,0
https://www.xscores.com/soccer/match/chelsea-vs-brighton/15-04-2023/1206134,Chelsea,Brighton,2023-04-15T15:00:00,Regular goal,1-2,Julio Enciso,69,0
https://www.xscores.com/soccer/match/everton-vs-fulham/15-04-2023/1206133,Everton,Fulham,2023-04-15T15:00:00,Regular goal,0-1,Harrison Reed,22,0
https://www.xscores.com/soccer/match/everton-vs-fulham/15-04-2023/1206133,Everton,Fulham,2023-04-15T15:00:00,Regular goal,1-1,Dwight McNeil,35,0
https://www.xscores.com/soccer/match/everton-vs-fulham/15-04-2023/1206133,Everton,Fulham,2023-04-15T15:00:00,Regular goal,1-2,Harry Wilson,51,0
https://www.xscores.com/soccer/match/everton-vs-fulham/15-04-2023/1206133,Everton,Fulham,2023-04-15T15:00:00,Regular goal,1-3,Daniel James,68,0
https://www.xscores.com/soccer/match/southampton-vs-crystal-palace/15-04-2023/1206149,Southampton,Crystal Palace,2023-04-15T15:00:00,Regular goal,0-1,Eberechi Eze,54,0
https://www.xscores.com/soccer/match/southampton-vs-crystal-palace/15-04-2023/1206149,Southampton,Crystal Palace,2023-04-15T15:00:00,Regular goal,0-2,Eberechi Eze,68,0
https://www.xscores.com/soccer/match/wolverhampton-vs-brentford/15-04-2023/1206152,Wolverhampton,Brentford,2023-04-15T15:00:00,Regular goal,1-0,Diego Costa,27,0
https://www.xscores.com/soccer/match/wolverhampton-vs-brentford/15-04-2023/1206152,Wolverhampton,Brentford,2023-04-15T15:00:00,Regular goal,2-0,Hee-Chan Hwang,69,0
https://www.xscores.com/soccer/match/tottenham-vs-bournemouth/15-04-2023/1206150,Tottenham,Bournemouth,2023-04-15T15:15:00,Regular goal,1-0,Heung-Min Son,14,0
https://www.xscores.com/soccer/match/tottenham-vs-bournemouth/15-04-2023/1206150,Tottenham,Bournemouth,2023-04-15T15:15:00,Regular goal,1-1,Matias Vina,38,0
https://www.xscores.com/soccer/match/tottenham-vs-bournemouth/15-04-2023/1206150,Tottenham,Bournemouth,2023-04-15T15:15:00,Regular goal,1-2,Dominic Solanke,51,0
https://www.xscores.com/soccer/match/tottenham-vs-bournemouth/15-04-2023/1206150,Tottenham,Bournemouth,2023-04-15T15:15:00,Regular goal,2-2,Arnaut Danjuma,88,0
https://www.xscores.com/soccer/match/tottenham-vs-bournemouth/15-04-2023/1206150,Tottenham,Bournemouth,2023-04-15T15:15:00,Regular goal,2-3,Dango Ouattara,90,5
https://www.xscores.com/soccer/match/manchester-city-vs-leicester/15-04-2023/1206131,Manchester City,Leicester,2023-04-15T17:30:00,Regular goal,1-0,John Stones,5,0
https://www.xscores.com/soccer/match/manchester-city-vs-leicester/15-04-2023/1206131,Manchester City,Leicester,2023-04-15T17:30:00,Penalty,2-0,Erling Haaland,13,0
https://www.xscores.com/soccer/match/manchester-city-vs-leicester/15-04-2023/1206131,Manchester City,Leicester,2023-04-15T17:30:00,Regular goal,3-0,Erling Haaland,25,0
https://www.xscores.com/soccer/match/manchester-city-vs-leicester/15-04-2023/1206131,Manchester City,Leicester,2023-04-15T17:30:00,Regular goal,3-1,Kelechi Iheanacho,75,0
https://www.xscores.com/soccer/match/west-ham-vs-arsenal/16-04-2023/1206151,West Ham,Arsenal,2023-04-16T14:00:00,Regular goal,0-1,Gabriel Jesus,7,0
https://www.xscores.com/soccer/match/west-ham-vs-arsenal/16-04-2023/1206151,West Ham,Arsenal,2023-04-16T14:00:00,Regular goal,0-2,Martin Oedegaard,10,0
https://www.xscores.com/soccer/match/west-ham-vs-arsenal/16-04-2023/1206151,West Ham,Arsenal,2023-04-16T14:00:00,Penalty,1-2,Said Benrahma,33,0
https://www.xscores.com/soccer/match/west-ham-vs-arsenal/16-04-2023/1206151,West Ham,Arsenal,2023-04-16T14:00:00,Regular goal,2-2,Jarrod Bowen,54,0
https://www.xscores.com/soccer/match/nottingham-forest-vs-manchester-united/16-04-2023/1206130,Nottingham Forest,Manchester United,2023-04-16T16:30:00,Regular goal,0-1,Antony,32,0
https://www.xscores.com/soccer/match/nottingham-forest-vs-manchester-united/16-04-2023/1206130,Nottingham Forest,Manchester United,2023-04-16T16:30:00,Regular goal,0-2,Diogo Dalot,76,0
https://www.xscores.com/soccer/match/leeds-vs-liverpool/17-04-2023/1206132,Leeds,Liverpool,2023-04-17T20:00:00,Regular goal,0-1,Cody Gakpo,35,0
https://www.xscores.com/soccer/match/leeds-vs-liverpool/17-04-2023/1206132,Leeds,Liverpool,2023-04-17T20:00:00,Regular goal,0-2,Mohamed Salah,39,0
https://www.xscores.com/soccer/match/leeds-vs-liverpool/17-04-2023/1206132,Leeds,Liverpool,2023-04-17T20:00:00,Regular goal,1-2,Luis Sinisterra,47,0
https://www.xscores.com/soccer/match/leeds-vs-liverpool/17-04-2023/1206132,Leeds,Liverpool,2023-04-17T20:00:00,Regular goal,1-3,Diogo Jota,52,0
https://www.xscores.com/soccer/match/leeds-vs-liverpool/17-04-2023/1206132,Leeds,Liverpool,2023-04-17T20:00:00,Regular goal,1-4,Mohamed Salah,64,0
https://www.xscores.com/soccer/match/leeds-vs-liverpool/17-04-2023/1206132,Leeds,Liverpool,2023-04-17T20:00:00,Regular goal,1-5,Diogo Jota,73,0
https://www.xscores.com/soccer/match/leeds-vs-liverpool/17-04-2023/1206132,Leeds,Liverpool,2023-04-17T20:00:00,Regular goal,1-6,Darwin Nunez,90,0
https://www.xscores.com/soccer/match/arsenal-vs-southampton/21-04-2023/1206153,Arsenal,Southampton,2023-04-21T20:00:00,Regular goal,0-1,Carlos Alcaraz,1,0
https://www.xscores.com/soccer/match/arsenal-vs-southampton/21-04-2023/1206153,Arsenal,Southampton,2023-04-21T20:00:00,Regular goal,0-2,Theo Walcott,14,0
https://www.xscores.com/soccer/match/arsenal-vs-southampton/21-04-2023/1206153,Arsenal,Southampton,2023-04-21T20:00:00,Regular goal,1-2,Gabriel Martinelli,20,0
https://www.xscores.com/soccer/match/arsenal-vs-southampton/21-04-2023/1206153,Arsenal,Southampton,2023-04-21T20:00:00,Regular goal,1-3,Duje Caleta-Car,66,0
https://www.xscores.com/soccer/match/arsenal-vs-southampton/21-04-2023/1206153,Arsenal,Southampton,2023-04-21T20:00:00,Regular goal,2-3,Martin Oedegaard,88,0
https://www.xscores.com/soccer/match/arsenal-vs-southampton/21-04-2023/1206153,Arsenal,Southampton,2023-04-21T20:00:00,Regular goal,3-3,Bukayo Saka,90,0
https://www.xscores.com/soccer/match/fulham-vs-leeds/22-04-2023/1206142,Fulham,Leeds,2023-04-22T12:30:00,Regular goal,1-0,Harry Wilson,58,0
https://www.xscores.com/soccer/match/fulham-vs-leeds/22-04-2023/1206142,Fulham,Leeds,2023-04-22T12:30:00,Regular goal,2-0,Andreas Pereira,72,0
https://www.xscores.com/soccer/match/fulham-vs-leeds/22-04-2023/1206142,Fulham,Leeds,2023-04-22T12:30:00,Own goal,2-1,Joao Palhinha,79,0
https://www.xscores.com/soccer/match/brentford-vs-aston-villa/22-04-2023/1206147,Brentford,Aston Villa,2023-04-22T15:00:00,Regular goal,1-0,Ivan Toney,65,0
https://www.xscores.com/soccer/match/brentford-vs-aston-villa/22-04-2023/1206147,Brentford,Aston Villa,2023-04-22T15:00:00,Regular goal,1-1,Douglas Luiz,87,0
https://www.xscores.com/soccer/match/leicester-vs-wolverhampton/22-04-2023/1206143,Leicester,Wolverhampton,2023-04-22T15:00:00,Regular goal,0-1,Matheus Cunha,13,0
https://www.xscores.com/soccer/match/leicester-vs-wolverhampton/22-04-2023/1206143,Leicester,Wolverhampton,2023-04-22T15:00:00,Penalty,1-1,Kelechi Iheanacho,37,0
https://www.xscores.com/soccer/match/leicester-vs-wolverhampton/22-04-2023/1206143,Leicester,Wolverhampton,2023-04-22T15:00:00,Regular goal,2-1,Timothy Castagne,75,0
https://www.xscores.com/soccer/match/liverpool-vs-nottingham-forest/22-04-2023/1206144,Liverpool,Nottingham Forest,2023-04-22T15:00:00,Regular goal,1-0,Diogo Jota,47,0
https://www.xscores.com/soccer/match/liverpool-vs-nottingham-forest/22-04-2023/1206144,Liverpool,Nottingham Forest,2023-04-22T15:00:00,Regular goal,1-1,Neco Williams,51,0
https://www.xscores.com/soccer/match/liverpool-vs-nottingham-forest/22-04-2023/1206144,Liverpool,Nottingham Forest,2023-04-22T15:00:00,Regular goal,2-1,Diogo Jota,55,0
https://www.xscores.com/soccer/match/liverpool-vs-nottingham-forest/22-04-2023/1206144,Liverpool,Nottingham Forest,2023-04-22T15:00:00,Regular goal,2-2,Morgan Gibbs-White,67,0
https://www.xscores.com/soccer/match/liverpool-vs-nottingham-forest/22-04-2023/1206144,Liverpool,Nottingham Forest,2023-04-22T15:00:00,Regular goal,3-2,Mohamed Salah,70,0
https://www.xscores.com/soccer/match/bournemouth-vs-west-ham/23-04-2023/1206148,Bournemouth,West Ham,2023-04-23T14:00:00,Regular goal,0-1,Michail Antonio,5,0
https://www.xscores.com/soccer/match/bournemouth-vs-west-ham/23-04-2023/1206148,Bournemouth,West Ham,2023-04-23T14:00:00,Regular goal,0-2,Lucas Paqueta,12,0
https://www.xscores.com/soccer/match/bournemouth-vs-west-ham/23-04-2023/1206148,Bournemouth,West Ham,2023-04-23T14:00:00,Regular goal,0-3,Declan Rice,43,0
https://www.xscores.com/soccer/match/bournemouth-vs-west-ham/23-04-2023/1206148,Bournemouth,West Ham,2023-04-23T14:00:00,Regular goal,0-4,Pablo Fornals,72,0
https://www.xscores.com/soccer/match/newcastle-vs-tottenham/23-04-2023/1206163,Newcastle,Tottenham,2023-04-23T14:00:00,Regular goal,1-0,Jacob Murphy,2,0
https://www.xscores.com/soccer/match/newcastle-vs-tottenham/23-04-2023/1206163,Newcastle,Tottenham,2023-04-23T14:00:00,Regular goal,2-0,Joelinton,6,0
https://www.xscores.com/soccer/match/newcastle-vs-tottenham/23-04-2023/1206163,Newcastle,Tottenham,2023-04-23T14:00:00,Regular goal,3-0,Jacob Murphy,9,0
https://www.xscores.com/soccer/match/newcastle-vs-tottenham/23-04-2023/1206163,Newcastle,Tottenham,2023-04-23T14:00:00,Regular goal,4-0,Alexander Isak,19,0
https://www.xscores.com/soccer/match/newcastle-vs-tottenham/23-04-2023/1206163,Newcastle,Tottenham,2023-04-23T14:00:00,Regular goal,5-0,Alexander Isak,21,0
https://www.xscores.com/soccer/match/newcastle-vs-tottenham/23-04-2023/1206163,Newcastle,Tottenham,2023-04-23T14:00:00,Regular goal,5-1,Harry Kane,49,0
https://www.xscores.com/soccer/match/newcastle-vs-tottenham/23-04-2023/1206163,Newcastle,Tottenham,2023-04-23T14:00:00,Regular goal,6-1,Callum Wilson,67,0
https://www.xscores.com/soccer/match/brighton-vs-manchester-city/24-05-2023/1206146,Brighton,Manchester City,2023-05-24T20:00:00,Regular goal,0-1,Phil Foden,25,0
https://www.xscores.com/soccer/match/brighton-vs-manchester-city/24-05-2023/1206146,Brighton,Manchester City,2023-05-24T20:00:00,Regular goal,1-1,Julio Enciso,38,0
https://www.xscores.com/soccer/match/manchester-united-vs-chelsea/25-05-2023/1206145,Manchester United,Chelsea,2023-05-25T20:00:00,Regular goal,1-0,Casemiro,6,0
https://www.xscores.com/soccer/match/manchester-united-vs-chelsea/25-05-2023/1206145,Manchester United,Chelsea,2023-05-25T20:00:00,Regular goal,2-0,Anthony Martial,45,5
https://www.xscores.com/soccer/match/manchester-united-vs-chelsea/25-05-2023/1206145,Manchester United,Chelsea,2023-05-25T20:00:00,Penalty,3-0,Bruno Fernandes,73,0
https://www.xscores.com/soccer/match/manchester-united-vs-chelsea/25-05-2023/1206145,Manchester United,Chelsea,2023-05-25T20:00:00,Regular goal,4-0,Marcus Rashford,78,0
https://www.xscores.com/soccer/match/manchester-united-vs-chelsea/25-05-2023/1206145,Manchester United,Chelsea,2023-05-25T20:00:00,Regular goal,4-1,Joao Felix,89,0
https://www.xscores.com/soccer/match/wolverhampton-vs-crystal-palace/25-04-2023/1206157,Wolverhampton,Crystal Palace,2023-04-25T19:30:00,Own goal,1-0,Joachim Andersen,3,0
https://www.xscores.com/soccer/match/wolverhampton-vs-crystal-palace/25-04-2023/1206157,Wolverhampton,Crystal Palace,2023-04-25T19:30:00,Penalty,2-0,Ruben Neves,90,4
https://www.xscores.com/soccer/match/aston-villa-vs-fulham/25-04-2023/1206156,Aston Villa,Fulham,2023-04-25T19:45:00,Regular goal,1-0,Tyrone Mings,21,0
https://www.xscores.com/soccer/match/leeds-vs-leicester/25-04-2023/1206161,Leeds,Leicester,2023-04-25T20:00:00,Regular goal,1-0,Luis Sinisterra,20,0
https://www.xscores.com/soccer/match/leeds-vs-leicester/25-04-2023/1206161,Leeds,Leicester,2023-04-25T20:00:00,Regular goal,1-1,Jamie Vardy,80,0
https://www.xscores.com/soccer/match/nottingham-forest-vs-brighton/26-04-2023/1206160,Nottingham Forest,Brighton,2023-04-26T19:30:00,Regular goal,0-1,Facundo Buonanotte,38,0
https://www.xscores.com/soccer/match/nottingham-forest-vs-brighton/26-04-2023/1206160,Nottingham Forest,Brighton,2023-04-26T19:30:00,Own goal,1-1,Pascal Gross,45,3
https://www.xscores.com/soccer/match/nottingham-forest-vs-brighton/26-04-2023/1206160,Nottingham Forest,Brighton,2023-04-26T19:30:00,Regular goal,2-1,Danilo,68,0
https://www.xscores.com/soccer/match/nottingham-forest-vs-brighton/26-04-2023/1206160,Nottingham Forest,Brighton,2023-04-26T19:30:00,Penalty,3-1,Morgan Gibbs-White,90,1
https://www.xscores.com/soccer/match/chelsea-vs-brentford/26-04-2023/1206155,Chelsea,Brentford,2023-04-26T19:45:00,Own goal,0-1,Cesar Azpilicueta,37,0
https://www.xscores.com/soccer/match/chelsea-vs-brentford/26-04-2023/1206155,Chelsea,Brentford,2023-04-26T19:45:00,Regular goal,0-2,Bryan Mbeumo,78,0
https://www.xscores.com/soccer/match/west-ham-vs-liverpool/26-04-2023/1206158,West Ham,Liverpool,2023-04-26T19:45:00,Regular goal,1-0,Lucas Paqueta,12,0
https://www.xscores.com/soccer/match/west-ham-vs-liverpool/26-04-2023/1206158,West Ham,Liverpool,2023-04-26T19:45:00,Regular goal,1-1,Cody Gakpo,18,0
https://www.xscores.com/soccer/match/west-ham-vs-liverpool/26-04-2023/1206158,West Ham,Liverpool,2023-04-26T19:45:00,Regular goal,1-2,Joel Matip,67,0
https://www.xscores.com/soccer/match/manchester-city-vs-arsenal/26-04-2023/1206164,Manchester City,Arsenal,2023-04-26T20:00:00,Regular goal,1-0,Kevin De Bruyne,7,0
https://www.xscores.com/soccer/match/manchester-city-vs-arsenal/26-04-2023/1206164,Manchester City,Arsenal,2023-04-26T20:00:00,Regular goal,2-0,John Stones,45,1
https://www.xscores.com/soccer/match/manchester-city-vs-arsenal/26-04-2023/1206164,Manchester City,Arsenal,2023-04-26T20:00:00,Regular goal,3-0,Kevin De Bruyne,54,0
https://www.xscores.com/soccer/match/manchester-city-vs-arsenal/26-04-2023/1206164,Manchester City,Arsenal,2023-04-26T20:00:00,Regular goal,3-1,Rob Holding,86,0
https://www.xscores.com/soccer/match/manchester-city-vs-arsenal/26-04-2023/1206164,Manchester City,Arsenal,2023-04-26T20:00:00,Regular goal,4-1,Erling Haaland,90,5
https://www.xscores.com/soccer/match/everton-vs-newcastle/27-04-2023/1206162,Everton,Newcastle,2023-04-27T19:45:00,Regular goal,0-1,Callum Wilson,28,0
https://www.xscores.com/soccer/match/everton-vs-newcastle/27-04-2023/1206162,Everton,Newcastle,2023-04-27T19:45:00,Regular goal,0-2,Joelinton,72,0
https://www.xscores.com/soccer/match/everton-vs-newcastle/27-04-2023/1206162,Everton,Newcastle,2023-04-27T19:45:00,Regular goal,0-3,Callum Wilson,75,0
https://www.xscores.com/soccer/match/everton-vs-newcastle/27-04-2023/1206162,Everton,Newcastle,2023-04-27T19:45:00,Regular goal,1-3,Dwight McNeil,80,0
https://www.xscores.com/soccer/match/everton-vs-newcastle/27-04-2023/1206162,Everton,Newcastle,2023-04-27T19:45:00,Regular goal,1-4,Jacob Murphy,81,0
https://www.xscores.com/soccer/match/southampton-vs-bournemouth/27-04-2023/1206154,Southampton,Bournemouth,2023-04-27T19:45:00,Regular goal,0-1,Marcus Tavernier,50,0
https://www.xscores.com/soccer/match/tottenham-vs-manchester-united/27-04-2023/1206159,Tottenham,Manchester United,2023-04-27T20:15:00,Regular goal,0-1,Jadon Sancho,7,0
https://www.xscores.com/soccer/match/tottenham-vs-manchester-united/27-04-2023/1206159,Tottenham,Manchester United,2023-04-27T20:15:00,Regular goal,0-2,Marcus Rashford,44,0
https://www.xscores.com/soccer/match/tottenham-vs-manchester-united/27-04-2023/1206159,Tottenham,Manchester United,2023-04-27T20:15:00,Regular goal,1-2,Pedro Porro,56,0
https://www.xscores.com/soccer/match/tottenham-vs-manchester-united/27-04-2023/1206159,Tottenham,Manchester United,2023-04-27T20:15:00,Regular goal,2-2,Heung-Min Son,79,0
https://www.xscores.com/soccer/match/crystal-palace-vs-west-ham/29-04-2023/1206166,Crystal Palace,West Ham,2023-04-29T12:45:00,Regular goal,0-1,Tomas Soucek,9,0
https://www.xscores.com/soccer/match/crystal-palace-vs-west-ham/29-04-2023/1206166,Crystal Palace,West Ham,2023-04-29T12:45:00,Regular goal,1-1,Jordan Ayew,15,0
https://www.xscores.com/soccer/match/crystal-palace-vs-west-ham/29-04-2023/1206166,Crystal Palace,West Ham,2023-04-29T12:45:00,Regular goal,2-1,Wilfried Zaha,20,0
https://www.xscores.com/soccer/match/crystal-palace-vs-west-ham/29-04-2023/1206166,Crystal Palace,West Ham,2023-04-29T12:45:00,Regular goal,3-1,Jeffrey Schlupp,30,0
https://www.xscores.com/soccer/match/crystal-palace-vs-west-ham/29-04-2023/1206166,Crystal Palace,West Ham,2023-04-29T12:45:00,Regular goal,3-2,Michail Antonio,35,0
https://www.xscores.com/soccer/match/crystal-palace-vs-west-ham/29-04-2023/1206166,Crystal Palace,West Ham,2023-04-29T12:45:00,Penalty,4-2,Eberechi Eze,66,0
https://www.xscores.com/soccer/match/crystal-palace-vs-west-ham/29-04-2023/1206166,Crystal Palace,West Ham,2023-04-29T12:45:00,Regular goal,4-3,Naif Aguerd,72,0
https://www.xscores.com/soccer/match/brentford-vs-nottingham-forest/29-04-2023/1206168,Brentford,Nottingham Forest,2023-04-29T15:00:00,Regular goal,0-1,Danilo,45,1
https://www.xscores.com/soccer/match/brentford-vs-nottingham-forest/29-04-2023/1206168,Brentford,Nottingham Forest,2023-04-29T15:00:00,Regular goal,1-1,Ivan Toney,82,0
https://www.xscores.com/soccer/match/brentford-vs-nottingham-forest/29-04-2023/1206168,Brentford,Nottingham Forest,2023-04-29T15:00:00,Regular goal,2-1,Joshua Dasilva,90,4
https://www.xscores.com/soccer/match/brighton-vs-wolverhampton/29-04-2023/1206167,Brighton,Wolverhampton,2023-04-29T15:00:00,Regular goal,1-0,Deniz Undav,6,0
https://www.xscores.com/soccer/match/brighton-vs-wolverhampton/29-04-2023/1206167,Brighton,Wolverhampton,2023-04-29T15:00:00,Regular goal,2-0,Pascal Gross,13,0
https://www.xscores.com/soccer/match/brighton-vs-wolverhampton/29-04-2023/1206167,Brighton,Wolverhampton,2023-04-29T15:00:00,Regular goal,3-0,Pascal Gross,26,0
https://www.xscores.com/soccer/match/brighton-vs-wolverhampton/29-04-2023/1206167,Brighton,Wolverhampton,2023-04-29T15:00:00,Regular goal,4-0,Danny Welbeck,39,0
https://www.xscores.com/soccer/match/brighton-vs-wolverhampton/29-04-2023/1206167,Brighton,Wolverhampton,2023-04-29T15:00:00,Regular goal,5-0,Danny Welbeck,48,0
https://www.xscores.com/soccer/match/brighton-vs-wolverhampton/29-04-2023/1206167,Brighton,Wolverhampton,2023-04-29T15:00:00,Regular goal,6-0,Deniz Undav,66,0
https://www.xscores.com/soccer/match/bournemouth-vs-leeds/30-04-2023/1206169,Bournemouth,Leeds,2023-04-30T14:00:00,Regular goal,1-0,Jefferson Lerma,20,0
https://www.xscores.com/soccer/match/bournemouth-vs-leeds/30-04-2023/1206169,Bournemouth,Leeds,2023-04-30T14:00:00,Regular goal,2-0,Jefferson Lerma,24,0
https://www.xscores.com/soccer/match/bournemouth-vs-leeds/30-04-2023/1206169,Bournemouth,Leeds,2023-04-30T14:00:00,Regular goal,2-1,Patrick Bamford,32,0
https://www.xscores.com/soccer/match/bournemouth-vs-leeds/30-04-2023/1206169,Bournemouth,Leeds,2023-04-30T14:00:00,Regular goal,3-1,Dominic Solanke,63,0
https://www.xscores.com/soccer/match/bournemouth-vs-leeds/30-04-2023/1206169,Bournemouth,Leeds,2023-04-30T14:00:00,Regular goal,4-1,Antoine Semenyo,90,1
https://www.xscores.com/soccer/match/fulham-vs-manchester-city/30-04-2023/1206165,Fulham,Manchester City,2023-04-30T14:00:00,Penalty,0-1,Erling Haaland,3,0
https://www.xscores.com/soccer/match/fulham-vs-manchester-city/30-04-2023/1206165,Fulham,Manchester City,2023-04-30T14:00:00,Regular goal,1-1,Vinicius,15,0
https://www.xscores.com/soccer/match/fulham-vs-manchester-city/30-04-2023/1206165,Fulham,Manchester City,2023-04-30T14:00:00,Regular goal,1-2,Julian Alvarez,36,0
https://www.xscores.com/soccer/match/manchester-united-vs-aston-villa/30-04-2023/1206184,Manchester United,Aston Villa,2023-04-30T14:00:00,Regular goal,1-0,Bruno Fernandes,39,0
https://www.xscores.com/soccer/match/newcastle-vs-southampton/30-04-2023/1206185,Newcastle,Southampton,2023-04-30T14:00:00,Regular goal,0-1,Stuart Armstrong,41,0
https://www.xscores.com/soccer/match/newcastle-vs-southampton/30-04-2023/1206185,Newcastle,Southampton,2023-04-30T14:00:00,Regular goal,1-1,Callum Wilson,54,0
https://www.xscores.com/soccer/match/newcastle-vs-southampton/30-04-2023/1206185,Newcastle,Southampton,2023-04-30T14:00:00,Own goal,2-1,Theo Walcott,79,0
https://www.xscores.com/soccer/match/newcastle-vs-southampton/30-04-2023/1206185,Newcastle,Southampton,2023-04-30T14:00:00,Regular goal,3-1,Callum Wilson,81,0
https://www.xscores.com/soccer/match/liverpool-vs-tottenham/30-04-2023/1206183,Liverpool,Tottenham,2023-04-30T16:30:00,Regular goal,1-0,Curtis Jones,3,0
https://www.xscores.com/soccer/match/liverpool-vs-tottenham/30-04-2023/1206183,Liverpool,Tottenham,2023-04-30T16:30:00,Regular goal,2-0,Luis Diaz,5,0
https://www.xscores.com/soccer/match/liverpool-vs-tottenham/30-04-2023/1206183,Liverpool,Tottenham,2023-04-30T16:30:00,Penalty,3-0,Mohamed Salah,15,0
https://www.xscores.com/soccer/match/liverpool-vs-tottenham/30-04-2023/1206183,Liverpool,Tottenham,2023-04-30T16:30:00,Regular goal,3-1,Harry Kane,40,0
https://www.xscores.com/soccer/match/liverpool-vs-tottenham/30-04-2023/1206183,Liverpool,Tottenham,2023-04-30T16:30:00,Regular goal,3-2,Heung-Min Son,77,0
https://www.xscores.com/soccer/match/liverpool-vs-tottenham/30-04-2023/1206183,Liverpool,Tottenham,2023-04-30T16:30:00,Regular goal,3-3,Richarlison,90,3
https://www.xscores.com/soccer/match/liverpool-vs-tottenham/30-04-2023/1206183,Liverpool,Tottenham,2023-04-30T16:30:00,Regular goal,4-3,Diogo Jota,90,4
https://www.xscores.com/soccer/match/leicester-vs-everton/01-05-2023/1206182,Leicester,Everton,2023-05-01T20:00:00,Penalty,0-1,Dominic Calvert-Lewin,15,0
https://www.xscores.com/soccer/match/leicester-vs-everton/01-05-2023/1206182,Leicester,Everton,2023-05-01T20:00:00,Regular goal,1-1,Caglar Soyuncu,22,0
https://www.xscores.com/soccer/match/leicester-vs-everton/01-05-2023/1206182,Leicester,Everton,2023-05-01T20:00:00,Regular goal,2-1,Jamie Vardy,33,0
https://www.xscores.com/soccer/match/leicester-vs-everton/01-05-2023/1206182,Leicester,Everton,2023-05-01T20:00:00,Regular goal,2-2,Alex Iwobi,54,0
https://www.xscores.com/soccer/match/arsenal-vs-chelsea/02-05-2023/1206170,Arsenal,Chelsea,2023-05-02T20:00:00,Regular goal,1-0,Martin Oedegaard,18,0
https://www.xscores.com/soccer/match/arsenal-vs-chelsea/02-05-2023/1206170,Arsenal,Chelsea,2023-05-02T20:00:00,Regular goal,2-0,Martin Oedegaard,31,0
https://www.xscores.com/soccer/match/arsenal-vs-chelsea/02-05-2023/1206170,Arsenal,Chelsea,2023-05-02T20:00:00,Regular goal,3-0,Gabriel Jesus,34,0
https://www.xscores.com/soccer/match/arsenal-vs-chelsea/02-05-2023/1206170,Arsenal,Chelsea,2023-05-02T20:00:00,Regular goal,3-1,Noni Madueke,65,0
https://www.xscores.com/soccer/match/bournemouth-vs-chelsea/06-05-2023/1206186,Bournemouth,Chelsea,2023-05-06T15:00:00,Regular goal,0-1,Conor Gallagher,9,0
https://www.xscores.com/soccer/match/bournemouth-vs-chelsea/06-05-2023/1206186,Bournemouth,Chelsea,2023-05-06T15:00:00,Regular goal,1-1,Matias Vina,21,0
https://www.xscores.com/soccer/match/bournemouth-vs-chelsea/06-05-2023/1206186,Bournemouth,Chelsea,2023-05-06T15:00:00,Regular goal,1-2,Benoit Badiashile,82,0
https://www.xscores.com/soccer/match/bournemouth-vs-chelsea/06-05-2023/1206186,Bournemouth,Chelsea,2023-05-06T15:00:00,Regular goal,1-3,Joao Felix,86,0
https://www.xscores.com/soccer/match/manchester-city-vs-leeds/06-05-2023/1206181,Manchester City,Leeds,2023-05-06T15:00:00,Regular goal,1-0,Ilkay Gundogan,19,0
https://www.xscores.com/soccer/match/manchester-city-vs-leeds/06-05-2023/1206181,Manchester City,Leeds,2023-05-06T15:00:00,Regular goal,2-0,Ilkay Gundogan,27,0
https://www.xscores.com/soccer/match/manchester-city-vs-leeds/06-05-2023/1206181,Manchester City,Leeds,2023-05-06T15:00:00,Regular goal,2-1,Rodrigo,85,0
https://www.xscores.com/soccer/match/tottenham-vs-crystal-palace/06-05-2023/1206171,Tottenham,Crystal Palace,2023-05-06T15:00:00,Regular goal,1-0,Harry Kane,45,1
https://www.xscores.com/soccer/match/wolverhampton-vs-aston-villa/06-05-2023/1206191,Wolverhampton,Aston Villa,2023-05-06T15:00:00,Regular goal,1-0,Toti Gomes,9,0
https://www.xscores.com/soccer/match/liverpool-vs-brentford/06-05-2023/1206189,Liverpool,Brentford,2023-05-06T17:30:00,Regular goal,1-0,Mohamed Salah,13,0
https://www.xscores.com/soccer/match/newcastle-vs-arsenal/07-05-2023/1206180,Newcastle,Arsenal,2023-05-07T16:30:00,Regular goal,0-1,Martin Oedegaard,14,0
https://www.xscores.com/soccer/match/newcastle-vs-arsenal/07-05-2023/1206180,Newcastle,Arsenal,2023-05-07T16:30:00,Own goal,0-2,Fabian Schaer,71,0
https://www.xscores.com/soccer/match/west-ham-vs-manchester-united/07-05-2023/1206192,West Ham,Manchester United,2023-05-07T19:00:00,Regular goal,1-0,Said Benrahma,27,0
https://www.xscores.com/soccer/match/fulham-vs-leicester/08-05-2023/1206188,Fulham,Leicester,2023-05-08T15:00:00,Regular goal,1-0,Willian,10,0
https://www.xscores.com/soccer/match/fulham-vs-leicester/08-05-2023/1206188,Fulham,Leicester,2023-05-08T15:00:00,Regular goal,2-0,Vinicius,18,0
https://www.xscores.com/soccer/match/fulham-vs-leicester/08-05-2023/1206188,Fulham,Leicester,2023-05-08T15:00:00,Regular goal,3-0,Tom Cairney,44,0
https://www.xscores.com/soccer/match/fulham-vs-leicester/08-05-2023/1206188,Fulham,Leicester,2023-05-08T15:00:00,Regular goal,4-0,Tom Cairney,51,0
https://www.xscores.com/soccer/match/fulham-vs-leicester/08-05-2023/1206188,Fulham,Leicester,2023-05-08T15:00:00,Regular goal,4-1,Harvey Barnes,59,0
https://www.xscores.com/soccer/match/fulham-vs-leicester/08-05-2023/1206188,Fulham,Leicester,2023-05-08T15:00:00,Regular goal,5-1,Willian,70,0
https://www.xscores.com/soccer/match/fulham-vs-leicester/08-05-2023/1206188,Fulham,Leicester,2023-05-08T15:00:00,Penalty,5-2,James Maddison,81,0
https://www.xscores.com/soccer/match/fulham-vs-leicester/08-05-2023/1206188,Fulham,Leicester,2023-05-08T15:00:00,Regular goal,5-3,Harvey Barnes,89,0
https://www.xscores.com/soccer/match/brighton-vs-everton/08-05-2023/1206187,Brighton,Everton,2023-05-08T17:30:00,Regular goal,0-1,Abdoulaye Doucoure,1,0
https://www.xscores.com/soccer/match/brighton-vs-everton/08-05-2023/1206187,Brighton,Everton,2023-05-08T17:30:00,Regular goal,0-2,Abdoulaye Doucoure,29,0
https://www.xscores.com/soccer/match/brighton-vs-everton/08-05-2023/1206187,Brighton,Everton,2023-05-08T17:30:00,Own goal,0-3,Jason Steele,35,0
https://www.xscores.com/soccer/match/brighton-vs-everton/08-05-2023/1206187,Brighton,Everton,2023-05-08T17:30:00,Regular goal,0-4,Dwight McNeil,76,0
https://www.xscores.com/soccer/match/brighton-vs-everton/08-05-2023/1206187,Brighton,Everton,2023-05-08T17:30:00,Regular goal,1-4,Alexis Mac Allister,79,0
https://www.xscores.com/soccer/match/brighton-vs-everton/08-05-2023/1206187,Brighton,Everton,2023-05-08T17:30:00,Regular goal,1-5,Dwight McNeil,90,6
https://www.xscores.com/soccer/match/nottingham-forest-vs-southampton/08-05-2023/1206179,Nottingham Forest,Southampton,2023-05-08T20:00:00,Regular goal,1-0,Taiwo Awoniyi,18,0
https://www.xscores.com/soccer/match/nottingham-forest-vs-southampton/08-05-2023/1206179,Nottingham Forest,Southampton,2023-05-08T20:00:00,Regular goal,2-0,Taiwo Awoniyi,21,0
https://www.xscores.com/soccer/match/nottingham-forest-vs-southampton/08-05-2023/1206179,Nottingham Forest,Southampton,2023-05-08T20:00:00,Regular goal,2-1,Carlos Alcaraz,25,0
https://www.xscores.com/soccer/match/nottingham-forest-vs-southampton/08-05-2023/1206179,Nottingham Forest,Southampton,2023-05-08T20:00:00,Penalty,3-1,Morgan Gibbs-White,44,0
https://www.xscores.com/soccer/match/nottingham-forest-vs-southampton/08-05-2023/1206179,Nottingham Forest,Southampton,2023-05-08T20:00:00,Regular goal,3-2,Lyanco,51,0
https://www.xscores.com/soccer/match/nottingham-forest-vs-southampton/08-05-2023/1206179,Nottingham Forest,Southampton,2023-05-08T20:00:00,Regular goal,4-2,Danilo,73,0
https://www.xscores.com/soccer/match/nottingham-forest-vs-southampton/08-05-2023/1206179,Nottingham Forest,Southampton,2023-05-08T20:00:00,Penalty,4-3,James Ward-Prowse,90,6
https://www.xscores.com/soccer/match/leeds-vs-newcastle/13-05-2023/1206176,Leeds,Newcastle,2023-05-13T12:30:00,Regular goal,1-0,Luke Ayling,7,0
https://www.xscores.com/soccer/match/leeds-vs-newcastle/13-05-2023/1206176,Leeds,Newcastle,2023-05-13T12:30:00,Penalty,1-1,Callum Wilson,31,0
https://www.xscores.com/soccer/match/leeds-vs-newcastle/13-05-2023/1206176,Leeds,Newcastle,2023-05-13T12:30:00,Penalty,1-2,Callum Wilson,69,0
https://www.xscores.com/soccer/match/leeds-vs-newcastle/13-05-2023/1206176,Leeds,Newcastle,2023-05-13T12:30:00,Regular goal,2-2,Rasmus Nissen,79,0
https://www.xscores.com/soccer/match/aston-villa-vs-tottenham/13-05-2023/1206193,Aston Villa,Tottenham,2023-05-13T15:00:00,Regular goal,1-0,Jacob Ramsey,8,0
https://www.xscores.com/soccer/match/aston-villa-vs-tottenham/13-05-2023/1206193,Aston Villa,Tottenham,2023-05-13T15:00:00,Regular goal,2-0,Douglas Luiz,72,0
https://www.xscores.com/soccer/match/aston-villa-vs-tottenham/13-05-2023/1206193,Aston Villa,Tottenham,2023-05-13T15:00:00,Penalty,2-1,Harry Kane,90,0
https://www.xscores.com/soccer/match/chelsea-vs-nottingham-forest/13-05-2023/1206173,Chelsea,Nottingham Forest,2023-05-13T15:00:00,Regular goal,0-1,Taiwo Awoniyi,13,0
https://www.xscores.com/soccer/match/chelsea-vs-nottingham-forest/13-05-2023/1206173,Chelsea,Nottingham Forest,2023-05-13T15:00:00,Regular goal,1-1,Raheem Sterling,51,0
https://www.xscores.com/soccer/match/chelsea-vs-nottingham-forest/13-05-2023/1206173,Chelsea,Nottingham Forest,2023-05-13T15:00:00,Regular goal,2-1,Raheem Sterling,58,0
https://www.xscores.com/soccer/match/chelsea-vs-nottingham-forest/13-05-2023/1206173,Chelsea,Nottingham Forest,2023-05-13T15:00:00,Regular goal,2-2,Taiwo Awoniyi,62,0
https://www.xscores.com/soccer/match/crystal-palace-vs-bournemouth/13-05-2023/1206174,Crystal Palace,Bournemouth,2023-05-13T15:00:00,Regular goal,1-0,Eberechi Eze,39,0
https://www.xscores.com/soccer/match/crystal-palace-vs-bournemouth/13-05-2023/1206174,Crystal Palace,Bournemouth,2023-05-13T15:00:00,Regular goal,2-0,Eberechi Eze,58,0
https://www.xscores.com/soccer/match/manchester-united-vs-wolverhampton/13-05-2023/1206178,Manchester United,Wolverhampton,2023-05-13T15:00:00,Regular goal,1-0,Anthony Martial,32,0
https://www.xscores.com/soccer/match/manchester-united-vs-wolverhampton/13-05-2023/1206178,Manchester United,Wolverhampton,2023-05-13T15:00:00,Regular goal,2-0,Alejandro Garnacho,90,4
https://www.xscores.com/soccer/match/southampton-vs-fulham/13-05-2023/1206194,Southampton,Fulham,2023-05-13T15:00:00,Regular goal,0-1,Vinicius,48,0
https://www.xscores.com/soccer/match/southampton-vs-fulham/13-05-2023/1206194,Southampton,Fulham,2023-05-13T15:00:00,Regular goal,0-2,Aleksandar Mitrovic,72,0
https://www.xscores.com/soccer/match/brentford-vs-west-ham/14-05-2023/1206172,Brentford,West Ham,2023-05-14T14:00:00,Regular goal,1-0,Bryan Mbeumo,20,0
https://www.xscores.com/soccer/match/brentford-vs-west-ham/14-05-2023/1206172,Brentford,West Ham,2023-05-14T14:00:00,Regular goal,2-0,Yoane Wissa,43,0
https://www.xscores.com/soccer/match/everton-vs-manchester-city/14-05-2023/1206175,Everton,Manchester City,2023-05-14T14:00:00,Regular goal,0-1,Ilkay Gundogan,37,0
https://www.xscores.com/soccer/match/everton-vs-manchester-city/14-05-2023/1206175,Everton,Manchester City,2023-05-14T14:00:00,Regular goal,0-2,Erling Haaland,39,0
https://www.xscores.com/soccer/match/everton-vs-manchester-city/14-05-2023/1206175,Everton,Manchester City,2023-05-14T14:00:00,Regular goal,0-3,Ilkay Gundogan,51,0
https://www.xscores.com/soccer/match/arsenal-vs-brighton/14-05-2023/1206190,Arsenal,Brighton,2023-05-14T16:30:00,Regular goal,0-1,Julio Enciso,51,0
https://www.xscores.com/soccer/match/arsenal-vs-brighton/14-05-2023/1206190,Arsenal,Brighton,2023-05-14T16:30:00,Regular goal,0-2,Deniz Undav,86,0
https://www.xscores.com/soccer/match/arsenal-vs-brighton/14-05-2023/1206190,Arsenal,Brighton,2023-05-14T16:30:00,Regular goal,0-3,Pervis Estupinan,90,6
https://www.xscores.com/soccer/match/leicester-vs-liverpool/15-05-2023/1206177,Leicester,Liverpool,2023-05-15T20:00:00,Regular goal,0-1,Curtis Jones,33,0
https://www.xscores.com/soccer/match/leicester-vs-liverpool/15-05-2023/1206177,Leicester,Liverpool,2023-05-15T20:00:00,Regular goal,0-2,Curtis Jones,36,0
https://www.xscores.com/soccer/match/leicester-vs-liverpool/15-05-2023/1206177,Leicester,Liverpool,2023-05-15T20:00:00,Regular goal,0-3,Trent Alexander-Arnold,71,0
https://www.xscores.com/soccer/match/tottenham-vs-brentford/20-05-2023/1206201,Tottenham,Brentford,2023-05-20T12:30:00,Regular goal,1-0,Harry Kane,8,0
https://www.xscores.com/soccer/match/tottenham-vs-brentford/20-05-2023/1206201,Tottenham,Brentford,2023-05-20T12:30:00,Regular goal,1-1,Bryan Mbeumo,50,0
https://www.xscores.com/soccer/match/tottenham-vs-brentford/20-05-2023/1206201,Tottenham,Brentford,2023-05-20T12:30:00,Regular goal,1-2,Bryan Mbeumo,62,0
https://www.xscores.com/soccer/match/tottenham-vs-brentford/20-05-2023/1206201,Tottenham,Brentford,2023-05-20T12:30:00,Regular goal,1-3,Yoane Wissa,88,0
https://www.xscores.com/soccer/match/bournemouth-vs-manchester-united/20-05-2023/1206195,Bournemouth,Manchester United,2023-05-20T15:00:00,Regular goal,0-1,Casemiro,9,0
https://www.xscores.com/soccer/match/fulham-vs-crystal-palace/20-05-2023/1206197,Fulham,Crystal Palace,2023-05-20T15:00:00,Regular goal,0-1,Odsonne Edouard,34,0
https://www.xscores.com/soccer/match/fulham-vs-crystal-palace/20-05-2023/1206197,Fulham,Crystal Palace,2023-05-20T15:00:00,Penalty,1-1,Aleksandar Mitrovic,45,5
https://www.xscores.com/soccer/match/fulham-vs-crystal-palace/20-05-2023/1206197,Fulham,Crystal Palace,2023-05-20T15:00:00,Regular goal,2-1,Aleksandar Mitrovic,61,0
https://www.xscores.com/soccer/match/fulham-vs-crystal-palace/20-05-2023/1206197,Fulham,Crystal Palace,2023-05-20T15:00:00,Regular goal,2-2,Joel Ward,83,0
https://www.xscores.com/soccer/match/liverpool-vs-aston-villa/20-05-2023/1206205,Liverpool,Aston Villa,2023-05-20T15:00:00,Regular goal,0-1,Jacob Ramsey,27,0
https://www.xscores.com/soccer/match/liverpool-vs-aston-villa/20-05-2023/1206205,Liverpool,Aston Villa,2023-05-20T15:00:00,Regular goal,1-1,Roberto Firmino,89,0
https://www.xscores.com/soccer/match/wolverhampton-vs-everton/20-05-2023/1206199,Wolverhampton,Everton,2023-05-20T15:00:00,Regular goal,1-0,Hee-Chan Hwang,34,0
https://www.xscores.com/soccer/match/wolverhampton-vs-everton/20-05-2023/1206199,Wolverhampton,Everton,2023-05-20T15:00:00,Regular goal,1-1,Yerry Mina,90,9
https://www.xscores.com/soccer/match/nottingham-forest-vs-arsenal/20-05-2023/1206202,Nottingham Forest,Arsenal,2023-05-20T17:30:00,Regular goal,1-0,Taiwo Awoniyi,19,0
https://www.xscores.com/soccer/match/west-ham-vs-leeds/21-05-2023/1206200,West Ham,Leeds,2023-05-21T13:30:00,Regular goal,0-1,Rodrigo,17,0
https://www.xscores.com/soccer/match/west-ham-vs-leeds/21-05-2023/1206200,West Ham,Leeds,2023-05-21T13:30:00,Regular goal,1-1,Declan Rice,31,0
https://www.xscores.com/soccer/match/west-ham-vs-leeds/21-05-2023/1206200,West Ham,Leeds,2023-05-21T13:30:00,Regular goal,2-1,Jarrod Bowen,72,0
https://www.xscores.com/soccer/match/west-ham-vs-leeds/21-05-2023/1206200,West Ham,Leeds,2023-05-21T13:30:00,Regular goal,3-1,Manuel Lanzini,90,4
https://www.xscores.com/soccer/match/brighton-vs-southampton/21-05-2023/1206196,Brighton,Southampton,2023-05-21T14:00:00,Regular goal,1-0,Evan Ferguson,29,0
https://www.xscores.com/soccer/match/brighton-vs-southampton/21-05-2023/1206196,Brighton,Southampton,2023-05-21T14:00:00,Regular goal,2-0,Evan Ferguson,40,0
https://www.xscores.com/soccer/match/brighton-vs-southampton/21-05-2023/1206196,Brighton,Southampton,2023-05-21T14:00:00,Regular goal,2-1,Mohamed Elyounoussi,58,0
https://www.xscores.com/soccer/match/brighton-vs-southampton/21-05-2023/1206196,Brighton,Southampton,2023-05-21T14:00:00,Regular goal,3-1,Pascal Gross,69,0
https://www.xscores.com/soccer/match/manchester-city-vs-chelsea/21-05-2023/1206204,Manchester City,Chelsea,2023-05-21T16:00:00,Regular goal,1-0,Julian Alvarez,12,0
https://www.xscores.com/soccer/match/arsenal-vs-wolverhampton/28-05-2023/1206198,Arsenal,Wolverhampton,2023-05-28T16:30:00,Regular goal,1-0,Granit Xhaka,11,0
https://www.xscores.com/soccer/match/arsenal-vs-wolverhampton/28-05-2023/1206198,Arsenal,Wolverhampton,2023-05-28T16:30:00,Regular goal,2-0,Granit Xhaka,14,0
https://www.xscores.com/soccer/match/arsenal-vs-wolverhampton/28-05-2023/1206198,Arsenal,Wolverhampton,2023-05-28T16:30:00,Regular goal,3-0,Bukayo Saka,27,0
https://www.xscores.com/soccer/match/arsenal-vs-wolverhampton/28-05-2023/1206198,Arsenal,Wolverhampton,2023-05-28T16:30:00,Regular goal,4-0,Gabriel Jesus,58,0
https://www.xscores.com/soccer/match/arsenal-vs-wolverhampton/28-05-2023/1206198,Arsenal,Wolverhampton,2023-05-28T16:30:00,Regular goal,5-0,Jakub Kiwior,78,0
https://www.xscores.com/soccer/match/aston-villa-vs-brighton/28-05-2023/1206213,Aston Villa,Brighton,2023-05-28T16:30:00,Regular goal,1-0,Douglas Luiz,8,0
https://www.xscores.com/soccer/match/aston-villa-vs-brighton/28-05-2023/1206213,Aston Villa,Brighton,2023-05-28T16:30:00,Regular goal,2-0,Ollie Watkins,26,0
https://www.xscores.com/soccer/match/aston-villa-vs-brighton/28-05-2023/1206213,Aston Villa,Brighton,2023-05-28T16:30:00,Regular goal,2-1,Deniz Undav,38,0
https://www.xscores.com/soccer/match/brentford-vs-manchester-city/28-05-2023/1206212,Brentford,Manchester City,2023-05-28T16:30:00,Regular goal,1-0,Ethan Pinnock,85,0
https://www.xscores.com/soccer/match/chelsea-vs-newcastle/28-05-2023/1206211,Chelsea,Newcastle,2023-05-28T16:30:00,Regular goal,0-1,Anthony Gordon,9,0
https://www.xscores.com/soccer/match/chelsea-vs-newcastle/28-05-2023/1206211,Chelsea,Newcastle,2023-05-28T16:30:00,Own goal,1-1,Kieran Trippier,27,0
https://www.xscores.com/soccer/match/crystal-palace-vs-nottingham-forest/28-05-2023/1206210,Crystal Palace,Nottingham Forest,2023-05-28T16:30:00,Regular goal,0-1,Taiwo Awoniyi,31,0
https://www.xscores.com/soccer/match/crystal-palace-vs-nottingham-forest/28-05-2023/1206210,Crystal Palace,Nottingham Forest,2023-05-28T16:30:00,Regular goal,1-1,Will Hughes,66,0
https://www.xscores.com/soccer/match/everton-vs-bournemouth/28-05-2023/1206209,Everton,Bournemouth,2023-05-28T16:30:00,Regular goal,1-0,Abdoulaye Doucoure,57,0
https://www.xscores.com/soccer/match/leeds-vs-tottenham/28-05-2023/1206208,Leeds,Tottenham,2023-05-28T16:30:00,Regular goal,0-1,Harry Kane,2,0
https://www.xscores.com/soccer/match/leeds-vs-tottenham/28-05-2023/1206208,Leeds,Tottenham,2023-05-28T16:30:00,Regular goal,0-2,Pedro Porro,47,0
https://www.xscores.com/soccer/match/leeds-vs-tottenham/28-05-2023/1206208,Leeds,Tottenham,2023-05-28T16:30:00,Regular goal,1-2,Jack Harrison,67,0
https://www.xscores.com/soccer/match/leeds-vs-tottenham/28-05-2023/1206208,Leeds,Tottenham,2023-05-28T16:30:00,Regular goal,1-3,Harry Kane,69,0
https://www.xscores.com/soccer/match/leeds-vs-tottenham/28-05-2023/1206208,Leeds,Tottenham,2023-05-28T16:30:00,Regular goal,1-4,Lucas Moura,90,5
https://www.xscores.com/soccer/match/leicester-vs-west-ham/28-05-2023/1206207,Leicester,West Ham,2023-05-28T16:30:00,Regular goal,1-0,Harvey Barnes,34,0
https://www.xscores.com/soccer/match/leicester-vs-west-ham/28-05-2023/1206207,Leicester,West Ham,2023-05-28T16:30:00,Regular goal,2-0,Wout Faes,62,0
https://www.xscores.com/soccer/match/leicester-vs-west-ham/28-05-2023/1206207,Leicester,West Ham,2023-05-28T16:30:00,Regular goal,2-1,Pablo Fornals,79,0
https://www.xscores.com/soccer/match/manchester-united-vs-fulham/28-05-2023/1206206,Manchester United,Fulham,2023-05-28T16:30:00,Regular goal,0-1,Kenny Tete,19,0
https://www.xscores.com/soccer/match/manchester-united-vs-fulham/28-05-2023/1206206,Manchester United,Fulham,2023-05-28T16:30:00,Regular goal,1-1,Jadon Sancho,39,0
https://www.xscores.com/soccer/match/manchester-united-vs-fulham/28-05-2023/1206206,Manchester United,Fulham,2023-05-28T16:30:00,Regular goal,2-1,Bruno Fernandes,55,0
https://www.xscores.com/soccer/match/southampton-vs-liverpool/28-05-2023/1206214,Southampton,Liverpool,2023-05-28T16:30:00,Regular goal,0-1,Diogo Jota,10,0
https://www.xscores.com/soccer/match/southampton-vs-liverpool/28-05-2023/1206214,Southampton,Liverpool,2023-05-28T16:30:00,Regular goal,0-2,Roberto Firmino,14,0
https://www.xscores.com/soccer/match/southampton-vs-liverpool/28-05-2023/1206214,Southampton,Liverpool,2023-05-28T16:30:00,Regular goal,1-2,James Ward-Prowse,19,0
https://www.xscores.com/soccer/match/southampton-vs-liverpool/28-05-2023/1206214,Southampton,Liverpool,2023-05-28T16:30:00,Regular goal,2-2,Kamaldeen Sulemana,28,0
https://www.xscores.com/soccer/match/southampton-vs-liverpool/28-05-2023/1206214,Southampton,Liverpool,2023-05-28T16:30:00,Regular goal,3-2,Kamaldeen Sulemana,47,0
https://www.xscores.com/soccer/match/southampton-vs-liverpool/28-05-2023/1206214,Southampton,Liverpool,2023-05-28T16:30:00,Regular goal,4-2,Adam Armstrong,64,0
https://www.xscores.com/soccer/match/southampton-vs-liverpool/28-05-2023/1206214,Southampton,Liverpool,2023-05-28T16:30:00,Regular goal,4-3,Cody Gakpo,72,0
https://www.xscores.com/soccer/match/southampton-vs-liverpool/28-05-2023/1206214,Southampton,Liverpool,2023-05-28T16:30:00,Regular goal,4-4,Diogo Jota,73,0
